-- phpMyAdmin SQL Dump
-- version 4.8.4
-- https://www.phpmyadmin.net/
--
-- Host: 127.0.0.1:3306
-- Generation Time: Jul 17, 2020 at 09:07 PM
-- Server version: 5.7.24
-- PHP Version: 7.2.14

SET SQL_MODE = "NO_AUTO_VALUE_ON_ZERO";
SET AUTOCOMMIT = 0;
START TRANSACTION;
SET time_zone = "+00:00";


/*!40101 SET @OLD_CHARACTER_SET_CLIENT=@@CHARACTER_SET_CLIENT */;
/*!40101 SET @OLD_CHARACTER_SET_RESULTS=@@CHARACTER_SET_RESULTS */;
/*!40101 SET @OLD_COLLATION_CONNECTION=@@COLLATION_CONNECTION */;
/*!40101 SET NAMES utf8mb4 */;

--
-- Database: `business`
--

-- --------------------------------------------------------

--
-- Table structure for table `account_books`
--

DROP TABLE IF EXISTS `account_books`;
CREATE TABLE IF NOT EXISTS `account_books` (
  `id` bigint(20) UNSIGNED NOT NULL AUTO_INCREMENT,
  `name` varchar(191) COLLATE utf8mb4_unicode_ci NOT NULL,
  `account_number` varchar(191) COLLATE utf8mb4_unicode_ci DEFAULT NULL,
  `description` varchar(191) COLLATE utf8mb4_unicode_ci DEFAULT NULL,
  `status` tinyint(1) NOT NULL DEFAULT '1' COMMENT '0 mean inactive and 1 means active',
  `warehouses_id` bigint(20) UNSIGNED DEFAULT NULL,
  `business_id` bigint(20) UNSIGNED NOT NULL,
  `users_id` bigint(20) UNSIGNED DEFAULT NULL,
  `deleted_at` timestamp NULL DEFAULT NULL,
  `created_at` timestamp NULL DEFAULT NULL,
  `updated_at` timestamp NULL DEFAULT NULL,
  PRIMARY KEY (`id`),
  UNIQUE KEY `account_books_name_business_id_unique` (`name`,`business_id`),
  KEY `account_books_warehouses_id_foreign` (`warehouses_id`),
  KEY `account_books_business_id_foreign` (`business_id`),
  KEY `account_books_users_id_foreign` (`users_id`)
) ENGINE=InnoDB AUTO_INCREMENT=5 DEFAULT CHARSET=utf8mb4 COLLATE=utf8mb4_unicode_ci;

--
-- Dumping data for table `account_books`
--

INSERT INTO `account_books` (`id`, `name`, `account_number`, `description`, `status`, `warehouses_id`, `business_id`, `users_id`, `deleted_at`, `created_at`, `updated_at`) VALUES
(1, 'Generel Accounts', '0123545785896', 'Is good', 1, NULL, 1, 1, NULL, '2020-04-26 12:05:30', '2020-06-05 03:50:43'),
(2, 'Swimming Pool', '0123545785886', 'Kilogram', 1, NULL, 1, 1, NULL, '2020-04-26 12:05:50', '2020-04-26 12:05:54'),
(3, 'Duch Bangla Bank', '0123545785878', 'Mili Litter', 1, NULL, 1, 1, NULL, '2020-04-26 12:06:47', '2020-06-05 03:50:28'),
(4, 'City Bank', '0123545785898', 'Is good', 1, NULL, 1, 1, NULL, '2020-04-26 12:07:50', '2020-04-26 12:07:50');

-- --------------------------------------------------------

--
-- Table structure for table `agents`
--

DROP TABLE IF EXISTS `agents`;
CREATE TABLE IF NOT EXISTS `agents` (
  `id` bigint(20) UNSIGNED NOT NULL AUTO_INCREMENT,
  `code` varchar(191) COLLATE utf8mb4_unicode_ci NOT NULL,
  `name` varchar(191) COLLATE utf8mb4_unicode_ci NOT NULL,
  `email` varchar(191) COLLATE utf8mb4_unicode_ci DEFAULT NULL,
  `contact` varchar(15) COLLATE utf8mb4_unicode_ci DEFAULT NULL,
  `amount` double NOT NULL DEFAULT '0',
  `commission_type` enum('Fixed','Percentage') COLLATE utf8mb4_unicode_ci NOT NULL DEFAULT 'Percentage',
  `warehouses_id` bigint(20) UNSIGNED DEFAULT NULL,
  `business_id` bigint(20) UNSIGNED NOT NULL,
  `users_id` bigint(20) UNSIGNED DEFAULT NULL,
  `deleted_at` timestamp NULL DEFAULT NULL,
  `created_at` timestamp NULL DEFAULT NULL,
  `updated_at` timestamp NULL DEFAULT NULL,
  PRIMARY KEY (`id`),
  UNIQUE KEY `agents_code_name_contact_business_id_unique` (`code`,`name`,`contact`,`business_id`),
  KEY `agents_warehouses_id_foreign` (`warehouses_id`),
  KEY `agents_business_id_foreign` (`business_id`),
  KEY `agents_users_id_foreign` (`users_id`)
) ENGINE=InnoDB AUTO_INCREMENT=4 DEFAULT CHARSET=utf8mb4 COLLATE=utf8mb4_unicode_ci;

--
-- Dumping data for table `agents`
--

INSERT INTO `agents` (`id`, `code`, `name`, `email`, `contact`, `amount`, `commission_type`, `warehouses_id`, `business_id`, `users_id`, `deleted_at`, `created_at`, `updated_at`) VALUES
(1, '565010293', 'Nazmul Hossain', NULL, NULL, 0, 'Percentage', 2, 1, 1, NULL, '2020-07-12 16:45:10', '2020-07-12 16:46:54'),
(3, '1013427580', 'Kuddus Miah', NULL, NULL, 0, 'Percentage', 3, 1, 1, NULL, '2020-07-12 16:47:10', '2020-07-12 16:47:10');

-- --------------------------------------------------------

--
-- Table structure for table `brands`
--

DROP TABLE IF EXISTS `brands`;
CREATE TABLE IF NOT EXISTS `brands` (
  `id` bigint(20) UNSIGNED NOT NULL AUTO_INCREMENT,
  `name` varchar(191) COLLATE utf8mb4_unicode_ci NOT NULL,
  `description` varchar(191) COLLATE utf8mb4_unicode_ci DEFAULT NULL,
  `business_id` bigint(20) UNSIGNED NOT NULL,
  `users_id` bigint(20) UNSIGNED DEFAULT NULL,
  `deleted_at` timestamp NULL DEFAULT NULL,
  `created_at` timestamp NULL DEFAULT NULL,
  `updated_at` timestamp NULL DEFAULT NULL,
  PRIMARY KEY (`id`),
  UNIQUE KEY `brands_name_business_id_unique` (`name`,`business_id`),
  KEY `brands_business_id_foreign` (`business_id`),
  KEY `brands_users_id_foreign` (`users_id`)
) ENGINE=InnoDB AUTO_INCREMENT=6 DEFAULT CHARSET=utf8mb4 COLLATE=utf8mb4_unicode_ci;

--
-- Dumping data for table `brands`
--

INSERT INTO `brands` (`id`, `name`, `description`, `business_id`, `users_id`, `deleted_at`, `created_at`, `updated_at`) VALUES
(1, 'Vision', 'Home Applience', 1, 1, NULL, '2020-04-14 15:15:35', '2020-04-26 12:10:58'),
(2, 'Bizli Cables', 'Is good', 1, 1, NULL, '2020-04-19 01:54:24', '2020-04-26 12:10:38'),
(3, 'ACI Steel', 'Steel', 1, 1, NULL, '2020-04-26 12:12:54', '2020-04-26 12:13:24'),
(4, 'ACI Drug', 'Drug', 1, 1, NULL, '2020-04-26 12:13:14', '2020-04-26 12:13:14'),
(5, 'Seven Rings', 'This is good', 1, 1, NULL, '2020-04-28 13:06:23', '2020-04-28 13:06:23');

-- --------------------------------------------------------

--
-- Table structure for table `businesses`
--

DROP TABLE IF EXISTS `businesses`;
CREATE TABLE IF NOT EXISTS `businesses` (
  `id` bigint(20) UNSIGNED NOT NULL AUTO_INCREMENT,
  `name` varchar(191) COLLATE utf8mb4_unicode_ci NOT NULL,
  `contact` varchar(20) COLLATE utf8mb4_unicode_ci DEFAULT NULL,
  `contact_alternate` varchar(20) COLLATE utf8mb4_unicode_ci DEFAULT NULL,
  `phone` varchar(20) COLLATE utf8mb4_unicode_ci DEFAULT NULL,
  `address` varchar(191) COLLATE utf8mb4_unicode_ci DEFAULT NULL,
  `email` varchar(191) COLLATE utf8mb4_unicode_ci DEFAULT NULL,
  `website` varchar(191) COLLATE utf8mb4_unicode_ci DEFAULT NULL,
  `proprietor` varchar(191) COLLATE utf8mb4_unicode_ci DEFAULT NULL,
  `logo` varchar(191) COLLATE utf8mb4_unicode_ci DEFAULT NULL,
  `software_key` varchar(191) COLLATE utf8mb4_unicode_ci NOT NULL,
  `deleted_at` timestamp NULL DEFAULT NULL,
  `created_at` timestamp NULL DEFAULT NULL,
  `updated_at` timestamp NULL DEFAULT NULL,
  PRIMARY KEY (`id`),
  UNIQUE KEY `key` (`software_key`)
) ENGINE=InnoDB AUTO_INCREMENT=2 DEFAULT CHARSET=utf8mb4 COLLATE=utf8mb4_unicode_ci;

--
-- Dumping data for table `businesses`
--

INSERT INTO `businesses` (`id`, `name`, `contact`, `contact_alternate`, `phone`, `address`, `email`, `website`, `proprietor`, `logo`, `software_key`, `deleted_at`, `created_at`, `updated_at`) VALUES
(1, 'Infinity Flame Soft', '01675870047', '01884362569', '0168454585', 'Rongmohol Tower, Bondor Bazar, Sylhet', 'wall.mate@gmail.com', 'www.majidenterprise.com', 'Nazmul Hossain', '746e21d2faf09eb63902d882fe205ec1.png', 'START', NULL, '2020-04-14 05:19:51', '2020-06-02 04:30:47');

-- --------------------------------------------------------

--
-- Table structure for table `codexes`
--

DROP TABLE IF EXISTS `codexes`;
CREATE TABLE IF NOT EXISTS `codexes` (
  `id` bigint(20) UNSIGNED NOT NULL AUTO_INCREMENT,
  `current_code` varchar(191) COLLATE utf8mb4_unicode_ci DEFAULT NULL,
  `last_code` varchar(191) COLLATE utf8mb4_unicode_ci DEFAULT NULL,
  `business_id` bigint(20) UNSIGNED NOT NULL,
  `created_at` timestamp NULL DEFAULT NULL,
  `updated_at` timestamp NULL DEFAULT NULL,
  PRIMARY KEY (`id`),
  KEY `codexes_business_id_foreign` (`business_id`)
) ENGINE=InnoDB AUTO_INCREMENT=2 DEFAULT CHARSET=utf8mb4 COLLATE=utf8mb4_unicode_ci;

--
-- Dumping data for table `codexes`
--

INSERT INTO `codexes` (`id`, `current_code`, `last_code`, `business_id`, `created_at`, `updated_at`) VALUES
(1, '56474e715a473676756944325841306a3264452f6e413d3d', '75584d3366532b4c655830552b5770696947793366667a427256624e4e724a6a6339633571725045446e553d', 1, '2020-07-07 18:54:33', '2020-07-17 21:02:49');

-- --------------------------------------------------------

--
-- Table structure for table `companies`
--

DROP TABLE IF EXISTS `companies`;
CREATE TABLE IF NOT EXISTS `companies` (
  `id` bigint(20) UNSIGNED NOT NULL AUTO_INCREMENT,
  `name` varchar(191) COLLATE utf8mb4_unicode_ci NOT NULL,
  `description` varchar(191) COLLATE utf8mb4_unicode_ci DEFAULT NULL,
  `business_id` bigint(20) UNSIGNED NOT NULL,
  `users_id` bigint(20) UNSIGNED DEFAULT NULL,
  `deleted_at` timestamp NULL DEFAULT NULL,
  `created_at` timestamp NULL DEFAULT NULL,
  `updated_at` timestamp NULL DEFAULT NULL,
  PRIMARY KEY (`id`),
  UNIQUE KEY `companies_name_business_id_unique` (`name`,`business_id`),
  KEY `companies_business_id_foreign` (`business_id`),
  KEY `companies_users_id_foreign` (`users_id`)
) ENGINE=InnoDB AUTO_INCREMENT=5 DEFAULT CHARSET=utf8mb4 COLLATE=utf8mb4_unicode_ci;

--
-- Dumping data for table `companies`
--

INSERT INTO `companies` (`id`, `name`, `description`, `business_id`, `users_id`, `deleted_at`, `created_at`, `updated_at`) VALUES
(1, 'RFL', 'This is Pran RFL Company', 1, 1, NULL, '2020-04-26 12:12:11', '2020-04-26 12:12:11'),
(2, 'ACI', 'ACI Company', 1, 1, NULL, '2020-04-26 12:12:37', '2020-04-26 12:12:37'),
(3, 'Seven Rings Ltd', 'This is cement comopany', 1, 1, NULL, '2020-04-28 13:05:36', '2020-04-28 13:06:00'),
(4, 'ACL', 'Is good', 1, 1, NULL, '2020-07-16 06:19:54', '2020-07-16 06:19:54');

-- --------------------------------------------------------

--
-- Table structure for table `customers`
--

DROP TABLE IF EXISTS `customers`;
CREATE TABLE IF NOT EXISTS `customers` (
  `id` bigint(20) UNSIGNED NOT NULL AUTO_INCREMENT,
  `name` varchar(191) COLLATE utf8mb4_unicode_ci NOT NULL,
  `code` varchar(191) COLLATE utf8mb4_unicode_ci DEFAULT NULL,
  `address` varchar(191) COLLATE utf8mb4_unicode_ci DEFAULT NULL,
  `email` varchar(191) COLLATE utf8mb4_unicode_ci DEFAULT NULL,
  `contact` varchar(15) COLLATE utf8mb4_unicode_ci DEFAULT NULL,
  `phone` varchar(15) COLLATE utf8mb4_unicode_ci DEFAULT NULL,
  `alternate_contact` varchar(15) COLLATE utf8mb4_unicode_ci DEFAULT NULL,
  `description` varchar(191) COLLATE utf8mb4_unicode_ci DEFAULT NULL,
  `image` varchar(191) COLLATE utf8mb4_unicode_ci DEFAULT NULL,
  `pay_term` enum('Daily','Monthly','Yearly') COLLATE utf8mb4_unicode_ci NOT NULL DEFAULT 'Daily',
  `credit_limit` double NOT NULL DEFAULT '0' COMMENT '0 for no limit',
  `balance` double NOT NULL DEFAULT '0',
  `sells_target` double NOT NULL DEFAULT '0' COMMENT 'Monthly Sells Target',
  `zones_id` bigint(20) UNSIGNED DEFAULT NULL,
  `unions_id` bigint(20) UNSIGNED DEFAULT NULL,
  `upa_zillas_id` bigint(20) UNSIGNED DEFAULT NULL,
  `zillas_id` bigint(20) UNSIGNED DEFAULT NULL,
  `divisions_id` bigint(20) UNSIGNED DEFAULT NULL,
  `vet_texes_id` bigint(20) UNSIGNED DEFAULT NULL,
  `customer_categories_id` bigint(20) UNSIGNED NOT NULL,
  `agent_id` bigint(20) UNSIGNED DEFAULT NULL,
  `warehouses_id` bigint(20) UNSIGNED DEFAULT NULL,
  `business_id` bigint(20) UNSIGNED NOT NULL,
  `users_id` bigint(20) UNSIGNED DEFAULT NULL,
  `deleted_at` timestamp NULL DEFAULT NULL,
  `created_at` timestamp NULL DEFAULT NULL,
  `updated_at` timestamp NULL DEFAULT NULL,
  PRIMARY KEY (`id`),
  UNIQUE KEY `customers_name_contact_email_business_id_unique` (`name`,`contact`,`email`,`business_id`),
  KEY `customers_zones_id_foreign` (`zones_id`),
  KEY `customers_unions_id_foreign` (`unions_id`),
  KEY `customers_upa_zillas_id_foreign` (`upa_zillas_id`),
  KEY `customers_zillas_id_foreign` (`zillas_id`),
  KEY `customers_divisions_id_foreign` (`divisions_id`),
  KEY `customers_vet_texes_id_foreign` (`vet_texes_id`),
  KEY `customers_customer_categories_id_foreign` (`customer_categories_id`),
  KEY `customers_warehouses_id_foreign` (`warehouses_id`),
  KEY `customers_business_id_foreign` (`business_id`),
  KEY `customers_users_id_foreign` (`users_id`),
  KEY `agent_id` (`agent_id`)
) ENGINE=InnoDB AUTO_INCREMENT=18 DEFAULT CHARSET=utf8mb4 COLLATE=utf8mb4_unicode_ci;

--
-- Dumping data for table `customers`
--

INSERT INTO `customers` (`id`, `name`, `code`, `address`, `email`, `contact`, `phone`, `alternate_contact`, `description`, `image`, `pay_term`, `credit_limit`, `balance`, `sells_target`, `zones_id`, `unions_id`, `upa_zillas_id`, `zillas_id`, `divisions_id`, `vet_texes_id`, `customer_categories_id`, `agent_id`, `warehouses_id`, `business_id`, `users_id`, `deleted_at`, `created_at`, `updated_at`) VALUES
(8, 'Bahar Miah', '536088', 'Rikabi Bazar, Sylhet', 'velos@velostech.com', '01675870048', '01658475826', '01687236955', 'Is good', NULL, 'Daily', 15000, 2300, 20000, 2, NULL, NULL, NULL, NULL, NULL, 2, NULL, 3, 1, 1, NULL, '2020-05-13 11:40:47', '2020-07-03 20:45:56'),
(9, 'Kuddus Miah', '536078', 'Rikabi Bazar, Sylhet', 'velos@velostech.com', '01675870002', '01675870047', '01587236958', 'Is good', NULL, 'Daily', 50000, 4000, 20000, 3, NULL, NULL, NULL, NULL, NULL, 2, NULL, 2, 1, 1, NULL, '2020-06-06 03:34:37', '2020-07-03 20:45:36'),
(10, 'Bosir Uddin', '1913806749', 'Rikabi Bazar, Sylhet', 'velos@velostech.com', '01675870037', NULL, NULL, 'Is good', NULL, 'Daily', 5000, 2700, 30000, 8, NULL, NULL, NULL, NULL, NULL, 2, NULL, 3, 1, 1, NULL, '2020-07-03 20:44:46', '2020-07-03 20:45:11'),
(11, 'Sala Uddin', '1284873535', 'Rikabi Bazar, Sylhet', 'velos@velostech.com', '01675877869', NULL, NULL, NULL, NULL, 'Daily', 5000, 0, 20000, 8, NULL, NULL, NULL, NULL, NULL, 2, NULL, 3, 1, 1, NULL, '2020-07-04 10:09:32', '2020-07-04 10:09:32'),
(12, 'Fulbanu', '2100485787', 'Rikabi Bazar, Sylhet', 'velos@velostech.com', '01675878888', NULL, NULL, NULL, NULL, 'Daily', 5000, 0, 20000, 4, NULL, NULL, NULL, NULL, NULL, 1, NULL, 3, 1, 1, NULL, '2020-07-04 16:31:19', '2020-07-04 16:31:19'),
(13, 'Sakcuni', '1632915300', 'Rikabi Bazar, Sylhet', 'velos5@velostech.com', '01675878848', NULL, NULL, NULL, NULL, 'Daily', 5000, 0, 20000, 4, NULL, NULL, NULL, NULL, NULL, 1, NULL, 3, 1, 1, NULL, '2020-07-04 22:22:42', '2020-07-04 22:24:07'),
(14, 'Bilkis Begum', '319560885', 'Rikabi Bazar, Sylhet', 'velos@velostech.com', '01675870568', NULL, NULL, NULL, NULL, 'Daily', 5000, 0, 50000, 4, NULL, 1, 3, NULL, NULL, 1, 1, 3, 1, 1, NULL, '2020-07-05 07:44:13', '2020-07-12 17:45:56'),
(15, 'Lakkaura', '629195177', 'Rikabi Bazar, Sylhet', 'velos@velostech.com', '01675877415', NULL, NULL, NULL, NULL, 'Daily', 0, -3000, 0, NULL, NULL, 2, 2, NULL, NULL, 1, 3, 3, 1, 1, NULL, '2020-07-13 17:24:55', '2020-07-13 18:47:19'),
(16, 'Nadim Hossain', '1671724003', 'Rikabi Bazar, Sylhet', 'velos@velostech.com', '01675878523', NULL, NULL, NULL, NULL, 'Daily', 0, 4000, 0, NULL, NULL, 1, 3, NULL, NULL, 1, 3, 3, 1, 1, NULL, '2020-07-13 17:33:39', '2020-07-13 18:32:18'),
(17, 'Larabel', '366319726', 'Rikabi Bazar, Sylhet', 'velos@velostech.com', '01675878948', NULL, NULL, NULL, NULL, 'Daily', 0, -3500, 0, NULL, NULL, 1, 3, NULL, NULL, 1, 3, 3, 1, 1, NULL, '2020-07-13 17:57:10', '2020-07-13 17:58:49');

-- --------------------------------------------------------

--
-- Table structure for table `customer_categories`
--

DROP TABLE IF EXISTS `customer_categories`;
CREATE TABLE IF NOT EXISTS `customer_categories` (
  `id` bigint(20) UNSIGNED NOT NULL AUTO_INCREMENT,
  `name` varchar(191) COLLATE utf8mb4_unicode_ci NOT NULL,
  `code` varchar(191) COLLATE utf8mb4_unicode_ci DEFAULT NULL,
  `description` varchar(191) COLLATE utf8mb4_unicode_ci DEFAULT NULL,
  `business_id` bigint(20) UNSIGNED NOT NULL,
  `users_id` bigint(20) UNSIGNED DEFAULT NULL,
  `deleted_at` timestamp NULL DEFAULT NULL,
  `created_at` timestamp NULL DEFAULT NULL,
  `updated_at` timestamp NULL DEFAULT NULL,
  PRIMARY KEY (`id`),
  UNIQUE KEY `customer_categories_name_code_business_id_unique` (`name`,`code`,`business_id`),
  KEY `customer_categories_business_id_foreign` (`business_id`),
  KEY `customer_categories_users_id_foreign` (`users_id`)
) ENGINE=InnoDB AUTO_INCREMENT=3 DEFAULT CHARSET=utf8mb4 COLLATE=utf8mb4_unicode_ci;

--
-- Dumping data for table `customer_categories`
--

INSERT INTO `customer_categories` (`id`, `name`, `code`, `description`, `business_id`, `users_id`, `deleted_at`, `created_at`, `updated_at`) VALUES
(1, 'Kuddus Miah', '3055', NULL, 1, 1, '2020-04-17 01:30:10', '2020-04-17 01:29:42', '2020-04-17 01:30:10'),
(2, 'Seassional', '2048', NULL, 1, 1, NULL, '2020-04-17 01:29:49', '2020-05-13 10:12:23');

-- --------------------------------------------------------

--
-- Table structure for table `discounts`
--

DROP TABLE IF EXISTS `discounts`;
CREATE TABLE IF NOT EXISTS `discounts` (
  `id` bigint(20) UNSIGNED NOT NULL AUTO_INCREMENT,
  `name` varchar(191) COLLATE utf8mb4_unicode_ci NOT NULL,
  `priority` int(11) NOT NULL DEFAULT '0',
  `amount` double NOT NULL DEFAULT '0',
  `apply_only` enum('All','General','Product','Customer','Supplier') COLLATE utf8mb4_unicode_ci NOT NULL DEFAULT 'General',
  `discount_type` enum('Fixed','Percentage') COLLATE utf8mb4_unicode_ci NOT NULL DEFAULT 'Fixed',
  `status` tinyint(1) NOT NULL DEFAULT '1' COMMENT '0 mean inactive and 1 means active',
  `start` timestamp NULL DEFAULT NULL,
  `end` timestamp NULL DEFAULT NULL,
  `warehouses_id` bigint(20) UNSIGNED DEFAULT NULL,
  `brands_id` bigint(20) UNSIGNED DEFAULT NULL,
  `product_categories_id` bigint(20) UNSIGNED DEFAULT NULL,
  `customer_categories_id` bigint(20) UNSIGNED DEFAULT NULL,
  `business_id` bigint(20) UNSIGNED NOT NULL,
  `users_id` bigint(20) UNSIGNED DEFAULT NULL,
  `deleted_at` timestamp NULL DEFAULT NULL,
  `created_at` timestamp NULL DEFAULT NULL,
  `updated_at` timestamp NULL DEFAULT NULL,
  PRIMARY KEY (`id`),
  UNIQUE KEY `discounts_name_status_business_id_unique` (`name`,`status`,`business_id`),
  KEY `discounts_warehouses_id_foreign` (`warehouses_id`),
  KEY `discounts_brands_id_foreign` (`brands_id`),
  KEY `discounts_product_categories_id_foreign` (`product_categories_id`),
  KEY `discounts_customer_categories_id_foreign` (`customer_categories_id`),
  KEY `discounts_business_id_foreign` (`business_id`),
  KEY `discounts_users_id_foreign` (`users_id`)
) ENGINE=InnoDB AUTO_INCREMENT=6 DEFAULT CHARSET=utf8mb4 COLLATE=utf8mb4_unicode_ci;

--
-- Dumping data for table `discounts`
--

INSERT INTO `discounts` (`id`, `name`, `priority`, `amount`, `apply_only`, `discount_type`, `status`, `start`, `end`, `warehouses_id`, `brands_id`, `product_categories_id`, `customer_categories_id`, `business_id`, `users_id`, `deleted_at`, `created_at`, `updated_at`) VALUES
(1, 'Flat Discount', 0, 50, 'General', 'Fixed', 1, NULL, NULL, NULL, NULL, NULL, NULL, 1, 1, NULL, '2020-04-16 09:10:29', '2020-06-02 07:06:08'),
(2, 'Special Discount', 0, 10, 'General', 'Percentage', 1, NULL, NULL, NULL, NULL, NULL, NULL, 1, 1, NULL, '2020-04-16 09:10:53', '2020-06-02 07:09:17'),
(5, 'Standard Discount', 0, 15, 'General', 'Percentage', 1, NULL, NULL, NULL, NULL, NULL, NULL, 1, 1, NULL, '2020-06-02 07:08:54', '2020-06-02 07:08:54');

-- --------------------------------------------------------

--
-- Table structure for table `divisions`
--

DROP TABLE IF EXISTS `divisions`;
CREATE TABLE IF NOT EXISTS `divisions` (
  `id` bigint(20) UNSIGNED NOT NULL AUTO_INCREMENT,
  `name` varchar(191) COLLATE utf8mb4_unicode_ci NOT NULL,
  `business_id` bigint(20) UNSIGNED NOT NULL,
  `users_id` bigint(20) UNSIGNED DEFAULT NULL,
  `deleted_at` timestamp NULL DEFAULT NULL,
  `created_at` timestamp NULL DEFAULT NULL,
  `updated_at` timestamp NULL DEFAULT NULL,
  PRIMARY KEY (`id`),
  UNIQUE KEY `divisions_name_business_id_unique` (`name`,`business_id`),
  KEY `divisions_business_id_foreign` (`business_id`),
  KEY `divisions_users_id_foreign` (`users_id`)
) ENGINE=InnoDB AUTO_INCREMENT=9 DEFAULT CHARSET=utf8mb4 COLLATE=utf8mb4_unicode_ci;

--
-- Dumping data for table `divisions`
--

INSERT INTO `divisions` (`id`, `name`, `business_id`, `users_id`, `deleted_at`, `created_at`, `updated_at`) VALUES
(1, 'Chattagram', 1, 1, NULL, NULL, NULL),
(2, 'Rajshahi', 1, 1, NULL, NULL, NULL),
(3, 'Khulna', 1, 1, NULL, NULL, NULL),
(4, 'Barisal', 1, 1, NULL, NULL, NULL),
(5, 'Sylhet', 1, 1, NULL, NULL, NULL),
(6, 'Dhaka', 1, 1, NULL, NULL, NULL),
(7, 'Rangpur', 1, 1, NULL, NULL, NULL),
(8, 'Mymensingh', 1, 1, NULL, NULL, NULL);

-- --------------------------------------------------------

--
-- Table structure for table `expenses`
--

DROP TABLE IF EXISTS `expenses`;
CREATE TABLE IF NOT EXISTS `expenses` (
  `id` bigint(20) UNSIGNED NOT NULL AUTO_INCREMENT,
  `amount` double NOT NULL DEFAULT '0',
  `code` varchar(191) COLLATE utf8mb4_unicode_ci DEFAULT NULL,
  `description` varchar(191) COLLATE utf8mb4_unicode_ci DEFAULT NULL,
  `document` varchar(191) COLLATE utf8mb4_unicode_ci DEFAULT NULL COMMENT 'File attachment',
  `expense_for` bigint(20) UNSIGNED DEFAULT NULL COMMENT 'Expense for user/employee',
  `expense_categories_id` bigint(20) UNSIGNED NOT NULL,
  `warehouses_id` bigint(20) UNSIGNED DEFAULT NULL,
  `business_id` bigint(20) UNSIGNED NOT NULL,
  `users_id` bigint(20) UNSIGNED DEFAULT NULL,
  `deleted_at` timestamp NULL DEFAULT NULL,
  `created_at` timestamp NULL DEFAULT NULL,
  `updated_at` timestamp NULL DEFAULT NULL,
  PRIMARY KEY (`id`),
  KEY `expenses_expense_for_foreign` (`expense_for`),
  KEY `expenses_expense_categories_id_foreign` (`expense_categories_id`),
  KEY `expenses_warehouses_id_foreign` (`warehouses_id`),
  KEY `expenses_business_id_foreign` (`business_id`),
  KEY `expenses_users_id_foreign` (`users_id`)
) ENGINE=InnoDB AUTO_INCREMENT=10 DEFAULT CHARSET=utf8mb4 COLLATE=utf8mb4_unicode_ci;

--
-- Dumping data for table `expenses`
--

INSERT INTO `expenses` (`id`, `amount`, `code`, `description`, `document`, `expense_for`, `expense_categories_id`, `warehouses_id`, `business_id`, `users_id`, `deleted_at`, `created_at`, `updated_at`) VALUES
(2, 700, '1100038931', 'This my main product', NULL, NULL, 3, 3, 1, 1, NULL, '2020-06-14 18:00:00', '2020-07-06 20:07:12'),
(3, 300, '1861799382', 'Is good', NULL, NULL, 3, 2, 1, 1, NULL, '2020-07-08 16:34:30', '2020-07-08 16:34:30'),
(8, 200, '166903840', NULL, NULL, NULL, 2, 3, 1, 1, NULL, '2020-07-08 17:01:53', '2020-07-08 17:01:53'),
(9, 365, '1732723371', NULL, NULL, NULL, 3, 3, 1, 1, NULL, '2020-07-08 18:26:28', '2020-07-08 18:26:28');

-- --------------------------------------------------------

--
-- Table structure for table `expense_categories`
--

DROP TABLE IF EXISTS `expense_categories`;
CREATE TABLE IF NOT EXISTS `expense_categories` (
  `id` bigint(20) UNSIGNED NOT NULL AUTO_INCREMENT,
  `name` varchar(191) COLLATE utf8mb4_unicode_ci NOT NULL,
  `code` varchar(191) COLLATE utf8mb4_unicode_ci DEFAULT NULL,
  `business_id` bigint(20) UNSIGNED NOT NULL,
  `users_id` bigint(20) UNSIGNED DEFAULT NULL,
  `deleted_at` timestamp NULL DEFAULT NULL,
  `created_at` timestamp NULL DEFAULT NULL,
  `updated_at` timestamp NULL DEFAULT NULL,
  PRIMARY KEY (`id`),
  UNIQUE KEY `expense_categories_name_code_business_id_unique` (`name`,`code`,`business_id`),
  KEY `expense_categories_business_id_foreign` (`business_id`),
  KEY `expense_categories_users_id_foreign` (`users_id`)
) ENGINE=InnoDB AUTO_INCREMENT=5 DEFAULT CHARSET=utf8mb4 COLLATE=utf8mb4_unicode_ci;

--
-- Dumping data for table `expense_categories`
--

INSERT INTO `expense_categories` (`id`, `name`, `code`, `business_id`, `users_id`, `deleted_at`, `created_at`, `updated_at`) VALUES
(1, 'Swimming Pool', '4011', 1, 1, NULL, '2020-04-17 01:27:24', '2020-04-17 01:27:24'),
(2, 'Infinity Flame Soft', '5360', 1, 1, '2020-04-17 01:31:04', '2020-04-17 01:27:31', '2020-04-17 01:31:04'),
(3, 'Kuddus Miah', '2048', 1, 1, NULL, '2020-04-17 01:27:40', '2020-04-17 01:27:40'),
(4, 'Nazmul Hossain', '8888', 1, 1, NULL, '2020-04-24 08:02:05', '2020-06-05 04:28:40');

-- --------------------------------------------------------

--
-- Table structure for table `failed_jobs`
--

DROP TABLE IF EXISTS `failed_jobs`;
CREATE TABLE IF NOT EXISTS `failed_jobs` (
  `id` bigint(20) UNSIGNED NOT NULL AUTO_INCREMENT,
  `connection` text COLLATE utf8mb4_unicode_ci NOT NULL,
  `queue` text COLLATE utf8mb4_unicode_ci NOT NULL,
  `payload` longtext COLLATE utf8mb4_unicode_ci NOT NULL,
  `exception` longtext COLLATE utf8mb4_unicode_ci NOT NULL,
  `failed_at` timestamp NOT NULL DEFAULT CURRENT_TIMESTAMP,
  PRIMARY KEY (`id`)
) ENGINE=InnoDB DEFAULT CHARSET=utf8mb4 COLLATE=utf8mb4_unicode_ci;

-- --------------------------------------------------------

--
-- Table structure for table `invoice_items`
--

DROP TABLE IF EXISTS `invoice_items`;
CREATE TABLE IF NOT EXISTS `invoice_items` (
  `id` bigint(20) UNSIGNED NOT NULL AUTO_INCREMENT,
  `name` varchar(191) COLLATE utf8mb4_unicode_ci DEFAULT NULL COMMENT 'Product Name',
  `sku` varchar(191) COLLATE utf8mb4_unicode_ci DEFAULT NULL COMMENT 'Product SKU',
  `batch_no` varchar(191) COLLATE utf8mb4_unicode_ci DEFAULT NULL COMMENT 'Product Batch No for trace expire date',
  `purchase_amount` double NOT NULL DEFAULT '0',
  `quantity` double NOT NULL DEFAULT '0',
  `amount` double NOT NULL DEFAULT '0',
  `unit` varchar(50) COLLATE utf8mb4_unicode_ci DEFAULT NULL,
  `discount_type` enum('Fixed','Percentage') COLLATE utf8mb4_unicode_ci NOT NULL DEFAULT 'Fixed',
  `discount_amount` double NOT NULL DEFAULT '0',
  `vat_amount` double NOT NULL DEFAULT '0',
  `status` enum('Active','Inactive') COLLATE utf8mb4_unicode_ci NOT NULL DEFAULT 'Active',
  `warehouses_id` bigint(20) UNSIGNED DEFAULT NULL,
  `products_id` bigint(20) UNSIGNED DEFAULT NULL,
  `sell_invoices_id` bigint(20) UNSIGNED NOT NULL,
  `business_id` bigint(20) UNSIGNED NOT NULL,
  `users_id` bigint(20) UNSIGNED DEFAULT NULL,
  `deleted_at` timestamp NULL DEFAULT NULL,
  `created_at` timestamp NULL DEFAULT NULL,
  `updated_at` timestamp NULL DEFAULT NULL,
  PRIMARY KEY (`id`),
  UNIQUE KEY `uniq_invoice_item` (`sell_invoices_id`,`products_id`,`batch_no`,`business_id`),
  KEY `invoice_items_warehouses_id_foreign` (`warehouses_id`),
  KEY `invoice_items_products_id_foreign` (`products_id`),
  KEY `invoice_items_business_id_foreign` (`business_id`),
  KEY `invoice_items_users_id_foreign` (`users_id`)
) ENGINE=InnoDB AUTO_INCREMENT=81 DEFAULT CHARSET=utf8mb4 COLLATE=utf8mb4_unicode_ci;

--
-- Dumping data for table `invoice_items`
--

INSERT INTO `invoice_items` (`id`, `name`, `sku`, `batch_no`, `purchase_amount`, `quantity`, `amount`, `unit`, `discount_type`, `discount_amount`, `vat_amount`, `status`, `warehouses_id`, `products_id`, `sell_invoices_id`, `business_id`, `users_id`, `deleted_at`, `created_at`, `updated_at`) VALUES
(5, 'Boroi Achar', '1522', '970340253', 350, 3, 500, 'Kg', 'Fixed', 0, 0, 'Active', 3, 26, 6, 1, 1, NULL, '2020-06-17 18:00:00', '2020-06-17 14:34:35'),
(8, 'Labonno Chaal', '1288', '529458011', 0, 2, 750, 'PCS', 'Fixed', 0, 0, 'Active', 2, 21, 7, 1, 1, NULL, '2020-06-17 18:00:00', '2020-06-18 01:08:28'),
(9, 'Nokia 1100', '1382', '529458011', 0, 1, 3000, 'PCS', 'Fixed', 0, 0, 'Active', 2, 27, 7, 1, 1, NULL, '2020-06-17 18:00:00', '2020-06-18 01:08:28'),
(18, 'Kushuyara Seeds', '1278', '161913193', 300, 1, 500, 'PCS', 'Fixed', 0, 0, 'Active', 3, 25, 8, 1, 1, NULL, '2020-06-17 18:00:00', '2020-06-18 01:23:30'),
(19, 'Nokia 1100', '1382', '161913193', 2500, 1, 3000, 'PCS', 'Fixed', 0, 0, 'Active', 3, 27, 8, 1, 1, NULL, '2020-06-17 18:00:00', '2020-06-18 01:23:30'),
(20, 'Boroi Achar', '1522', '235136845', 350, 1, 500, 'Kg', 'Fixed', 0, 0, 'Active', 3, 26, 9, 1, 1, NULL, '2020-06-17 18:00:00', '2020-06-18 01:53:31'),
(21, 'Seven Rings Star', '1245', '235136845', 480, 1, 500, 'PCS', 'Fixed', 0, 0, 'Active', 3, 4, 9, 1, 1, NULL, '2020-06-17 18:00:00', '2020-06-18 01:53:31'),
(22, 'Nokia 1100', '1382', '235136845', 2500, 1, 3000, 'PCS', 'Fixed', 0, 0, 'Active', 3, 27, 9, 1, 1, NULL, '2020-06-17 18:00:00', '2020-06-18 01:53:31'),
(34, 'Seven Rings Star', '1245', '341787573', 0, 1, 500, 'PCS', 'Fixed', 0, 0, 'Active', 3, 4, 10, 1, 1, NULL, '2020-06-17 18:00:00', '2020-07-03 21:57:40'),
(35, 'Boroi Achar', '1522', '341787573', 0, 1, 500, 'Kg', 'Fixed', 0, 0, 'Active', 3, 26, 10, 1, 1, NULL, '2020-06-17 18:00:00', '2020-07-03 21:57:40'),
(36, 'Kushuyara Seeds', '1278', '878475542', 0, 1, 500, 'PCS', 'Fixed', 0, 0, 'Active', 3, 25, 12, 1, 1, NULL, '2020-07-03 18:00:00', '2020-07-03 21:59:29'),
(37, 'Boroi Achar', '1522', '878475542', 0, 1, 500, 'Kg', 'Fixed', 0, 0, 'Active', 3, 26, 12, 1, 1, NULL, '2020-07-03 18:00:00', '2020-07-03 21:59:29'),
(38, 'Labonno Chaal', '1288', '474807881', 0, 1, 750, 'PCS', 'Fixed', 0, 0, 'Active', 3, 21, 11, 1, 1, NULL, '2020-06-27 18:00:00', '2020-07-03 22:03:59'),
(39, 'Kushuyara Seeds', '1278', '474807881', 0, 1, 500, 'PCS', 'Fixed', 0, 0, 'Active', 3, 25, 11, 1, 1, NULL, '2020-06-27 18:00:00', '2020-07-03 22:03:59'),
(40, 'Boroi Achar', '1522', '474807881', 0, 1, 500, 'Kg', 'Fixed', 0, 0, 'Active', 3, 26, 11, 1, 1, NULL, '2020-06-27 18:00:00', '2020-07-03 22:03:59'),
(41, 'Kushuyara Seeds', '1278', '1687569757', 300, 2, 500, 'PCS', 'Fixed', 0, 0, 'Active', 2, 25, 13, 1, 1, NULL, '2020-07-03 18:00:00', '2020-07-04 05:55:42'),
(42, 'Kushuyara Seeds', '1278', '2006168568', 300, 1, 500, 'PCS', 'Fixed', 0, 0, 'Active', 3, 25, 14, 1, 1, NULL, '2020-07-03 18:00:00', '2020-07-04 10:10:05'),
(43, 'Labonno Chaal', '1288', '1317013227', 700, 1, 750, 'PCS', 'Fixed', 0, 0, 'Active', 3, 21, 15, 1, 1, NULL, '2020-07-03 18:00:00', '2020-07-04 10:13:11'),
(44, 'Boroi Achar', '1522', '177927446', 350, 1, 500, 'Kg', 'Fixed', 0, 0, 'Active', 3, 26, 16, 1, 1, NULL, '2020-07-03 18:00:00', '2020-07-04 10:18:54'),
(45, 'Kushuyara Seeds', '1278', '177927446', 300, 1, 500, 'PCS', 'Fixed', 0, 0, 'Active', 3, 25, 16, 1, 1, NULL, '2020-07-03 18:00:00', '2020-07-04 10:18:54'),
(51, 'Nokia 1100', '1382', '1840778587', 0, 1, 3000, 'PCS', 'Fixed', 0, 0, 'Active', 3, 27, 18, 1, 1, NULL, '2020-07-03 18:00:00', '2020-07-04 10:59:15'),
(52, 'Kushuyara Seeds', '1278', '782965556', 0, 2, 500, 'PCS', 'Fixed', 0, 0, 'Active', 3, 25, 17, 1, 1, NULL, '2020-07-03 18:00:00', '2020-07-04 13:46:27'),
(53, 'Labonno Chaal', '1288', '1427029080', 700, 1, 750, 'PCS', 'Fixed', 0, 0, 'Active', 3, 21, 19, 1, 1, NULL, '2020-07-03 18:00:00', '2020-07-04 13:47:06'),
(54, 'Kushuyara Seeds', '1278', '1427029080', 300, 1, 500, 'PCS', 'Fixed', 0, 0, 'Active', 3, 25, 19, 1, 1, NULL, '2020-07-03 18:00:00', '2020-07-04 13:47:06'),
(55, 'Kushuyara Seeds', '1278', '193274280', 300, 1, 500, 'PCS', 'Fixed', 0, 0, 'Active', 3, 25, 20, 1, 1, NULL, '2020-07-03 18:00:00', '2020-07-04 15:21:07'),
(56, 'Kushuyara Seeds', '1278', '1518399873', 300, 1, 500, 'PCS', 'Fixed', 0, 0, 'Active', 3, 25, 21, 1, 1, NULL, '2020-07-03 18:00:00', '2020-07-04 16:32:09'),
(58, 'Kushuyara Seeds', '1278', '480262766', 300, 1, 500, 'PCS', 'Fixed', 0, 0, 'Active', 3, 25, 23, 1, 1, NULL, '2020-07-03 18:00:00', '2020-07-04 16:39:45'),
(59, 'Kushuyara Seeds', '1278', '184694328', 300, 1, 500, 'PCS', 'Fixed', 0, 0, 'Active', 3, 25, 24, 1, 1, NULL, '2020-07-03 18:00:00', '2020-07-04 16:41:20'),
(60, 'Kushuyara Seeds', '1278', '628001409', 300, 1, 500, 'PCS', 'Fixed', 0, 0, 'Active', 3, 25, 25, 1, 1, NULL, '2020-07-03 18:00:00', '2020-07-04 16:43:57'),
(62, 'Kushuyara Seeds', '1278', '1121452581', 0, 1, 500, 'PCS', 'Fixed', 0, 0, 'Active', 3, 25, 26, 1, 1, NULL, '2020-07-04 18:00:00', '2020-07-04 22:21:17'),
(63, 'Kushuyara Seeds', '1278', '157981460', 300, 1, 500, 'PCS', 'Fixed', 0, 0, 'Active', 3, 25, 27, 1, 1, NULL, '2020-07-04 18:00:00', '2020-07-04 22:23:28'),
(64, 'Kushuyara Seeds', '1278', '1026554442', 300, 2, 500, 'PCS', 'Fixed', 0, 0, 'Active', 3, 25, 28, 1, 1, NULL, '2020-07-04 18:00:00', '2020-07-04 22:44:55'),
(66, 'Boroi Achar', '1522', '1559888985', 350, 1, 500, 'Kg', 'Fixed', 0, 0, 'Active', 3, 26, 30, 1, 1, NULL, '2020-07-04 18:00:00', '2020-07-05 07:45:06'),
(67, 'Labonno Chaal', '1288', '1559888985', 700, 1, 750, 'PCS', 'Fixed', 0, 0, 'Active', 3, 21, 30, 1, 1, NULL, '2020-07-04 18:00:00', '2020-07-05 07:45:06'),
(70, 'Boroi Achar', '1522', '1680854013', 0, 2, 500, 'Kg', 'Fixed', 0, 0, 'Active', 3, 26, 29, 1, 1, NULL, '2020-07-04 18:00:00', '2020-07-05 07:49:33'),
(71, 'Kushuyara Seeds', '1278', '2141027233', 0, 1, 500, 'PCS', 'Fixed', 0, 0, 'Active', 3, 25, 22, 1, 1, NULL, '2020-07-03 18:00:00', '2020-07-06 21:57:48'),
(72, 'Boroi Achar', '1522', '293695459', 350, 1, 500, 'Kg', 'Fixed', 0, 0, 'Active', 3, 26, 31, 1, 1, NULL, '2020-07-08 09:30:59', '2020-07-08 09:30:59'),
(76, 'Labonno Chaal', '1288', '1447365407', 0, 1, 750, 'PCS', 'Fixed', 0, 0, 'Active', 3, 21, 32, 1, 1, NULL, '2020-07-07 19:08:32', '2020-07-13 19:08:32'),
(77, 'Boroi Achar', '1522', '198873662', 350, 1, 500, 'Kg', 'Fixed', 0, 0, 'Active', 3, 26, 33, 1, 1, NULL, '2020-07-13 19:09:00', '2020-07-13 19:09:00'),
(78, 'Boroi Achar', '1522', '1818309358', 350, 1, 500, 'Kg', 'Fixed', 0, 0, 'Active', 3, 26, 34, 1, 1, NULL, '2020-07-16 08:02:54', '2020-07-16 08:02:54'),
(79, 'Nokia 1100', '1382', '1818309358', 2500, 1, 3000, 'PCS', 'Fixed', 0, 0, 'Active', 3, 27, 34, 1, 1, NULL, '2020-07-16 08:02:54', '2020-07-16 08:02:54'),
(80, 'Kushuyara Seeds', '1278', '989941075', 300, 20, 500, 'PCS', 'Fixed', 0, 0, 'Active', 3, 25, 35, 1, 1, NULL, '2020-07-16 18:46:45', '2020-07-16 18:46:45');

-- --------------------------------------------------------

--
-- Table structure for table `key_attempts`
--

DROP TABLE IF EXISTS `key_attempts`;
CREATE TABLE IF NOT EXISTS `key_attempts` (
  `id` bigint(20) UNSIGNED NOT NULL AUTO_INCREMENT,
  `code` varchar(191) COLLATE utf8mb4_unicode_ci NOT NULL,
  `business_id` bigint(20) UNSIGNED NOT NULL,
  `created_at` timestamp NULL DEFAULT NULL,
  `updated_at` timestamp NULL DEFAULT NULL,
  PRIMARY KEY (`id`),
  KEY `key_attempts_business_id_foreign` (`business_id`)
) ENGINE=InnoDB DEFAULT CHARSET=utf8mb4 COLLATE=utf8mb4_unicode_ci;

-- --------------------------------------------------------

--
-- Table structure for table `migrations`
--

DROP TABLE IF EXISTS `migrations`;
CREATE TABLE IF NOT EXISTS `migrations` (
  `id` int(10) UNSIGNED NOT NULL AUTO_INCREMENT,
  `migration` varchar(191) COLLATE utf8mb4_unicode_ci NOT NULL,
  `batch` int(11) NOT NULL,
  PRIMARY KEY (`id`)
) ENGINE=InnoDB AUTO_INCREMENT=56 DEFAULT CHARSET=utf8mb4 COLLATE=utf8mb4_unicode_ci;

--
-- Dumping data for table `migrations`
--

INSERT INTO `migrations` (`id`, `migration`, `batch`) VALUES
(1, '2014_10_11_000000_create_businesses_table', 1),
(2, '2014_10_12_000000_create_users_table', 1),
(3, '2019_08_19_000000_create_failed_jobs_table', 1),
(4, '2020_04_08_151400_create_brands_table', 1),
(5, '2020_04_08_151505_create_units_table', 1),
(6, '2020_04_08_151824_create_warehouses_table', 1),
(7, '2020_04_08_151946_create_companies_table', 1),
(8, '2020_04_08_152011_create_divisions_table', 1),
(9, '2020_04_08_152040_create_zillas_table', 1),
(10, '2020_04_08_152101_create_upa_zillas_table', 1),
(11, '2020_04_08_152122_create_unions_table', 1),
(12, '2020_04_08_152123_create_zones_table', 1),
(13, '2020_04_08_152231_create_shipments_table', 1),
(14, '2020_04_08_152257_create_account_books_table', 1),
(15, '2020_04_08_152402_create_expense_categories_table', 1),
(16, '2020_04_08_152412_create_expenses_table', 1),
(17, '2020_04_08_152555_create_vet_texes_table', 1),
(20, '2020_04_08_152830_create_product_categories_table', 1),
(21, '2020_04_08_152842_create_products_table', 1),
(22, '2020_04_08_152907_create_supplier_categories_table', 1),
(23, '2020_04_08_152918_create_suppliers_table', 1),
(24, '2020_04_08_153018_create_customer_categories_table', 1),
(25, '2020_04_08_153027_create_customers_table', 1),
(27, '2020_04_08_154301_create_discounts_table', 1),
(28, '2020_04_08_154302_create_sell_invoices_table', 1),
(29, '2020_04_08_154557_create_invoice_items_table', 1),
(30, '2020_04_08_154613_create_purchase_invoices_table', 1),
(31, '2020_04_08_154632_create_purchase_items_table', 1),
(32, '2020_04_08_163543_create_sell_transactions_table', 1),
(33, '2020_04_08_163558_create_purchase_transactions_table', 1),
(34, '2020_04_08_163659_create_stock_adjustments_table', 1),
(35, '2020_04_08_163660_create_stock_adjustment_items_table', 1),
(36, '2020_04_10_080402_create_product_returns_table', 1),
(37, '2020_04_10_080403_create_product_return_items_table', 1),
(38, '2020_04_10_080404_create_stock_transfers_table', 1),
(39, '2020_04_10_080405_create_stock_transfer_items_table', 1),
(40, '2020_04_10_080459_create_stock_transactions_table', 1),
(42, '2020_04_10_080461_create_vat_tax_transactions_table', 1),
(43, '2020_04_10_182044_create_customer_transactions_table', 1),
(44, '2020_04_10_182138_create_supplier_transactions_table', 1),
(45, '2020_04_10_182140_create_all_transactions_table', 1),
(46, '2020_04_11_183533_add_foreign_key_on_user_table', 1),
(47, '2020_05_03_154334_add_user_warehouse_table', 2),
(48, '2014_10_12_100000_create_password_resets_table', 3),
(49, '2020_04_08_154301_create_agents_table', 3),
(50, '2020_04_10_080460_create_agent_transactions_table', 3),
(51, '2020_06_29_062549_create_permission_tables', 4),
(52, '2020_07_02_162632_create_transaction_table', 5),
(53, '2020_07_02_162632_create_transactions_table', 6),
(54, '2020_07_07_150825_create_codexes_table', 7),
(55, '2020_07_07_150951_create_key_attempts_table', 7);

-- --------------------------------------------------------

--
-- Table structure for table `model_has_permissions`
--

DROP TABLE IF EXISTS `model_has_permissions`;
CREATE TABLE IF NOT EXISTS `model_has_permissions` (
  `permission_id` bigint(20) UNSIGNED NOT NULL,
  `model_type` varchar(191) COLLATE utf8mb4_unicode_ci NOT NULL,
  `model_id` bigint(20) UNSIGNED NOT NULL,
  PRIMARY KEY (`permission_id`,`model_id`,`model_type`),
  KEY `model_has_permissions_model_id_model_type_index` (`model_id`,`model_type`)
) ENGINE=InnoDB DEFAULT CHARSET=utf8mb4 COLLATE=utf8mb4_unicode_ci;

-- --------------------------------------------------------

--
-- Table structure for table `model_has_roles`
--

DROP TABLE IF EXISTS `model_has_roles`;
CREATE TABLE IF NOT EXISTS `model_has_roles` (
  `role_id` bigint(20) UNSIGNED NOT NULL,
  `model_type` varchar(191) COLLATE utf8mb4_unicode_ci NOT NULL,
  `model_id` bigint(20) UNSIGNED NOT NULL,
  PRIMARY KEY (`role_id`,`model_id`,`model_type`),
  KEY `model_has_roles_model_id_model_type_index` (`model_id`,`model_type`)
) ENGINE=InnoDB DEFAULT CHARSET=utf8mb4 COLLATE=utf8mb4_unicode_ci;

--
-- Dumping data for table `model_has_roles`
--

INSERT INTO `model_has_roles` (`role_id`, `model_type`, `model_id`) VALUES
(6, 'App\\User', 1),
(5, 'App\\User', 2),
(4, 'App\\User', 3);

-- --------------------------------------------------------

--
-- Table structure for table `password_resets`
--

DROP TABLE IF EXISTS `password_resets`;
CREATE TABLE IF NOT EXISTS `password_resets` (
  `email` varchar(191) COLLATE utf8mb4_unicode_ci NOT NULL,
  `token` varchar(191) COLLATE utf8mb4_unicode_ci NOT NULL,
  `created_at` timestamp NULL DEFAULT NULL,
  KEY `password_resets_email_index` (`email`)
) ENGINE=InnoDB DEFAULT CHARSET=utf8mb4 COLLATE=utf8mb4_unicode_ci;

-- --------------------------------------------------------

--
-- Table structure for table `permissions`
--

DROP TABLE IF EXISTS `permissions`;
CREATE TABLE IF NOT EXISTS `permissions` (
  `id` bigint(20) UNSIGNED NOT NULL AUTO_INCREMENT,
  `name` varchar(191) COLLATE utf8mb4_unicode_ci NOT NULL,
  `guard_name` varchar(191) COLLATE utf8mb4_unicode_ci NOT NULL,
  `created_at` timestamp NULL DEFAULT NULL,
  `updated_at` timestamp NULL DEFAULT NULL,
  PRIMARY KEY (`id`)
) ENGINE=InnoDB AUTO_INCREMENT=121 DEFAULT CHARSET=utf8mb4 COLLATE=utf8mb4_unicode_ci;

--
-- Dumping data for table `permissions`
--

INSERT INTO `permissions` (`id`, `name`, `guard_name`, `created_at`, `updated_at`) VALUES
(1, 'Business Setup', 'web', '2020-07-17 08:46:27', '2020-07-17 08:46:27'),
(2, 'Sales List', 'web', '2020-07-17 08:46:27', '2020-07-17 08:46:27'),
(3, 'Sales Invoice', 'web', '2020-07-17 08:46:27', '2020-07-17 08:46:27'),
(4, 'Sales Create', 'web', '2020-07-17 08:46:27', '2020-07-17 08:46:27'),
(5, 'Sales Edit', 'web', '2020-07-17 08:46:27', '2020-07-17 08:46:27'),
(6, 'Sales Delete', 'web', '2020-07-17 08:46:27', '2020-07-17 08:46:27'),
(7, 'Quotations List', 'web', '2020-07-17 08:46:27', '2020-07-17 08:46:27'),
(8, 'Draft List', 'web', '2020-07-17 08:46:27', '2020-07-17 08:46:27'),
(9, 'Pending List', 'web', '2020-07-17 08:46:27', '2020-07-17 08:46:27'),
(10, 'Order List', 'web', '2020-07-17 08:46:27', '2020-07-17 08:46:27'),
(11, 'Purchase List', 'web', '2020-07-17 08:46:27', '2020-07-17 08:46:27'),
(12, 'Purchase Invoice', 'web', '2020-07-17 08:46:27', '2020-07-17 08:46:27'),
(13, 'Purchase Create', 'web', '2020-07-17 08:46:27', '2020-07-17 08:46:27'),
(14, 'Purchase Edit', 'web', '2020-07-17 08:46:27', '2020-07-17 08:46:27'),
(15, 'Purchase Delete', 'web', '2020-07-17 08:46:27', '2020-07-17 08:46:27'),
(16, 'Product List', 'web', '2020-07-17 08:46:27', '2020-07-17 08:46:27'),
(17, 'Product Create', 'web', '2020-07-17 08:46:27', '2020-07-17 08:46:27'),
(18, 'Product Edit', 'web', '2020-07-17 08:46:27', '2020-07-17 08:46:27'),
(19, 'Product Delete', 'web', '2020-07-17 08:46:27', '2020-07-17 08:46:27'),
(20, 'Stock Adjustment List', 'web', '2020-07-17 08:46:27', '2020-07-17 08:46:27'),
(21, 'Stock Adjustment Create', 'web', '2020-07-17 08:46:27', '2020-07-17 08:46:27'),
(22, 'Stock Adjustment Edit', 'web', '2020-07-17 08:46:27', '2020-07-17 08:46:27'),
(23, 'Stock Adjustment Delete', 'web', '2020-07-17 08:46:27', '2020-07-17 08:46:27'),
(24, 'Product Category List', 'web', '2020-07-17 08:46:27', '2020-07-17 08:46:27'),
(25, 'Product Category Create', 'web', '2020-07-17 08:46:27', '2020-07-17 08:46:27'),
(26, 'Product Category Edit', 'web', '2020-07-17 08:46:27', '2020-07-17 08:46:27'),
(27, 'Product Category Delete', 'web', '2020-07-17 08:46:27', '2020-07-17 08:46:27'),
(28, 'Product Units List', 'web', '2020-07-17 08:46:27', '2020-07-17 08:46:27'),
(29, 'Product Units Create', 'web', '2020-07-17 08:46:27', '2020-07-17 08:46:27'),
(30, 'Product Units Edit', 'web', '2020-07-17 08:46:27', '2020-07-17 08:46:27'),
(31, 'Product Units Delete', 'web', '2020-07-17 08:46:27', '2020-07-17 08:46:27'),
(32, 'Product Company List', 'web', '2020-07-17 08:46:27', '2020-07-17 08:46:27'),
(33, 'Product Company Create', 'web', '2020-07-17 08:46:27', '2020-07-17 08:46:27'),
(34, 'Product Company Edit', 'web', '2020-07-17 08:46:27', '2020-07-17 08:46:27'),
(35, 'Product Company Delete', 'web', '2020-07-17 08:46:27', '2020-07-17 08:46:27'),
(36, 'Product Transaction', 'web', '2020-07-17 08:46:27', '2020-07-17 08:46:27'),
(37, 'Product Brand List', 'web', '2020-07-17 08:46:27', '2020-07-17 08:46:27'),
(38, 'Product Brand Create', 'web', '2020-07-17 08:46:27', '2020-07-17 08:46:27'),
(39, 'Product Brand Edit', 'web', '2020-07-17 08:46:27', '2020-07-17 08:46:27'),
(40, 'Product Brand Delete', 'web', '2020-07-17 08:46:27', '2020-07-17 08:46:27'),
(41, 'Customer List', 'web', '2020-07-17 08:46:27', '2020-07-17 08:46:27'),
(42, 'Customer Transaction', 'web', '2020-07-17 08:46:27', '2020-07-17 08:46:27'),
(43, 'Customer Payment', 'web', '2020-07-17 08:46:27', '2020-07-17 08:46:27'),
(44, 'Customer Create', 'web', '2020-07-17 08:46:27', '2020-07-17 08:46:27'),
(45, 'Customer Edit', 'web', '2020-07-17 08:46:27', '2020-07-17 08:46:27'),
(46, 'Customer Delete', 'web', '2020-07-17 08:46:27', '2020-07-17 08:46:27'),
(47, 'Agent List', 'web', '2020-07-17 08:46:27', '2020-07-17 08:46:27'),
(48, 'Agent Create', 'web', '2020-07-17 08:46:27', '2020-07-17 08:46:27'),
(49, 'Agent Edit', 'web', '2020-07-17 08:46:27', '2020-07-17 08:46:27'),
(50, 'Agent Delete', 'web', '2020-07-17 08:46:27', '2020-07-17 08:46:27'),
(51, 'District List', 'web', '2020-07-17 08:46:27', '2020-07-17 08:46:27'),
(52, 'District Create', 'web', '2020-07-17 08:46:27', '2020-07-17 08:46:27'),
(53, 'District Edit', 'web', '2020-07-17 08:46:27', '2020-07-17 08:46:27'),
(54, 'District Delete', 'web', '2020-07-17 08:46:27', '2020-07-17 08:46:27'),
(55, 'SubDistrict List', 'web', '2020-07-17 08:46:27', '2020-07-17 08:46:27'),
(56, 'SubDistrict Create', 'web', '2020-07-17 08:46:27', '2020-07-17 08:46:27'),
(57, 'SubDistrict Edit', 'web', '2020-07-17 08:46:28', '2020-07-17 08:46:28'),
(58, 'SubDistrict Delete', 'web', '2020-07-17 08:46:28', '2020-07-17 08:46:28'),
(59, 'Customer Category List', 'web', '2020-07-17 08:46:28', '2020-07-17 08:46:28'),
(60, 'Customer Category Create', 'web', '2020-07-17 08:46:28', '2020-07-17 08:46:28'),
(61, 'Customer Category Edit', 'web', '2020-07-17 08:46:28', '2020-07-17 08:46:28'),
(62, 'Customer Category Delete', 'web', '2020-07-17 08:46:28', '2020-07-17 08:46:28'),
(63, 'Supplier List', 'web', '2020-07-17 08:46:28', '2020-07-17 08:46:28'),
(64, 'Supplier Transaction', 'web', '2020-07-17 08:46:28', '2020-07-17 08:46:28'),
(65, 'Supplier Payment', 'web', '2020-07-17 08:46:28', '2020-07-17 08:46:28'),
(66, 'Supplier Create', 'web', '2020-07-17 08:46:28', '2020-07-17 08:46:28'),
(67, 'Supplier Edit', 'web', '2020-07-17 08:46:28', '2020-07-17 08:46:28'),
(68, 'Supplier Delete', 'web', '2020-07-17 08:46:28', '2020-07-17 08:46:28'),
(69, 'Supplier Category List', 'web', '2020-07-17 08:46:28', '2020-07-17 08:46:28'),
(70, 'Supplier Category Create', 'web', '2020-07-17 08:46:28', '2020-07-17 08:46:28'),
(71, 'Supplier Category Edit', 'web', '2020-07-17 08:46:28', '2020-07-17 08:46:28'),
(72, 'Supplier Category Delete', 'web', '2020-07-17 08:46:28', '2020-07-17 08:46:28'),
(73, 'Accounts List', 'web', '2020-07-17 08:46:28', '2020-07-17 08:46:28'),
(74, 'Accounts Transaction', 'web', '2020-07-17 08:46:28', '2020-07-17 08:46:28'),
(75, 'Accounts Create', 'web', '2020-07-17 08:46:28', '2020-07-17 08:46:28'),
(76, 'Accounts Edit', 'web', '2020-07-17 08:46:28', '2020-07-17 08:46:28'),
(77, 'Accounts Delete', 'web', '2020-07-17 08:46:28', '2020-07-17 08:46:28'),
(78, 'Transaction Create', 'web', '2020-07-17 08:46:28', '2020-07-17 08:46:28'),
(79, 'Transaction Edit', 'web', '2020-07-17 08:46:28', '2020-07-17 08:46:28'),
(80, 'Balance Sheet View', 'web', '2020-07-17 08:46:28', '2020-07-17 08:46:28'),
(81, 'Trial Balance View', 'web', '2020-07-17 08:46:28', '2020-07-17 08:46:28'),
(82, 'Cash Flow View', 'web', '2020-07-17 08:46:28', '2020-07-17 08:46:28'),
(83, 'Reports Generate', 'web', '2020-07-17 08:46:28', '2020-07-17 08:46:28'),
(84, 'Expense List', 'web', '2020-07-17 08:46:28', '2020-07-17 08:46:28'),
(85, 'Expense Create', 'web', '2020-07-17 08:46:28', '2020-07-17 08:46:28'),
(86, 'Expense Edit', 'web', '2020-07-17 08:46:28', '2020-07-17 08:46:28'),
(87, 'Expense Delete', 'web', '2020-07-17 08:46:28', '2020-07-17 08:46:28'),
(88, 'Expense Category List', 'web', '2020-07-17 08:46:28', '2020-07-17 08:46:28'),
(89, 'Expense Category Create', 'web', '2020-07-17 08:46:28', '2020-07-17 08:46:28'),
(90, 'Expense Category Edit', 'web', '2020-07-17 08:46:28', '2020-07-17 08:46:28'),
(91, 'Expense Category Delete', 'web', '2020-07-17 08:46:28', '2020-07-17 08:46:28'),
(92, 'Role List', 'web', '2020-07-17 08:46:28', '2020-07-17 08:46:28'),
(93, 'Role Create', 'web', '2020-07-17 08:46:28', '2020-07-17 08:46:28'),
(94, 'Role Edit', 'web', '2020-07-17 08:46:28', '2020-07-17 08:46:28'),
(95, 'Role Delete', 'web', '2020-07-17 08:46:28', '2020-07-17 08:46:28'),
(96, 'Role Permission', 'web', '2020-07-17 08:46:28', '2020-07-17 08:46:28'),
(97, 'User List', 'web', '2020-07-17 08:46:28', '2020-07-17 08:46:28'),
(98, 'User Create', 'web', '2020-07-17 08:46:28', '2020-07-17 08:46:28'),
(99, 'User Edit', 'web', '2020-07-17 08:46:28', '2020-07-17 08:46:28'),
(100, 'User Delete', 'web', '2020-07-17 08:46:28', '2020-07-17 08:46:28'),
(101, 'Warehouse List', 'web', '2020-07-17 08:46:28', '2020-07-17 08:46:28'),
(102, 'Warehouse Create', 'web', '2020-07-17 08:46:28', '2020-07-17 08:46:28'),
(103, 'Warehouse Edit', 'web', '2020-07-17 08:46:28', '2020-07-17 08:46:28'),
(104, 'Warehouse Delete', 'web', '2020-07-17 08:46:28', '2020-07-17 08:46:28'),
(105, 'Discount List', 'web', '2020-07-17 08:46:28', '2020-07-17 08:46:28'),
(106, 'Discount Create', 'web', '2020-07-17 08:46:28', '2020-07-17 08:46:28'),
(107, 'Discount Edit', 'web', '2020-07-17 08:46:28', '2020-07-17 08:46:28'),
(108, 'Discount Delete', 'web', '2020-07-17 08:46:28', '2020-07-17 08:46:28'),
(109, 'Vat List', 'web', '2020-07-17 08:46:28', '2020-07-17 08:46:28'),
(110, 'Vat Create', 'web', '2020-07-17 08:46:28', '2020-07-17 08:46:28'),
(111, 'Vat Edit', 'web', '2020-07-17 08:46:28', '2020-07-17 08:46:28'),
(112, 'Vat Delete', 'web', '2020-07-17 08:46:28', '2020-07-17 08:46:28'),
(113, 'Shipment List', 'web', '2020-07-17 08:46:28', '2020-07-17 08:46:28'),
(114, 'Shipment Create', 'web', '2020-07-17 08:46:28', '2020-07-17 08:46:28'),
(115, 'Shipment Edit', 'web', '2020-07-17 08:46:28', '2020-07-17 08:46:28'),
(116, 'Shipment Delete', 'web', '2020-07-17 08:46:28', '2020-07-17 08:46:28'),
(117, 'Zone List', 'web', '2020-07-17 08:46:28', '2020-07-17 08:46:28'),
(118, 'Zone Create', 'web', '2020-07-17 08:46:28', '2020-07-17 08:46:28'),
(119, 'Zone Edit', 'web', '2020-07-17 08:46:28', '2020-07-17 08:46:28'),
(120, 'Zone Delete', 'web', '2020-07-17 08:46:28', '2020-07-17 08:46:28');

-- --------------------------------------------------------

--
-- Table structure for table `products`
--

DROP TABLE IF EXISTS `products`;
CREATE TABLE IF NOT EXISTS `products` (
  `id` bigint(20) UNSIGNED NOT NULL AUTO_INCREMENT,
  `name` varchar(191) COLLATE utf8mb4_unicode_ci NOT NULL,
  `sku` varchar(191) COLLATE utf8mb4_unicode_ci NOT NULL,
  `sell_price` double NOT NULL DEFAULT '0' COMMENT 'Default sells price for init price',
  `purchase_price` double NOT NULL DEFAULT '0' COMMENT 'Default purchase price for init price',
  `product_type` enum('Main','Other') COLLATE utf8mb4_unicode_ci NOT NULL DEFAULT 'Main' COMMENT 'Main product of business like add to customer target',
  `enable_stock` tinyint(1) NOT NULL DEFAULT '1' COMMENT '0 mean not enable to count in stock',
  `enable_expire` tinyint(1) NOT NULL DEFAULT '0' COMMENT '0 mean not enable',
  `enable_serial` tinyint(1) NOT NULL DEFAULT '0' COMMENT '0 mean not enable serial/IMIEI no',
  `alert_quantity` int(11) NOT NULL DEFAULT '0',
  `alert_expire_day` int(11) NOT NULL DEFAULT '0',
  `barcode` enum('C39','C128','EAN13','EAN8','UPCA','UPCE') COLLATE utf8mb4_unicode_ci DEFAULT NULL,
  `custom_field` varchar(191) COLLATE utf8mb4_unicode_ci DEFAULT NULL COMMENT 'custom field like size, weight etc.',
  `image` varchar(191) COLLATE utf8mb4_unicode_ci DEFAULT NULL,
  `description` varchar(191) COLLATE utf8mb4_unicode_ci DEFAULT NULL,
  `stock` double NOT NULL DEFAULT '0',
  `is_active` tinyint(1) NOT NULL DEFAULT '1' COMMENT '0 mean inactive',
  `product_categories_id` bigint(20) UNSIGNED NOT NULL,
  `sub_product_categories_id` bigint(20) UNSIGNED DEFAULT NULL,
  `brands_id` bigint(20) UNSIGNED DEFAULT NULL,
  `companies_id` bigint(20) UNSIGNED DEFAULT NULL,
  `units_id` bigint(20) UNSIGNED DEFAULT NULL,
  `vet_texes_id` bigint(20) UNSIGNED DEFAULT NULL,
  `tax_type` enum('Inclusive','Exclusive') COLLATE utf8mb4_unicode_ci DEFAULT NULL,
  `business_id` bigint(20) UNSIGNED NOT NULL,
  `users_id` bigint(20) UNSIGNED DEFAULT NULL,
  `deleted_at` timestamp NULL DEFAULT NULL,
  `created_at` timestamp NULL DEFAULT NULL,
  `updated_at` timestamp NULL DEFAULT NULL,
  PRIMARY KEY (`id`),
  UNIQUE KEY `products_sku_business_id_unique` (`sku`,`business_id`),
  KEY `products_product_categories_id_foreign` (`product_categories_id`),
  KEY `products_sub_product_categories_id_foreign` (`sub_product_categories_id`),
  KEY `products_brands_id_foreign` (`brands_id`),
  KEY `products_companies_id_foreign` (`companies_id`),
  KEY `products_units_id_foreign` (`units_id`),
  KEY `products_vet_texes_id_foreign` (`vet_texes_id`),
  KEY `products_business_id_foreign` (`business_id`),
  KEY `products_users_id_foreign` (`users_id`)
) ENGINE=InnoDB AUTO_INCREMENT=28 DEFAULT CHARSET=utf8mb4 COLLATE=utf8mb4_unicode_ci;

--
-- Dumping data for table `products`
--

INSERT INTO `products` (`id`, `name`, `sku`, `sell_price`, `purchase_price`, `product_type`, `enable_stock`, `enable_expire`, `enable_serial`, `alert_quantity`, `alert_expire_day`, `barcode`, `custom_field`, `image`, `description`, `stock`, `is_active`, `product_categories_id`, `sub_product_categories_id`, `brands_id`, `companies_id`, `units_id`, `vet_texes_id`, `tax_type`, `business_id`, `users_id`, `deleted_at`, `created_at`, `updated_at`) VALUES
(4, 'Seven Rings Star', '1245', 500, 480, 'Main', 0, 0, 0, 50, 0, NULL, NULL, NULL, 'Is good', 20, 1, 1, NULL, 5, 3, 3, NULL, NULL, 1, 1, NULL, '2020-04-28 13:09:26', '2020-06-07 03:59:57'),
(21, 'Labonno Chaal', '1288', 750, 700, 'Main', 0, 0, 0, 0, 0, NULL, NULL, NULL, NULL, 6, 1, 1, NULL, 5, 1, 3, NULL, NULL, 1, 1, NULL, '2020-04-28 14:47:35', '2020-06-13 23:42:44'),
(25, 'Kushuyara Seeds', '1278', 500, 300, 'Main', 0, 0, 0, 0, 0, NULL, NULL, NULL, NULL, 5, 1, 1, NULL, 2, 3, 3, NULL, NULL, 1, 1, NULL, '2020-04-28 14:50:39', '2020-06-13 23:42:20'),
(26, 'Boroi Achar', '1522', 500, 350, 'Main', 0, 0, 0, 10, 0, NULL, NULL, NULL, 'Is good', 15, 1, 3, NULL, 4, 2, 4, NULL, NULL, 1, 1, NULL, '2020-05-05 16:06:54', '2020-05-06 02:02:11'),
(27, 'Nokia 1100', '1382', 3000, 2500, 'Main', 0, 0, 0, 5, 0, NULL, NULL, NULL, 'Is good', 10, 1, 3, NULL, 1, 1, 3, NULL, NULL, 1, 1, NULL, '2020-05-13 11:45:39', '2020-05-13 11:45:39');

-- --------------------------------------------------------

--
-- Table structure for table `product_categories`
--

DROP TABLE IF EXISTS `product_categories`;
CREATE TABLE IF NOT EXISTS `product_categories` (
  `id` bigint(20) UNSIGNED NOT NULL AUTO_INCREMENT,
  `name` varchar(191) COLLATE utf8mb4_unicode_ci NOT NULL,
  `code` varchar(191) COLLATE utf8mb4_unicode_ci DEFAULT NULL,
  `parent_id` bigint(20) DEFAULT NULL,
  `business_id` bigint(20) UNSIGNED NOT NULL,
  `users_id` bigint(20) UNSIGNED DEFAULT NULL,
  `deleted_at` timestamp NULL DEFAULT NULL,
  `created_at` timestamp NULL DEFAULT NULL,
  `updated_at` timestamp NULL DEFAULT NULL,
  PRIMARY KEY (`id`),
  UNIQUE KEY `product_categories_name_code_business_id_unique` (`name`,`code`,`business_id`),
  KEY `product_categories_business_id_foreign` (`business_id`),
  KEY `product_categories_users_id_foreign` (`users_id`)
) ENGINE=InnoDB AUTO_INCREMENT=4 DEFAULT CHARSET=utf8mb4 COLLATE=utf8mb4_unicode_ci;

--
-- Dumping data for table `product_categories`
--

INSERT INTO `product_categories` (`id`, `name`, `code`, `parent_id`, `business_id`, `users_id`, `deleted_at`, `created_at`, `updated_at`) VALUES
(1, 'Cement', '444', NULL, 1, 1, NULL, '2020-04-26 12:15:52', '2020-04-26 12:16:51'),
(2, 'Steel', '555', NULL, 1, 1, NULL, '2020-04-26 12:16:43', '2020-04-26 12:16:43'),
(3, 'Electronics', '855', NULL, 1, 1, NULL, '2020-04-26 12:17:48', '2020-06-07 01:12:34');

-- --------------------------------------------------------

--
-- Table structure for table `product_returns`
--

DROP TABLE IF EXISTS `product_returns`;
CREATE TABLE IF NOT EXISTS `product_returns` (
  `id` bigint(20) UNSIGNED NOT NULL AUTO_INCREMENT,
  `code` varchar(191) COLLATE utf8mb4_unicode_ci DEFAULT NULL,
  `document` varchar(191) COLLATE utf8mb4_unicode_ci DEFAULT NULL COMMENT 'Attach Document',
  `return_type` enum('Sells Return','Purchase Return') COLLATE utf8mb4_unicode_ci NOT NULL DEFAULT 'Sells Return',
  `customers_id` bigint(20) UNSIGNED DEFAULT NULL,
  `sell_invoices_id` bigint(20) UNSIGNED DEFAULT NULL,
  `suppliers_id` bigint(20) UNSIGNED DEFAULT NULL,
  `purchase_invoices_id` bigint(20) UNSIGNED DEFAULT NULL,
  `vet_texes_id` bigint(20) UNSIGNED DEFAULT NULL,
  `warehouses_id` bigint(20) UNSIGNED DEFAULT NULL,
  `business_id` bigint(20) UNSIGNED NOT NULL,
  `users_id` bigint(20) UNSIGNED DEFAULT NULL,
  `deleted_at` timestamp NULL DEFAULT NULL,
  `created_at` timestamp NULL DEFAULT NULL,
  `updated_at` timestamp NULL DEFAULT NULL,
  PRIMARY KEY (`id`),
  UNIQUE KEY `product_returns_code_business_id_unique` (`code`,`business_id`),
  KEY `product_returns_customers_id_foreign` (`customers_id`),
  KEY `product_returns_sell_invoices_id_foreign` (`sell_invoices_id`),
  KEY `product_returns_suppliers_id_foreign` (`suppliers_id`),
  KEY `product_returns_purchase_invoices_id_foreign` (`purchase_invoices_id`),
  KEY `product_returns_vet_texes_id_foreign` (`vet_texes_id`),
  KEY `product_returns_warehouses_id_foreign` (`warehouses_id`),
  KEY `product_returns_business_id_foreign` (`business_id`),
  KEY `product_returns_users_id_foreign` (`users_id`)
) ENGINE=InnoDB DEFAULT CHARSET=utf8mb4 COLLATE=utf8mb4_unicode_ci;

-- --------------------------------------------------------

--
-- Table structure for table `product_return_items`
--

DROP TABLE IF EXISTS `product_return_items`;
CREATE TABLE IF NOT EXISTS `product_return_items` (
  `id` bigint(20) UNSIGNED NOT NULL AUTO_INCREMENT,
  `return_type` enum('Sells Return','Purchase Return') COLLATE utf8mb4_unicode_ci NOT NULL DEFAULT 'Sells Return',
  `name` varchar(191) COLLATE utf8mb4_unicode_ci DEFAULT NULL COMMENT 'Product Name',
  `sku` varchar(191) COLLATE utf8mb4_unicode_ci DEFAULT NULL COMMENT 'Product SKU',
  `batch_no` varchar(191) COLLATE utf8mb4_unicode_ci DEFAULT NULL COMMENT 'Product Batch No for trace expire date',
  `expire_date` date DEFAULT NULL COMMENT 'expire date',
  `quantity` double NOT NULL DEFAULT '0',
  `amount` double NOT NULL DEFAULT '0',
  `unit` varchar(50) COLLATE utf8mb4_unicode_ci DEFAULT NULL,
  `products_id` bigint(20) UNSIGNED DEFAULT NULL,
  `warehouses_id` bigint(20) UNSIGNED DEFAULT NULL,
  `product_returns_id` bigint(20) UNSIGNED NOT NULL,
  `business_id` bigint(20) UNSIGNED NOT NULL,
  `users_id` bigint(20) UNSIGNED DEFAULT NULL,
  `deleted_at` timestamp NULL DEFAULT NULL,
  `created_at` timestamp NULL DEFAULT NULL,
  `updated_at` timestamp NULL DEFAULT NULL,
  PRIMARY KEY (`id`),
  UNIQUE KEY `unique_return_items` (`products_id`,`product_returns_id`,`batch_no`,`business_id`),
  KEY `product_return_items_warehouses_id_foreign` (`warehouses_id`),
  KEY `product_return_items_product_returns_id_foreign` (`product_returns_id`),
  KEY `product_return_items_business_id_foreign` (`business_id`),
  KEY `product_return_items_users_id_foreign` (`users_id`)
) ENGINE=InnoDB DEFAULT CHARSET=utf8mb4 COLLATE=utf8mb4_unicode_ci;

-- --------------------------------------------------------

--
-- Table structure for table `purchase_invoices`
--

DROP TABLE IF EXISTS `purchase_invoices`;
CREATE TABLE IF NOT EXISTS `purchase_invoices` (
  `id` bigint(20) UNSIGNED NOT NULL AUTO_INCREMENT,
  `code` varchar(191) COLLATE utf8mb4_unicode_ci DEFAULT NULL,
  `name` varchar(191) COLLATE utf8mb4_unicode_ci DEFAULT NULL COMMENT 'Supplier Name',
  `address` varchar(191) COLLATE utf8mb4_unicode_ci DEFAULT NULL COMMENT 'Supplier Address',
  `email` varchar(191) COLLATE utf8mb4_unicode_ci DEFAULT NULL COMMENT 'Supplier Email',
  `contact` varchar(15) COLLATE utf8mb4_unicode_ci DEFAULT NULL COMMENT 'Supplier Contact',
  `status` enum('Received','Pending','Ordered') COLLATE utf8mb4_unicode_ci NOT NULL DEFAULT 'Received',
  `labor_cost` double NOT NULL DEFAULT '0',
  `discount_amount` double NOT NULL DEFAULT '0',
  `vet_texes_amount` double NOT NULL DEFAULT '0',
  `shipping_charges` double NOT NULL DEFAULT '0',
  `additional_charges` double NOT NULL DEFAULT '0',
  `due_date` double DEFAULT NULL,
  `description` varchar(191) COLLATE utf8mb4_unicode_ci DEFAULT NULL,
  `documents` varchar(191) COLLATE utf8mb4_unicode_ci DEFAULT NULL COMMENT 'Attach Document Upload',
  `suppliers_id` bigint(20) UNSIGNED DEFAULT NULL,
  `shipments_id` bigint(20) UNSIGNED DEFAULT NULL,
  `discounts_id` bigint(20) UNSIGNED DEFAULT NULL,
  `vet_texes_id` bigint(20) UNSIGNED DEFAULT NULL,
  `warehouses_id` bigint(20) UNSIGNED DEFAULT NULL,
  `business_id` bigint(20) UNSIGNED NOT NULL,
  `users_id` bigint(20) UNSIGNED DEFAULT NULL,
  `deleted_at` timestamp NULL DEFAULT NULL,
  `created_at` timestamp NULL DEFAULT NULL,
  `updated_at` timestamp NULL DEFAULT NULL,
  PRIMARY KEY (`id`),
  UNIQUE KEY `purchase_invoices_code_business_id_unique` (`code`,`business_id`),
  KEY `purchase_invoices_suppliers_id_foreign` (`suppliers_id`),
  KEY `purchase_invoices_shipments_id_foreign` (`shipments_id`),
  KEY `purchase_invoices_discounts_id_foreign` (`discounts_id`),
  KEY `purchase_invoices_vet_texes_id_foreign` (`vet_texes_id`),
  KEY `purchase_invoices_warehouses_id_foreign` (`warehouses_id`),
  KEY `purchase_invoices_business_id_foreign` (`business_id`),
  KEY `purchase_invoices_users_id_foreign` (`users_id`)
) ENGINE=InnoDB AUTO_INCREMENT=30 DEFAULT CHARSET=utf8mb4 COLLATE=utf8mb4_unicode_ci;

--
-- Dumping data for table `purchase_invoices`
--

INSERT INTO `purchase_invoices` (`id`, `code`, `name`, `address`, `email`, `contact`, `status`, `labor_cost`, `discount_amount`, `vet_texes_amount`, `shipping_charges`, `additional_charges`, `due_date`, `description`, `documents`, `suppliers_id`, `shipments_id`, `discounts_id`, `vet_texes_id`, `warehouses_id`, `business_id`, `users_id`, `deleted_at`, `created_at`, `updated_at`) VALUES
(23, '316592813', 'Bahar Miah', 'Rikabi Bazar, Sylhet', 'velos@velostech.com', '01658547598', 'Received', 0, 3000, 4500, 0, 1000, NULL, 'This is Good, better', NULL, 4, 2, 2, 5, 3, 1, 1, NULL, '2020-07-03 18:00:00', '2020-07-04 08:58:21'),
(24, '1180186411', 'Lotif Miah', 'Rikabi Bazar, Sylhet', 'velos1@velostech.com', '01675870088', 'Received', 0, 3225, 3870, 0, 3000, NULL, NULL, NULL, 2, 2, 2, 6, 3, 1, 1, NULL, '2020-07-03 18:00:00', '2020-07-04 09:01:04'),
(25, '922643472', 'Kuddus Miah', 'Rikabi Bazar, Sylhet', 'velos@velostech.com', '01675870047', 'Received', 0, 810, 1215, 0, 1000, NULL, NULL, NULL, 1, 2, 2, 5, 3, 1, 1, NULL, '2020-07-03 18:00:00', '2020-07-04 09:02:32'),
(26, '1919658585', 'Sokhina Begum', 'Rikabi Bazar, Sylhet', 'ahmodia@velostech.com', '01675870012', 'Received', 0, 0, 0, 0, 0, NULL, NULL, NULL, 5, 2, NULL, NULL, 3, 1, 1, NULL, '2020-07-04 18:00:00', '2020-07-05 07:39:47'),
(27, '1602757754', 'Sokhina Begum', 'Rikabi Bazar, Sylhet', 'ahmodia@velostech.com', '01675870012', 'Received', 0, 0, 0, 0, 0, NULL, NULL, NULL, 5, 2, NULL, NULL, 3, 1, 1, NULL, '2020-07-04 18:00:00', '2020-07-05 07:40:13'),
(28, '1732085450', 'Sokhina Begum', 'Rikabi Bazar, Sylhet', 'ahmodia@velostech.com', '01675870012', 'Received', 0, 0, 0, 0, 0, NULL, NULL, NULL, 5, 2, NULL, NULL, 3, 1, 1, NULL, '2020-07-04 18:00:00', '2020-07-05 08:07:11'),
(29, '413099610', 'Bahar Miah', 'Rikabi Bazar, Sylhet', 'velos@velostech.com', '01658547598', 'Received', 0, 0, 0, 0, 0, NULL, NULL, NULL, 4, 2, NULL, NULL, 3, 1, 1, NULL, '2020-07-08 10:53:10', '2020-07-08 10:53:10');

-- --------------------------------------------------------

--
-- Table structure for table `purchase_items`
--

DROP TABLE IF EXISTS `purchase_items`;
CREATE TABLE IF NOT EXISTS `purchase_items` (
  `id` bigint(20) UNSIGNED NOT NULL AUTO_INCREMENT,
  `name` varchar(191) COLLATE utf8mb4_unicode_ci DEFAULT NULL COMMENT 'Product Name',
  `sku` varchar(191) COLLATE utf8mb4_unicode_ci DEFAULT NULL COMMENT 'Product SKU',
  `batch_no` varchar(191) COLLATE utf8mb4_unicode_ci DEFAULT NULL COMMENT 'Product Batch No for trace expire date',
  `expire_date` date DEFAULT NULL COMMENT 'expire date',
  `quantity` double NOT NULL DEFAULT '0',
  `amount` double NOT NULL DEFAULT '0',
  `unit` varchar(50) COLLATE utf8mb4_unicode_ci DEFAULT NULL,
  `discount_type` enum('Fixed','Percentage') COLLATE utf8mb4_unicode_ci NOT NULL DEFAULT 'Fixed',
  `discount_amount` double NOT NULL DEFAULT '0',
  `vat_amount` double NOT NULL DEFAULT '0',
  `status` enum('Active','Inactive') COLLATE utf8mb4_unicode_ci NOT NULL DEFAULT 'Active',
  `warehouses_id` bigint(20) UNSIGNED DEFAULT NULL,
  `products_id` bigint(20) UNSIGNED DEFAULT NULL,
  `purchase_invoices_id` bigint(20) UNSIGNED NOT NULL,
  `business_id` bigint(20) UNSIGNED NOT NULL,
  `users_id` bigint(20) UNSIGNED DEFAULT NULL,
  `deleted_at` timestamp NULL DEFAULT NULL,
  `created_at` timestamp NULL DEFAULT NULL,
  `updated_at` timestamp NULL DEFAULT NULL,
  PRIMARY KEY (`id`),
  UNIQUE KEY `uniq_purchase_item` (`purchase_invoices_id`,`products_id`,`batch_no`,`business_id`),
  KEY `purchase_items_warehouses_id_foreign` (`warehouses_id`),
  KEY `purchase_items_products_id_foreign` (`products_id`),
  KEY `purchase_items_business_id_foreign` (`business_id`),
  KEY `purchase_items_users_id_foreign` (`users_id`)
) ENGINE=InnoDB AUTO_INCREMENT=85 DEFAULT CHARSET=utf8mb4 COLLATE=utf8mb4_unicode_ci;

--
-- Dumping data for table `purchase_items`
--

INSERT INTO `purchase_items` (`id`, `name`, `sku`, `batch_no`, `expire_date`, `quantity`, `amount`, `unit`, `discount_type`, `discount_amount`, `vat_amount`, `status`, `warehouses_id`, `products_id`, `purchase_invoices_id`, `business_id`, `users_id`, `deleted_at`, `created_at`, `updated_at`) VALUES
(73, 'Kushuyara Seeds', '1278', '316592813', NULL, 100, 300, 'PCS', 'Fixed', 0, 0, 'Active', 3, 25, 23, 1, 1, NULL, '2020-07-03 18:00:00', '2020-07-04 08:58:21'),
(74, 'Labonno Chaal', '1288', '1180186411', NULL, 10, 700, 'PCS', 'Fixed', 0, 0, 'Active', 3, 21, 24, 1, 1, NULL, '2020-07-03 18:00:00', '2020-07-04 09:01:04'),
(75, 'Nokia 1100', '1382', '1180186411', NULL, 8, 2500, 'PCS', 'Fixed', 0, 0, 'Active', 3, 27, 24, 1, 1, NULL, '2020-07-03 18:00:00', '2020-07-04 09:01:04'),
(76, 'Boroi Achar', '1522', '1180186411', NULL, 15, 350, 'Kg', 'Fixed', 0, 0, 'Active', 3, 26, 24, 1, 1, NULL, '2020-07-03 18:00:00', '2020-07-04 09:01:04'),
(77, 'Labonno Chaal', '1288', '922643472', NULL, 8, 700, 'PCS', 'Fixed', 0, 0, 'Active', 3, 21, 25, 1, 1, NULL, '2020-07-03 18:00:00', '2020-07-04 09:02:32'),
(78, 'Nokia 1100', '1382', '922643472', NULL, 1, 2500, 'PCS', 'Fixed', 0, 0, 'Active', 3, 27, 25, 1, 1, NULL, '2020-07-03 18:00:00', '2020-07-04 09:02:32'),
(79, 'Nokia 1100', '1382', '1919658585', NULL, 5, 2500, 'PCS', 'Fixed', 0, 0, 'Active', 3, 27, 26, 1, 1, NULL, '2020-07-04 18:00:00', '2020-07-05 07:39:47'),
(80, 'Nokia 1100', '1382', '1602757754', NULL, 3, 2500, 'PCS', 'Fixed', 0, 0, 'Active', 3, 27, 27, 1, 1, NULL, '2020-07-04 18:00:00', '2020-07-05 07:40:13'),
(81, 'Kushuyara Seeds', '1278', '1732085450', NULL, 1, 300, 'PCS', 'Fixed', 0, 0, 'Active', 3, 25, 28, 1, 1, NULL, '2020-07-04 18:00:00', '2020-07-05 08:07:11'),
(82, 'Boroi Achar', '1522', '413099610', NULL, 2, 350, 'Kg', 'Fixed', 0, 0, 'Active', 3, 26, 29, 1, 1, NULL, '2020-07-08 10:53:10', '2020-07-08 10:53:10'),
(83, 'Seven Rings Star', '1245', '413099610', NULL, 2, 480, 'PCS', 'Fixed', 0, 0, 'Active', 3, 4, 29, 1, 1, NULL, '2020-07-08 10:53:10', '2020-07-08 10:53:10'),
(84, 'Labonno Chaal', '1288', '413099610', NULL, 2, 700, 'PCS', 'Fixed', 0, 0, 'Active', 3, 21, 29, 1, 1, NULL, '2020-07-08 10:53:10', '2020-07-08 10:53:10');

-- --------------------------------------------------------

--
-- Table structure for table `roles`
--

DROP TABLE IF EXISTS `roles`;
CREATE TABLE IF NOT EXISTS `roles` (
  `id` bigint(20) UNSIGNED NOT NULL AUTO_INCREMENT,
  `name` varchar(191) COLLATE utf8mb4_unicode_ci NOT NULL,
  `guard_name` varchar(191) COLLATE utf8mb4_unicode_ci NOT NULL,
  `created_at` timestamp NULL DEFAULT NULL,
  `updated_at` timestamp NULL DEFAULT NULL,
  PRIMARY KEY (`id`)
) ENGINE=InnoDB AUTO_INCREMENT=7 DEFAULT CHARSET=utf8mb4 COLLATE=utf8mb4_unicode_ci;

--
-- Dumping data for table `roles`
--

INSERT INTO `roles` (`id`, `name`, `guard_name`, `created_at`, `updated_at`) VALUES
(1, 'Manager', 'web', '2020-06-30 21:04:55', '2020-07-01 04:33:21'),
(3, 'Selles', 'web', '2020-07-01 04:37:00', '2020-07-01 04:37:00'),
(4, 'Stuff', 'web', '2020-07-01 04:37:13', '2020-07-01 04:45:51'),
(5, 'Admin', 'web', '2020-07-01 12:25:00', '2020-07-01 12:25:00'),
(6, 'Super Admin', 'web', '2020-07-01 14:29:51', '2020-07-01 14:29:51');

-- --------------------------------------------------------

--
-- Table structure for table `role_has_permissions`
--

DROP TABLE IF EXISTS `role_has_permissions`;
CREATE TABLE IF NOT EXISTS `role_has_permissions` (
  `permission_id` bigint(20) UNSIGNED NOT NULL,
  `role_id` bigint(20) UNSIGNED NOT NULL,
  PRIMARY KEY (`permission_id`,`role_id`),
  KEY `role_has_permissions_role_id_foreign` (`role_id`)
) ENGINE=InnoDB DEFAULT CHARSET=utf8mb4 COLLATE=utf8mb4_unicode_ci;

--
-- Dumping data for table `role_has_permissions`
--

INSERT INTO `role_has_permissions` (`permission_id`, `role_id`) VALUES
(7, 5),
(48, 5),
(49, 5),
(52, 5),
(54, 5);

-- --------------------------------------------------------

--
-- Table structure for table `sell_invoices`
--

DROP TABLE IF EXISTS `sell_invoices`;
CREATE TABLE IF NOT EXISTS `sell_invoices` (
  `id` bigint(20) UNSIGNED NOT NULL AUTO_INCREMENT,
  `code` varchar(191) COLLATE utf8mb4_unicode_ci DEFAULT NULL,
  `name` varchar(191) COLLATE utf8mb4_unicode_ci DEFAULT NULL COMMENT 'Customer Name',
  `address` varchar(191) COLLATE utf8mb4_unicode_ci DEFAULT NULL COMMENT 'Customer Address',
  `email` varchar(191) COLLATE utf8mb4_unicode_ci DEFAULT NULL COMMENT 'Customer Email',
  `contact` varchar(15) COLLATE utf8mb4_unicode_ci DEFAULT NULL COMMENT 'Customer Contact',
  `status` enum('Final','Draft','Quotation') COLLATE utf8mb4_unicode_ci NOT NULL DEFAULT 'Final',
  `payment_term` enum('Daily','Monthly','Yearly') COLLATE utf8mb4_unicode_ci NOT NULL DEFAULT 'Daily',
  `discount_type` enum('Fixed','Percentage') COLLATE utf8mb4_unicode_ci NOT NULL DEFAULT 'Fixed',
  `agent_commission_type` enum('Fixed','Percentage') COLLATE utf8mb4_unicode_ci NOT NULL DEFAULT 'Fixed',
  `labor_cost` double NOT NULL DEFAULT '0',
  `discount_amount` double NOT NULL DEFAULT '0',
  `agent_commission` double NOT NULL DEFAULT '0',
  `vet_texes_amount` double NOT NULL DEFAULT '0',
  `shipping_charges` double NOT NULL DEFAULT '0',
  `additional_charges` double NOT NULL DEFAULT '0',
  `previous_due` double NOT NULL DEFAULT '0',
  `description` varchar(191) COLLATE utf8mb4_unicode_ci DEFAULT NULL,
  `due_date` date DEFAULT NULL,
  `is_delivery` tinyint(1) NOT NULL DEFAULT '0',
  `delivery_address` varchar(191) COLLATE utf8mb4_unicode_ci DEFAULT NULL,
  `delivery_date` varchar(191) COLLATE utf8mb4_unicode_ci DEFAULT NULL,
  `delivery_description` varchar(191) COLLATE utf8mb4_unicode_ci DEFAULT NULL,
  `delivery_status` enum('Pending Delivery','On The Way','Delivered') COLLATE utf8mb4_unicode_ci DEFAULT NULL,
  `documents` varchar(191) COLLATE utf8mb4_unicode_ci DEFAULT NULL COMMENT 'Attach Document Upload',
  `customers_id` bigint(20) UNSIGNED DEFAULT NULL,
  `shipments_id` bigint(20) UNSIGNED DEFAULT NULL,
  `discounts_id` bigint(20) UNSIGNED DEFAULT NULL,
  `vet_texes_id` bigint(20) UNSIGNED DEFAULT NULL,
  `agents_id` bigint(20) UNSIGNED DEFAULT NULL,
  `warehouses_id` bigint(20) UNSIGNED DEFAULT NULL,
  `business_id` bigint(20) UNSIGNED NOT NULL,
  `users_id` bigint(20) UNSIGNED DEFAULT NULL,
  `deleted_at` timestamp NULL DEFAULT NULL,
  `created_at` timestamp NULL DEFAULT NULL,
  `updated_at` timestamp NULL DEFAULT NULL,
  PRIMARY KEY (`id`),
  UNIQUE KEY `sell_invoices_code_business_id_unique` (`code`,`business_id`),
  KEY `sell_invoices_customers_id_foreign` (`customers_id`),
  KEY `sell_invoices_shipments_id_foreign` (`shipments_id`),
  KEY `sell_invoices_discounts_id_foreign` (`discounts_id`),
  KEY `sell_invoices_vet_texes_id_foreign` (`vet_texes_id`),
  KEY `sell_invoices_agents_id_foreign` (`agents_id`),
  KEY `sell_invoices_warehouses_id_foreign` (`warehouses_id`),
  KEY `sell_invoices_business_id_foreign` (`business_id`),
  KEY `sell_invoices_users_id_foreign` (`users_id`)
) ENGINE=InnoDB AUTO_INCREMENT=36 DEFAULT CHARSET=utf8mb4 COLLATE=utf8mb4_unicode_ci;

--
-- Dumping data for table `sell_invoices`
--

INSERT INTO `sell_invoices` (`id`, `code`, `name`, `address`, `email`, `contact`, `status`, `payment_term`, `discount_type`, `agent_commission_type`, `labor_cost`, `discount_amount`, `agent_commission`, `vet_texes_amount`, `shipping_charges`, `additional_charges`, `previous_due`, `description`, `due_date`, `is_delivery`, `delivery_address`, `delivery_date`, `delivery_description`, `delivery_status`, `documents`, `customers_id`, `shipments_id`, `discounts_id`, `vet_texes_id`, `agents_id`, `warehouses_id`, `business_id`, `users_id`, `deleted_at`, `created_at`, `updated_at`) VALUES
(6, '970340253', 'Bahar Miah', 'Rikabi Bazar, Sylhet', 'velos@velostech.com', '01675870048', 'Final', 'Daily', 'Fixed', 'Fixed', 0, 150, 0, 225, 0, 250, 0, NULL, NULL, 0, NULL, NULL, NULL, NULL, NULL, 8, 2, 2, 5, NULL, 3, 1, 1, NULL, '2020-06-17 18:00:00', '2020-06-17 14:34:35'),
(7, '529458011', 'Bahar Miah', 'Rikabi Bazar, Sylhet', 'velos@velostech.com', '01675870048', 'Final', 'Daily', 'Fixed', 'Fixed', 0, 375, 0, 0, 0, 250, 0, 'This is Good, better', NULL, 0, NULL, NULL, NULL, NULL, NULL, 8, 2, 2, NULL, NULL, 2, 1, 1, NULL, '2020-06-17 18:00:00', '2020-06-17 14:40:18'),
(8, '161913193', 'Kuddus Miah', 'Rikabi Bazar, Sylhet', 'velos@velostech.com', '01675870002', 'Final', 'Daily', 'Fixed', 'Fixed', 0, 525, 0, 525, 0, 300, 0, 'This is Good, better', NULL, 0, NULL, NULL, NULL, NULL, NULL, 9, 1, 5, 5, NULL, 3, 1, 1, NULL, '2020-06-17 18:00:00', '2020-06-18 01:23:30'),
(9, '235136845', 'Kuddus Miah', 'Rikabi Bazar, Sylhet', 'velos@velostech.com', '01675870002', 'Final', 'Daily', 'Fixed', 'Fixed', 0, 600, 0, 300, 0, 350, 0, 'This is Good, better', NULL, 0, NULL, NULL, NULL, NULL, NULL, 9, 2, 5, 4, NULL, 3, 1, 1, NULL, '2020-06-17 18:00:00', '2020-06-18 01:53:31'),
(10, '341787573', 'Bahar Miah', 'Rikabi Bazar, Sylhet', 'velos@velostech.com', '01675870048', 'Final', 'Daily', 'Fixed', 'Fixed', 0, 0, 0, 0, 0, 0, 0, NULL, NULL, 0, NULL, NULL, NULL, NULL, NULL, 8, 2, NULL, NULL, NULL, 3, 1, 1, NULL, '2020-06-17 18:00:00', '2020-06-18 04:12:41'),
(11, '474807881', 'Bahar Miah', 'Rikabi Bazar, Sylhet', 'velos@velostech.com', '01675870048', 'Final', 'Daily', 'Fixed', 'Fixed', 0, 0, 0, 0, 0, 0, 0, NULL, NULL, 0, NULL, NULL, NULL, NULL, NULL, 8, 2, NULL, NULL, NULL, 3, 1, 1, NULL, '2020-06-27 18:00:00', '2020-06-28 10:16:11'),
(12, '878475542', 'Bahar Miah', 'Rikabi Bazar, Sylhet', 'velos@velostech.com', '01675870048', 'Final', 'Daily', 'Fixed', 'Fixed', 0, 0, 0, 0, 0, 0, 0, NULL, NULL, 0, NULL, NULL, NULL, NULL, NULL, 8, 2, NULL, NULL, NULL, 3, 1, 1, NULL, '2020-07-03 18:00:00', '2020-07-03 21:49:14'),
(13, '1687569757', 'Bosir Uddin', 'Rikabi Bazar, Sylhet', 'velos@velostech.com', '01675870037', 'Final', 'Daily', 'Fixed', 'Fixed', 0, 50, 0, 60, 0, 200, 0, 'This is Good, better', NULL, 0, NULL, NULL, NULL, NULL, NULL, 10, 2, 2, 6, NULL, 2, 1, 1, NULL, '2020-07-03 18:00:00', '2020-07-04 05:55:42'),
(14, '2006168568', 'Sala Uddin', 'Rikabi Bazar, Sylhet', 'velos@velostech.com', '01675877869', 'Final', 'Daily', 'Fixed', 'Fixed', 0, 0, 0, 0, 0, 0, 0, NULL, NULL, 0, NULL, NULL, NULL, NULL, NULL, 11, 2, NULL, NULL, NULL, 3, 1, 1, NULL, '2020-07-03 18:00:00', '2020-07-04 10:10:05'),
(15, '1317013227', 'Sala Uddin', 'Rikabi Bazar, Sylhet', 'velos@velostech.com', '01675877869', 'Final', 'Daily', 'Fixed', 'Fixed', 0, 0, 0, 0, 0, 0, 0, NULL, NULL, 0, NULL, NULL, NULL, NULL, NULL, 11, 2, NULL, NULL, NULL, 3, 1, 1, NULL, '2020-07-03 18:00:00', '2020-07-04 10:13:11'),
(16, '177927446', 'Bahar Miah', 'Rikabi Bazar, Sylhet', 'velos@velostech.com', '01675870048', 'Final', 'Daily', 'Fixed', 'Fixed', 0, 0, 0, 0, 0, 0, 0, NULL, NULL, 0, NULL, NULL, NULL, NULL, NULL, 8, 2, NULL, NULL, NULL, 3, 1, 1, NULL, '2020-07-03 18:00:00', '2020-07-04 10:18:54'),
(17, '782965556', 'Sala Uddin', 'Rikabi Bazar, Sylhet', 'velos@velostech.com', '01675877869', 'Final', 'Daily', 'Fixed', 'Fixed', 0, 0, 0, 0, 0, 0, 0, NULL, NULL, 0, NULL, NULL, NULL, NULL, NULL, 11, 2, NULL, NULL, NULL, 3, 1, 1, NULL, '2020-07-03 18:00:00', '2020-07-04 10:19:55'),
(18, '1840778587', 'Sala Uddin', 'Rikabi Bazar, Sylhet', 'velos@velostech.com', '01675877869', 'Final', 'Daily', 'Fixed', 'Fixed', 0, 0, 0, 0, 0, 0, 0, NULL, NULL, 0, NULL, NULL, NULL, NULL, NULL, 11, 2, NULL, NULL, NULL, 3, 1, 1, NULL, '2020-07-03 18:00:00', '2020-07-04 10:53:04'),
(19, '1427029080', 'Sala Uddin', 'Rikabi Bazar, Sylhet', 'velos@velostech.com', '01675877869', 'Final', 'Daily', 'Fixed', 'Fixed', 0, 0, 0, 0, 0, 0, 0, NULL, NULL, 0, NULL, NULL, NULL, NULL, NULL, 11, 2, NULL, NULL, NULL, 3, 1, 1, NULL, '2020-07-03 18:00:00', '2020-07-04 13:47:06'),
(20, '193274280', 'Sala Uddin', 'Rikabi Bazar, Sylhet', 'velos@velostech.com', '01675877869', 'Final', 'Daily', 'Fixed', 'Fixed', 0, 0, 0, 0, 0, 0, 0, NULL, NULL, 0, NULL, NULL, NULL, NULL, NULL, 11, 2, NULL, NULL, NULL, 3, 1, 1, NULL, '2020-07-03 18:00:00', '2020-07-04 15:21:07'),
(21, '1518399873', 'Fulbanu', 'Rikabi Bazar, Sylhet', 'velos@velostech.com', '01675878888', 'Final', 'Daily', 'Fixed', 'Fixed', 0, 0, 0, 0, 0, 0, 0, NULL, NULL, 0, NULL, NULL, NULL, NULL, NULL, 12, 2, NULL, NULL, NULL, 3, 1, 1, NULL, '2020-07-03 18:00:00', '2020-07-04 16:32:09'),
(22, '2141027233', 'Fulbanu', 'Rikabi Bazar, Sylhet', 'velos@velostech.com', '01675878888', 'Final', 'Daily', 'Fixed', 'Fixed', 0, 0, 0, 0, 0, 0, 0, NULL, NULL, 0, NULL, NULL, NULL, NULL, NULL, 12, 2, NULL, NULL, NULL, 3, 1, 1, NULL, '2020-07-03 18:00:00', '2020-07-04 16:39:16'),
(23, '480262766', 'Fulbanu', 'Rikabi Bazar, Sylhet', 'velos@velostech.com', '01675878888', 'Final', 'Daily', 'Fixed', 'Fixed', 0, 0, 0, 0, 0, 0, 0, NULL, NULL, 0, NULL, NULL, NULL, NULL, NULL, 12, 2, NULL, NULL, NULL, 3, 1, 1, NULL, '2020-07-03 18:00:00', '2020-07-04 16:39:45'),
(24, '184694328', 'Fulbanu', 'Rikabi Bazar, Sylhet', 'velos@velostech.com', '01675878888', 'Final', 'Daily', 'Fixed', 'Fixed', 0, 0, 0, 0, 0, 0, 0, NULL, NULL, 0, NULL, NULL, NULL, NULL, NULL, 12, 2, NULL, NULL, NULL, 3, 1, 1, NULL, '2020-07-03 18:00:00', '2020-07-04 16:41:20'),
(25, '628001409', 'Fulbanu', 'Rikabi Bazar, Sylhet', 'velos@velostech.com', '01675878888', 'Final', 'Daily', 'Fixed', 'Fixed', 0, 0, 0, 0, 0, 0, 0, NULL, NULL, 0, NULL, NULL, NULL, NULL, NULL, 12, 2, NULL, NULL, NULL, 3, 1, 1, NULL, '2020-07-03 18:00:00', '2020-07-04 16:43:57'),
(26, '1121452581', 'Sala Uddin', 'Rikabi Bazar, Sylhet', 'velos@velostech.com', '01675877869', 'Final', 'Daily', 'Fixed', 'Fixed', 0, 0, 0, 0, 0, 0, 0, NULL, NULL, 0, NULL, NULL, NULL, NULL, NULL, 11, 2, NULL, NULL, NULL, 3, 1, 1, NULL, '2020-07-04 18:00:00', '2020-07-04 22:20:22'),
(27, '157981460', 'Sakcuni', 'Rikabi Bazar, Sylhet', 'velos5@velostech.com', '01675878848', 'Final', 'Daily', 'Fixed', 'Fixed', 0, 0, 0, 0, 0, 0, 0, NULL, NULL, 0, NULL, NULL, NULL, NULL, NULL, 13, 2, NULL, NULL, NULL, 3, 1, 1, NULL, '2020-07-04 18:00:00', '2020-07-04 22:23:28'),
(28, '1026554442', 'Sakcuni', 'Rikabi Bazar, Sylhet', 'velos5@velostech.com', '01675878848', 'Final', 'Daily', 'Fixed', 'Fixed', 0, 0, 0, 0, 0, 0, 0, NULL, NULL, 0, NULL, NULL, NULL, NULL, NULL, 13, 2, NULL, NULL, NULL, 3, 1, 1, NULL, '2020-07-04 18:00:00', '2020-07-04 22:44:55'),
(29, '1680854013', 'Bilkis Begum', 'Rikabi Bazar, Sylhet', 'velos@velostech.com', '01675870568', 'Final', 'Daily', 'Fixed', 'Fixed', 0, 0, 0, 0, 0, 0, 0, NULL, NULL, 0, NULL, NULL, NULL, NULL, NULL, 14, 2, NULL, NULL, NULL, 3, 1, 1, NULL, '2020-07-04 18:00:00', '2020-07-05 07:44:46'),
(30, '1559888985', 'Bilkis Begum', 'Rikabi Bazar, Sylhet', 'velos@velostech.com', '01675870568', 'Final', 'Daily', 'Fixed', 'Fixed', 0, 0, 0, 0, 0, 0, 0, NULL, NULL, 0, NULL, NULL, NULL, NULL, NULL, 14, 2, NULL, NULL, NULL, 3, 1, 1, NULL, '2020-07-04 18:00:00', '2020-07-05 07:45:06'),
(31, '293695459', 'Bahar Miah', 'Rikabi Bazar, Sylhet', 'velos@velostech.com', '01675870048', 'Final', 'Daily', 'Fixed', 'Fixed', 0, 0, 0, 0, 0, 0, 0, NULL, NULL, 0, NULL, NULL, NULL, NULL, NULL, 8, 2, NULL, NULL, NULL, 3, 1, 1, NULL, '2020-07-08 09:30:59', '2020-07-08 09:30:59'),
(32, '1447365407', 'Bahar Miah', 'Rikabi Bazar, Sylhet', 'velos@velostech.com', '01675870048', 'Final', 'Daily', 'Fixed', 'Fixed', 0, 0, 0, 0, 0, 0, 0, NULL, '2020-07-17', 0, NULL, NULL, NULL, NULL, NULL, 8, 2, NULL, NULL, NULL, 3, 1, 1, NULL, '2020-07-07 19:08:32', '2020-07-13 19:08:32'),
(33, '198873662', 'Bahar Miah', 'Rikabi Bazar, Sylhet', 'velos@velostech.com', '01675870048', 'Final', 'Daily', 'Fixed', 'Fixed', 0, 0, 0, 0, 0, 0, 0, NULL, '2020-07-16', 0, NULL, NULL, NULL, NULL, NULL, 8, 2, NULL, NULL, NULL, 3, 1, 1, NULL, '2020-07-13 19:09:00', '2020-07-13 19:09:00'),
(34, '1818309358', 'Larabel', 'Rikabi Bazar, Sylhet', 'velos@velostech.com', '01675878948', 'Final', 'Daily', 'Fixed', 'Fixed', 0, 0, 0, 0, 0, 0, 0, NULL, '2020-07-16', 0, NULL, NULL, NULL, NULL, NULL, 17, 2, NULL, NULL, 3, 3, 1, 1, NULL, '2020-07-16 08:02:54', '2020-07-16 08:02:54'),
(35, '989941075', 'Bahar Miah', 'Rikabi Bazar, Sylhet', 'velos@velostech.com', '01675870048', 'Final', 'Daily', 'Fixed', 'Fixed', 0, 0, 0, 0, 0, 0, 0, NULL, '2020-07-17', 0, NULL, NULL, NULL, NULL, NULL, 8, 2, NULL, NULL, NULL, 3, 1, 1, NULL, '2020-07-16 18:46:45', '2020-07-16 18:46:45');

-- --------------------------------------------------------

--
-- Table structure for table `shipments`
--

DROP TABLE IF EXISTS `shipments`;
CREATE TABLE IF NOT EXISTS `shipments` (
  `id` bigint(20) UNSIGNED NOT NULL AUTO_INCREMENT,
  `name` varchar(191) COLLATE utf8mb4_unicode_ci NOT NULL,
  `description` varchar(191) COLLATE utf8mb4_unicode_ci DEFAULT NULL,
  `shipping_company` varchar(191) COLLATE utf8mb4_unicode_ci DEFAULT NULL,
  `business_id` bigint(20) UNSIGNED NOT NULL,
  `users_id` bigint(20) UNSIGNED DEFAULT NULL,
  `deleted_at` timestamp NULL DEFAULT NULL,
  `created_at` timestamp NULL DEFAULT NULL,
  `updated_at` timestamp NULL DEFAULT NULL,
  PRIMARY KEY (`id`),
  UNIQUE KEY `shipments_name_business_id_unique` (`name`,`business_id`),
  KEY `shipments_business_id_foreign` (`business_id`),
  KEY `shipments_users_id_foreign` (`users_id`)
) ENGINE=InnoDB AUTO_INCREMENT=3 DEFAULT CHARSET=utf8mb4 COLLATE=utf8mb4_unicode_ci;

--
-- Dumping data for table `shipments`
--

INSERT INTO `shipments` (`id`, `name`, `description`, `shipping_company`, `business_id`, `users_id`, `deleted_at`, `created_at`, `updated_at`) VALUES
(1, 'FNF', 'Is good', 'Lutfor Company', 1, 1, NULL, '2020-04-16 09:37:35', '2020-05-13 13:00:55'),
(2, 'CNF', 'I received this order. but still now status not change. So I could not using return product option.', 'Khan Traders', 1, 1, NULL, '2020-04-16 09:38:35', '2020-05-13 13:00:48');

-- --------------------------------------------------------

--
-- Table structure for table `stock_adjustments`
--

DROP TABLE IF EXISTS `stock_adjustments`;
CREATE TABLE IF NOT EXISTS `stock_adjustments` (
  `id` bigint(20) UNSIGNED NOT NULL AUTO_INCREMENT,
  `code` varchar(191) COLLATE utf8mb4_unicode_ci DEFAULT NULL,
  `recover_amount` double NOT NULL DEFAULT '0' COMMENT 'Amount recover from insurance or other else',
  `document` varchar(191) COLLATE utf8mb4_unicode_ci DEFAULT NULL COMMENT 'Attach Document',
  `description` varchar(191) COLLATE utf8mb4_unicode_ci DEFAULT NULL,
  `warehouses_id` bigint(20) UNSIGNED DEFAULT NULL,
  `business_id` bigint(20) UNSIGNED NOT NULL,
  `users_id` bigint(20) UNSIGNED DEFAULT NULL,
  `deleted_at` timestamp NULL DEFAULT NULL,
  `created_at` timestamp NULL DEFAULT NULL,
  `updated_at` timestamp NULL DEFAULT NULL,
  PRIMARY KEY (`id`),
  UNIQUE KEY `stock_adjustments_code_business_id_unique` (`code`,`business_id`),
  KEY `stock_adjustments_warehouses_id_foreign` (`warehouses_id`),
  KEY `stock_adjustments_business_id_foreign` (`business_id`),
  KEY `stock_adjustments_users_id_foreign` (`users_id`)
) ENGINE=InnoDB AUTO_INCREMENT=35 DEFAULT CHARSET=utf8mb4 COLLATE=utf8mb4_unicode_ci;

--
-- Dumping data for table `stock_adjustments`
--

INSERT INTO `stock_adjustments` (`id`, `code`, `recover_amount`, `document`, `description`, `warehouses_id`, `business_id`, `users_id`, `deleted_at`, `created_at`, `updated_at`) VALUES
(31, '536080', 0, NULL, 'This my main product', 2, 1, 1, NULL, '2020-06-08 15:15:58', '2020-06-08 15:15:58'),
(32, '2048', 0, NULL, 'Mili Litter', 3, 1, 1, NULL, '2020-06-08 15:19:12', '2020-06-08 15:19:12'),
(33, '809689244', 500, NULL, 'Is good', 3, 1, 1, NULL, '2020-06-16 18:00:00', '2020-06-18 11:36:41'),
(34, '665502155', 200, NULL, 'Is good', 3, 1, 1, NULL, '2020-07-06 18:00:00', '2020-07-06 22:29:26');

-- --------------------------------------------------------

--
-- Table structure for table `stock_adjustment_items`
--

DROP TABLE IF EXISTS `stock_adjustment_items`;
CREATE TABLE IF NOT EXISTS `stock_adjustment_items` (
  `id` bigint(20) UNSIGNED NOT NULL AUTO_INCREMENT,
  `name` varchar(191) COLLATE utf8mb4_unicode_ci DEFAULT NULL COMMENT 'Product Name',
  `sku` varchar(191) COLLATE utf8mb4_unicode_ci DEFAULT NULL COMMENT 'Product SKU',
  `batch_no` varchar(191) COLLATE utf8mb4_unicode_ci DEFAULT NULL COMMENT 'Product Batch No for trace expire date',
  `expire_date` date DEFAULT NULL COMMENT 'expire date',
  `quantity` double NOT NULL DEFAULT '0',
  `amount` double NOT NULL DEFAULT '0',
  `unit` varchar(50) COLLATE utf8mb4_unicode_ci DEFAULT NULL,
  `adjustment_action` enum('OUT','IN') COLLATE utf8mb4_unicode_ci NOT NULL DEFAULT 'OUT',
  `products_id` bigint(20) UNSIGNED DEFAULT NULL,
  `warehouses_id` bigint(20) UNSIGNED DEFAULT NULL,
  `stock_adjustments_id` bigint(20) UNSIGNED NOT NULL,
  `business_id` bigint(20) UNSIGNED NOT NULL,
  `users_id` bigint(20) UNSIGNED DEFAULT NULL,
  `deleted_at` timestamp NULL DEFAULT NULL,
  `created_at` timestamp NULL DEFAULT NULL,
  `updated_at` timestamp NULL DEFAULT NULL,
  PRIMARY KEY (`id`),
  KEY `stock_adjustment_items_products_id_foreign` (`products_id`),
  KEY `stock_adjustment_items_warehouses_id_foreign` (`warehouses_id`),
  KEY `stock_adjustment_items_stock_adjustments_id_foreign` (`stock_adjustments_id`),
  KEY `stock_adjustment_items_business_id_foreign` (`business_id`),
  KEY `stock_adjustment_items_users_id_foreign` (`users_id`)
) ENGINE=InnoDB AUTO_INCREMENT=92 DEFAULT CHARSET=utf8mb4 COLLATE=utf8mb4_unicode_ci;

--
-- Dumping data for table `stock_adjustment_items`
--

INSERT INTO `stock_adjustment_items` (`id`, `name`, `sku`, `batch_no`, `expire_date`, `quantity`, `amount`, `unit`, `adjustment_action`, `products_id`, `warehouses_id`, `stock_adjustments_id`, `business_id`, `users_id`, `deleted_at`, `created_at`, `updated_at`) VALUES
(84, 'Nokia 1100', '1382', NULL, NULL, 1, 2500, 'PCS', 'OUT', 27, 2, 31, 1, 1, NULL, '2020-06-08 15:15:58', '2020-06-08 15:15:58'),
(85, 'Kushuyara Seeds', '1278', NULL, NULL, 1, 0, 'PCS', 'OUT', 25, 2, 31, 1, 1, NULL, '2020-06-08 15:15:58', '2020-06-08 15:15:58'),
(86, 'Kushuyara Seeds', '1278', NULL, NULL, 1, 0, 'PCS', 'OUT', 25, 3, 32, 1, 1, NULL, '2020-06-08 15:19:12', '2020-06-08 15:19:12'),
(87, 'Seven Rings Star', '1245', NULL, NULL, 1, 480, 'PCS', 'OUT', 4, 3, 32, 1, 1, NULL, '2020-06-08 15:19:12', '2020-06-08 15:19:12'),
(88, 'Nokia 1100', '1382', NULL, NULL, 1, 2500, 'PCS', 'OUT', 27, 3, 33, 1, 1, NULL, '2020-06-16 18:00:00', '2020-06-18 11:36:41'),
(89, 'Boroi Achar', '1522', NULL, NULL, 1, 350, 'Kg', 'OUT', 26, 3, 33, 1, 1, NULL, '2020-06-16 18:00:00', '2020-06-18 11:36:41'),
(91, 'Kushuyara Seeds', '1278', NULL, NULL, 1, 300, 'PCS', 'OUT', 25, 3, 34, 1, 1, NULL, '2020-07-06 18:00:00', '2020-07-06 22:29:26');

-- --------------------------------------------------------

--
-- Table structure for table `stock_transactions`
--

DROP TABLE IF EXISTS `stock_transactions`;
CREATE TABLE IF NOT EXISTS `stock_transactions` (
  `id` bigint(20) UNSIGNED NOT NULL AUTO_INCREMENT,
  `transaction_point` enum('Sells','Sells Return','Purchase','Purchase Return','Adjustment','Transfer','Opening Stock') COLLATE utf8mb4_unicode_ci NOT NULL,
  `transaction_type` enum('IN','OUT') COLLATE utf8mb4_unicode_ci NOT NULL,
  `name` varchar(191) COLLATE utf8mb4_unicode_ci DEFAULT NULL COMMENT 'Product Name',
  `sku` varchar(191) COLLATE utf8mb4_unicode_ci DEFAULT NULL COMMENT 'Product SKU',
  `batch_no` varchar(191) COLLATE utf8mb4_unicode_ci DEFAULT NULL COMMENT 'Product Batch No for trace expire date',
  `amount` double NOT NULL DEFAULT '0',
  `quantity` double NOT NULL DEFAULT '0',
  `unit` varchar(50) COLLATE utf8mb4_unicode_ci DEFAULT NULL,
  `status` enum('Active','Inactive') COLLATE utf8mb4_unicode_ci NOT NULL DEFAULT 'Active',
  `products_id` bigint(20) UNSIGNED DEFAULT NULL,
  `invoice_items_id` bigint(20) UNSIGNED DEFAULT NULL,
  `purchase_items_id` bigint(20) UNSIGNED DEFAULT NULL,
  `product_return_items_id` bigint(20) UNSIGNED DEFAULT NULL,
  `stock_adjustment_items_id` bigint(20) UNSIGNED DEFAULT NULL,
  `stock_transfer_items_id` bigint(20) UNSIGNED DEFAULT NULL,
  `warehouses_id` bigint(20) UNSIGNED DEFAULT NULL,
  `business_id` bigint(20) UNSIGNED NOT NULL,
  `users_id` bigint(20) UNSIGNED DEFAULT NULL,
  `deleted_at` timestamp NULL DEFAULT NULL,
  `created_at` timestamp NULL DEFAULT NULL,
  `updated_at` timestamp NULL DEFAULT NULL,
  PRIMARY KEY (`id`),
  KEY `stock_transactions_products_id_foreign` (`products_id`),
  KEY `stock_transactions_invoice_items_id_foreign` (`invoice_items_id`),
  KEY `stock_transactions_purchase_items_id_foreign` (`purchase_items_id`),
  KEY `stock_transactions_product_return_items_id_foreign` (`product_return_items_id`),
  KEY `stock_transactions_stock_adjustment_items_id_foreign` (`stock_adjustment_items_id`),
  KEY `stock_transactions_stock_transfer_items_id_foreign` (`stock_transfer_items_id`),
  KEY `stock_transactions_business_id_foreign` (`business_id`),
  KEY `stock_transactions_users_id_foreign` (`users_id`),
  KEY `warehouses_id` (`warehouses_id`)
) ENGINE=InnoDB AUTO_INCREMENT=219 DEFAULT CHARSET=utf8mb4 COLLATE=utf8mb4_unicode_ci;

--
-- Dumping data for table `stock_transactions`
--

INSERT INTO `stock_transactions` (`id`, `transaction_point`, `transaction_type`, `name`, `sku`, `batch_no`, `amount`, `quantity`, `unit`, `status`, `products_id`, `invoice_items_id`, `purchase_items_id`, `product_return_items_id`, `stock_adjustment_items_id`, `stock_transfer_items_id`, `warehouses_id`, `business_id`, `users_id`, `deleted_at`, `created_at`, `updated_at`) VALUES
(52, 'Adjustment', 'OUT', 'Boroi Achar', '1522', NULL, 350, 1, 'Kg', 'Active', 26, NULL, NULL, NULL, 61, NULL, 3, 1, 1, '2020-05-06 01:44:07', '2020-05-06 01:43:38', '2020-05-06 01:44:07'),
(53, 'Adjustment', 'OUT', 'Boroi Achar', '1522', NULL, 350, 2, 'Kg', 'Active', 26, NULL, NULL, NULL, 62, NULL, 3, 1, 1, '2020-05-06 01:58:12', '2020-05-06 01:44:07', '2020-05-06 01:58:12'),
(54, 'Adjustment', 'OUT', 'Boroi Achar', '1522', NULL, 350, 2, 'Kg', 'Active', 26, NULL, NULL, NULL, 63, NULL, 3, 1, 1, '2020-05-06 02:02:35', '2020-05-06 01:58:12', '2020-05-06 02:02:35'),
(55, 'Adjustment', 'OUT', 'Labonno Chaal', '1288', NULL, 0, 1, 'PCS', 'Active', 21, NULL, NULL, NULL, 64, NULL, 3, 1, 1, '2020-05-06 02:02:35', '2020-05-06 01:58:12', '2020-05-06 02:02:35'),
(56, 'Opening Stock', 'IN', 'Boroi Achar', '1522', NULL, 350, 15, 'Kg', 'Active', 26, NULL, NULL, NULL, NULL, NULL, NULL, 1, 1, NULL, '2020-05-06 02:01:50', '2020-05-06 02:02:11'),
(57, 'Adjustment', 'OUT', 'Boroi Achar', '1522', NULL, 350, 3, 'Kg', 'Active', 26, NULL, NULL, NULL, 65, NULL, 3, 1, 1, NULL, '2020-05-06 02:02:35', '2020-05-06 02:02:35'),
(58, 'Adjustment', 'OUT', 'Labonno Chaal', '1288', NULL, 0, 1, 'PCS', 'Active', 21, NULL, NULL, NULL, 66, NULL, 3, 1, 1, NULL, '2020-05-06 02:02:35', '2020-05-06 02:02:35'),
(59, 'Opening Stock', 'IN', 'Kushuyara Seeds', '1278', NULL, 300, 5, 'PCS', 'Active', 25, NULL, NULL, NULL, NULL, NULL, NULL, 1, 1, NULL, '2020-05-06 02:03:44', '2020-06-13 23:42:20'),
(60, 'Opening Stock', 'IN', 'Labonno Chaal', '1288', NULL, 700, 6, 'PCS', 'Active', 21, NULL, NULL, NULL, NULL, NULL, NULL, 1, 1, NULL, '2020-05-06 02:03:49', '2020-06-13 23:42:44'),
(61, 'Opening Stock', 'IN', 'Seven Rings Star', '1245', NULL, 480, 20, 'PCS', 'Active', 4, NULL, NULL, NULL, NULL, NULL, NULL, 1, 1, NULL, '2020-05-06 02:03:54', '2020-05-06 02:03:59'),
(62, 'Adjustment', 'OUT', 'Seven Rings Star', '1245', NULL, 480, 1, 'PCS', 'Active', 4, NULL, NULL, NULL, 67, NULL, 3, 1, 1, '2020-05-06 02:37:08', '2020-05-06 02:18:00', '2020-05-06 02:37:08'),
(63, 'Adjustment', 'OUT', 'Seven Rings Star', '1245', NULL, 480, 1, 'PCS', 'Active', 4, NULL, NULL, NULL, 68, NULL, 2, 1, 1, '2020-05-12 05:48:13', '2020-05-06 02:37:08', '2020-05-12 05:48:13'),
(64, 'Adjustment', 'OUT', 'Seven Rings Star', '1245', NULL, 480, 1, 'PCS', 'Active', 4, NULL, NULL, NULL, 69, NULL, 2, 1, 1, NULL, '2020-05-12 05:48:13', '2020-05-12 05:48:13'),
(65, 'Adjustment', 'OUT', 'Kushuyara Seeds', '1278', NULL, 0, 1, 'PCS', 'Active', 25, NULL, NULL, NULL, 70, NULL, 2, 1, 1, NULL, '2020-05-12 05:48:13', '2020-05-12 05:48:13'),
(66, 'Opening Stock', 'IN', 'Nokia 1100', '1382', NULL, 2500, 10, 'PCS', 'Active', 27, NULL, NULL, NULL, NULL, NULL, 3, 1, 1, NULL, '2020-05-13 11:45:39', '2020-05-13 11:45:39'),
(67, 'Adjustment', 'OUT', 'Nokia 1100', '1382', NULL, 2500, 2, 'PCS', 'Active', 27, NULL, NULL, NULL, 71, NULL, 2, 1, 1, NULL, '2020-06-08 12:52:05', '2020-06-08 12:52:05'),
(68, 'Adjustment', 'OUT', 'Kushuyara Seeds', '1278', NULL, 0, 1, 'PCS', 'Active', 25, NULL, NULL, NULL, 72, NULL, 2, 1, 1, NULL, '2020-06-08 12:52:05', '2020-06-08 12:52:05'),
(70, 'Adjustment', 'OUT', 'Nokia 1100', '1382', NULL, 2500, 3, 'PCS', 'Active', 27, NULL, NULL, NULL, 74, NULL, 3, 1, 1, NULL, '2020-06-08 12:54:19', '2020-06-08 12:54:19'),
(80, 'Adjustment', 'OUT', 'Nokia 1100', '1382', NULL, 2500, 1, 'PCS', 'Active', 27, NULL, NULL, NULL, 84, NULL, 2, 1, 1, NULL, '2020-06-08 15:15:58', '2020-06-08 15:15:58'),
(81, 'Adjustment', 'OUT', 'Kushuyara Seeds', '1278', NULL, 0, 1, 'PCS', 'Active', 25, NULL, NULL, NULL, 85, NULL, 2, 1, 1, NULL, '2020-06-08 15:15:58', '2020-06-08 15:15:58'),
(82, 'Adjustment', 'OUT', 'Kushuyara Seeds', '1278', NULL, 0, 1, 'PCS', 'Active', 25, NULL, NULL, NULL, 86, NULL, 3, 1, 1, NULL, '2020-06-08 15:19:12', '2020-06-08 15:19:12'),
(83, 'Adjustment', 'OUT', 'Seven Rings Star', '1245', NULL, 480, 1, 'PCS', 'Active', 4, NULL, NULL, NULL, 87, NULL, 3, 1, 1, NULL, '2020-06-08 15:19:12', '2020-06-08 15:19:12'),
(146, 'Sells', 'OUT', 'Boroi Achar', '1522', NULL, 500, 1, 'Kg', 'Active', 26, 20, NULL, NULL, NULL, NULL, 3, 1, 1, NULL, '2020-06-17 18:00:00', '2020-06-18 01:53:31'),
(147, 'Sells', 'OUT', 'Seven Rings Star', '1245', NULL, 500, 1, 'PCS', 'Active', 4, 21, NULL, NULL, NULL, NULL, 3, 1, 1, NULL, '2020-06-17 18:00:00', '2020-06-18 01:53:31'),
(148, 'Sells', 'OUT', 'Nokia 1100', '1382', NULL, 3000, 1, 'PCS', 'Active', 27, 22, NULL, NULL, NULL, NULL, 3, 1, 1, NULL, '2020-06-17 18:00:00', '2020-06-18 01:53:31'),
(153, 'Adjustment', 'OUT', 'Nokia 1100', '1382', NULL, 2500, 1, 'PCS', 'Active', 27, NULL, NULL, NULL, 88, NULL, 3, 1, 1, NULL, '2020-06-18 11:36:41', '2020-06-18 11:36:41'),
(154, 'Adjustment', 'OUT', 'Boroi Achar', '1522', NULL, 350, 1, 'Kg', 'Active', 26, NULL, NULL, NULL, 89, NULL, 3, 1, 1, NULL, '2020-06-18 11:36:41', '2020-06-18 11:36:41'),
(160, 'Sells', 'OUT', 'Kushuyara Seeds', '1278', NULL, 500, 2, 'PCS', 'Active', 25, 41, NULL, NULL, NULL, NULL, 2, 1, 1, NULL, '2020-07-03 18:00:00', '2020-07-04 05:55:42'),
(166, 'Purchase', 'IN', 'Kushuyara Seeds', '1278', NULL, 300, 100, 'PCS', 'Active', 25, NULL, 73, NULL, NULL, NULL, 3, 1, 1, NULL, '2020-07-03 18:00:00', '2020-07-04 08:58:21'),
(167, 'Purchase', 'IN', 'Labonno Chaal', '1288', NULL, 700, 10, 'PCS', 'Active', 21, NULL, 74, NULL, NULL, NULL, 3, 1, 1, NULL, '2020-07-03 18:00:00', '2020-07-04 09:01:04'),
(168, 'Purchase', 'IN', 'Nokia 1100', '1382', NULL, 2500, 8, 'PCS', 'Active', 27, NULL, 75, NULL, NULL, NULL, 3, 1, 1, NULL, '2020-07-03 18:00:00', '2020-07-04 09:01:04'),
(169, 'Purchase', 'IN', 'Boroi Achar', '1522', NULL, 350, 15, 'Kg', 'Active', 26, NULL, 76, NULL, NULL, NULL, 3, 1, 1, NULL, '2020-07-03 18:00:00', '2020-07-04 09:01:04'),
(170, 'Purchase', 'IN', 'Labonno Chaal', '1288', NULL, 700, 8, 'PCS', 'Active', 21, NULL, 77, NULL, NULL, NULL, 3, 1, 1, NULL, '2020-07-03 18:00:00', '2020-07-04 09:02:32'),
(171, 'Purchase', 'IN', 'Nokia 1100', '1382', NULL, 2500, 1, 'PCS', 'Active', 27, NULL, 78, NULL, NULL, NULL, 3, 1, 1, NULL, '2020-07-03 18:00:00', '2020-07-04 09:02:32'),
(172, 'Sells', 'OUT', 'Kushuyara Seeds', '1278', NULL, 500, 1, 'PCS', 'Active', 25, 42, NULL, NULL, NULL, NULL, 3, 1, 1, NULL, '2020-07-03 18:00:00', '2020-07-04 10:10:05'),
(173, 'Sells', 'OUT', 'Labonno Chaal', '1288', NULL, 750, 1, 'PCS', 'Active', 21, 43, NULL, NULL, NULL, NULL, 3, 1, 1, NULL, '2020-07-03 18:00:00', '2020-07-04 10:13:11'),
(174, 'Sells', 'OUT', 'Boroi Achar', '1522', NULL, 500, 1, 'Kg', 'Active', 26, 44, NULL, NULL, NULL, NULL, 3, 1, 1, NULL, '2020-07-03 18:00:00', '2020-07-04 10:18:54'),
(175, 'Sells', 'OUT', 'Kushuyara Seeds', '1278', NULL, 500, 1, 'PCS', 'Active', 25, 45, NULL, NULL, NULL, NULL, 3, 1, 1, NULL, '2020-07-03 18:00:00', '2020-07-04 10:18:54'),
(181, 'Sells', 'OUT', 'Nokia 1100', '1382', NULL, 3000, 1, 'PCS', 'Active', 27, 51, NULL, NULL, NULL, NULL, 3, 1, 1, NULL, '2020-07-03 18:00:00', '2020-07-04 10:59:15'),
(182, 'Sells', 'OUT', 'Kushuyara Seeds', '1278', NULL, 500, 2, 'PCS', 'Active', 25, 52, NULL, NULL, NULL, NULL, 3, 1, 1, NULL, '2020-07-03 18:00:00', '2020-07-04 13:46:27'),
(183, 'Sells', 'OUT', 'Labonno Chaal', '1288', NULL, 750, 1, 'PCS', 'Active', 21, 53, NULL, NULL, NULL, NULL, 3, 1, 1, NULL, '2020-07-03 18:00:00', '2020-07-04 13:47:06'),
(184, 'Sells', 'OUT', 'Kushuyara Seeds', '1278', NULL, 500, 1, 'PCS', 'Active', 25, 54, NULL, NULL, NULL, NULL, 3, 1, 1, NULL, '2020-07-03 18:00:00', '2020-07-04 13:47:06'),
(185, 'Sells', 'OUT', 'Kushuyara Seeds', '1278', NULL, 500, 1, 'PCS', 'Active', 25, 55, NULL, NULL, NULL, NULL, 3, 1, 1, NULL, '2020-07-03 18:00:00', '2020-07-04 15:21:07'),
(186, 'Sells', 'OUT', 'Kushuyara Seeds', '1278', NULL, 500, 1, 'PCS', 'Active', 25, 56, NULL, NULL, NULL, NULL, 3, 1, 1, NULL, '2020-07-03 18:00:00', '2020-07-04 16:32:09'),
(188, 'Sells', 'OUT', 'Kushuyara Seeds', '1278', NULL, 500, 1, 'PCS', 'Active', 25, 58, NULL, NULL, NULL, NULL, 3, 1, 1, NULL, '2020-07-03 18:00:00', '2020-07-04 16:39:45'),
(189, 'Sells', 'OUT', 'Kushuyara Seeds', '1278', NULL, 500, 1, 'PCS', 'Active', 25, 59, NULL, NULL, NULL, NULL, 3, 1, 1, NULL, '2020-07-03 18:00:00', '2020-07-04 16:41:20'),
(190, 'Sells', 'OUT', 'Kushuyara Seeds', '1278', NULL, 500, 1, 'PCS', 'Active', 25, 60, NULL, NULL, NULL, NULL, 3, 1, 1, NULL, '2020-07-03 18:00:00', '2020-07-04 16:43:57'),
(192, 'Sells', 'OUT', 'Kushuyara Seeds', '1278', NULL, 500, 1, 'PCS', 'Active', 25, 62, NULL, NULL, NULL, NULL, 3, 1, 1, NULL, '2020-07-04 18:00:00', '2020-07-04 22:21:17'),
(193, 'Sells', 'OUT', 'Kushuyara Seeds', '1278', NULL, 500, 1, 'PCS', 'Active', 25, 63, NULL, NULL, NULL, NULL, 3, 1, 1, NULL, '2020-07-04 18:00:00', '2020-07-04 22:23:28'),
(194, 'Sells', 'OUT', 'Kushuyara Seeds', '1278', NULL, 500, 2, 'PCS', 'Active', 25, 64, NULL, NULL, NULL, NULL, 3, 1, 1, NULL, '2020-07-04 18:00:00', '2020-07-04 22:44:55'),
(195, 'Purchase', 'IN', 'Nokia 1100', '1382', NULL, 2500, 5, 'PCS', 'Active', 27, NULL, 79, NULL, NULL, NULL, 3, 1, 1, NULL, '2020-07-04 18:00:00', '2020-07-05 07:39:47'),
(196, 'Purchase', 'IN', 'Nokia 1100', '1382', NULL, 2500, 3, 'PCS', 'Active', 27, NULL, 80, NULL, NULL, NULL, 3, 1, 1, NULL, '2020-07-04 18:00:00', '2020-07-05 07:40:13'),
(198, 'Sells', 'OUT', 'Boroi Achar', '1522', NULL, 500, 1, 'Kg', 'Active', 26, 66, NULL, NULL, NULL, NULL, 3, 1, 1, NULL, '2020-07-04 18:00:00', '2020-07-05 07:45:06'),
(199, 'Sells', 'OUT', 'Labonno Chaal', '1288', NULL, 750, 1, 'PCS', 'Active', 21, 67, NULL, NULL, NULL, NULL, 3, 1, 1, NULL, '2020-07-04 18:00:00', '2020-07-05 07:45:06'),
(202, 'Sells', 'OUT', 'Boroi Achar', '1522', NULL, 500, 2, 'Kg', 'Active', 26, 70, NULL, NULL, NULL, NULL, 3, 1, 1, NULL, '2020-07-04 18:00:00', '2020-07-05 07:49:33'),
(203, 'Purchase', 'IN', 'Kushuyara Seeds', '1278', NULL, 300, 1, 'PCS', 'Active', 25, NULL, 81, NULL, NULL, NULL, 3, 1, 1, NULL, '2020-07-04 18:00:00', '2020-07-05 08:07:11'),
(204, 'Sells', 'OUT', 'Kushuyara Seeds', '1278', NULL, 500, 1, 'PCS', 'Active', 25, 71, NULL, NULL, NULL, NULL, 3, 1, 1, NULL, '2020-07-03 18:00:00', '2020-07-06 21:57:48'),
(206, 'Adjustment', 'OUT', 'Kushuyara Seeds', '1278', NULL, 300, 1, 'PCS', 'Active', 25, NULL, NULL, NULL, 91, NULL, 3, 1, 1, NULL, '2020-07-06 18:00:00', '2020-07-06 22:29:26'),
(207, 'Sells', 'OUT', 'Boroi Achar', '1522', NULL, 500, 1, 'Kg', 'Active', 26, 72, NULL, NULL, NULL, NULL, 3, 1, 1, NULL, '2020-07-08 09:30:59', '2020-07-08 09:30:59'),
(209, 'Purchase', 'IN', 'Boroi Achar', '1522', NULL, 350, 2, 'Kg', 'Active', 26, NULL, 82, NULL, NULL, NULL, 3, 1, 1, NULL, '2020-07-08 10:53:10', '2020-07-08 10:53:10'),
(210, 'Purchase', 'IN', 'Seven Rings Star', '1245', NULL, 480, 2, 'PCS', 'Active', 4, NULL, 83, NULL, NULL, NULL, 3, 1, 1, NULL, '2020-07-08 10:53:10', '2020-07-08 10:53:10'),
(211, 'Purchase', 'IN', 'Labonno Chaal', '1288', NULL, 700, 2, 'PCS', 'Active', 21, NULL, 84, NULL, NULL, NULL, 3, 1, 1, NULL, '2020-07-08 10:53:10', '2020-07-08 10:53:10'),
(214, 'Sells', 'OUT', 'Labonno Chaal', '1288', NULL, 750, 1, 'PCS', 'Active', 21, 76, NULL, NULL, NULL, NULL, 3, 1, 1, NULL, '2020-07-07 19:08:32', '2020-07-13 19:08:32'),
(215, 'Sells', 'OUT', 'Boroi Achar', '1522', NULL, 500, 1, 'Kg', 'Active', 26, 77, NULL, NULL, NULL, NULL, 3, 1, 1, NULL, '2020-07-13 19:09:00', '2020-07-13 19:09:00'),
(216, 'Sells', 'OUT', 'Boroi Achar', '1522', NULL, 500, 1, 'Kg', 'Active', 26, 78, NULL, NULL, NULL, NULL, 3, 1, 1, NULL, '2020-07-16 08:02:54', '2020-07-16 08:02:54'),
(217, 'Sells', 'OUT', 'Nokia 1100', '1382', NULL, 3000, 1, 'PCS', 'Active', 27, 79, NULL, NULL, NULL, NULL, 3, 1, 1, NULL, '2020-07-16 08:02:54', '2020-07-16 08:02:54'),
(218, 'Sells', 'OUT', 'Kushuyara Seeds', '1278', NULL, 500, 20, 'PCS', 'Active', 25, 80, NULL, NULL, NULL, NULL, 3, 1, 1, NULL, '2020-07-16 18:46:45', '2020-07-16 18:46:45');

-- --------------------------------------------------------

--
-- Table structure for table `stock_transfers`
--

DROP TABLE IF EXISTS `stock_transfers`;
CREATE TABLE IF NOT EXISTS `stock_transfers` (
  `id` bigint(20) UNSIGNED NOT NULL AUTO_INCREMENT,
  `code` varchar(191) COLLATE utf8mb4_unicode_ci DEFAULT NULL,
  `document` varchar(191) COLLATE utf8mb4_unicode_ci DEFAULT NULL COMMENT 'Attach Document',
  `shipping_charges` double NOT NULL DEFAULT '0',
  `from_warehouse_id` bigint(20) UNSIGNED NOT NULL COMMENT 'warehouses_id',
  `to_warehouse_id` bigint(20) UNSIGNED NOT NULL COMMENT 'warehouses_id',
  `description` varchar(191) COLLATE utf8mb4_unicode_ci DEFAULT NULL,
  `business_id` bigint(20) UNSIGNED NOT NULL,
  `users_id` bigint(20) UNSIGNED DEFAULT NULL,
  `deleted_at` timestamp NULL DEFAULT NULL,
  `created_at` timestamp NULL DEFAULT NULL,
  `updated_at` timestamp NULL DEFAULT NULL,
  PRIMARY KEY (`id`),
  UNIQUE KEY `stock_transfers_code_business_id_unique` (`code`,`business_id`),
  KEY `stock_transfers_from_warehouse_id_foreign` (`from_warehouse_id`),
  KEY `stock_transfers_to_warehouse_id_foreign` (`to_warehouse_id`),
  KEY `stock_transfers_business_id_foreign` (`business_id`),
  KEY `stock_transfers_users_id_foreign` (`users_id`)
) ENGINE=InnoDB DEFAULT CHARSET=utf8mb4 COLLATE=utf8mb4_unicode_ci;

-- --------------------------------------------------------

--
-- Table structure for table `stock_transfer_items`
--

DROP TABLE IF EXISTS `stock_transfer_items`;
CREATE TABLE IF NOT EXISTS `stock_transfer_items` (
  `id` bigint(20) UNSIGNED NOT NULL AUTO_INCREMENT,
  `name` varchar(191) COLLATE utf8mb4_unicode_ci DEFAULT NULL COMMENT 'Product Name',
  `sku` varchar(191) COLLATE utf8mb4_unicode_ci DEFAULT NULL COMMENT 'Product SKU',
  `batch_no` varchar(191) COLLATE utf8mb4_unicode_ci DEFAULT NULL COMMENT 'Product Batch No for trace expire date',
  `expire_date` date DEFAULT NULL COMMENT 'expire date',
  `quantity` double NOT NULL DEFAULT '0',
  `amount` double NOT NULL DEFAULT '0',
  `unit` varchar(50) COLLATE utf8mb4_unicode_ci DEFAULT NULL,
  `products_id` bigint(20) UNSIGNED DEFAULT NULL,
  `stock_transfers_id` bigint(20) UNSIGNED NOT NULL,
  `business_id` bigint(20) UNSIGNED NOT NULL,
  `users_id` bigint(20) UNSIGNED DEFAULT NULL,
  `deleted_at` timestamp NULL DEFAULT NULL,
  `created_at` timestamp NULL DEFAULT NULL,
  `updated_at` timestamp NULL DEFAULT NULL,
  PRIMARY KEY (`id`),
  UNIQUE KEY `unique_transfer_items` (`products_id`,`stock_transfers_id`,`batch_no`,`business_id`),
  KEY `stock_transfer_items_stock_transfers_id_foreign` (`stock_transfers_id`),
  KEY `stock_transfer_items_business_id_foreign` (`business_id`),
  KEY `stock_transfer_items_users_id_foreign` (`users_id`)
) ENGINE=InnoDB DEFAULT CHARSET=utf8mb4 COLLATE=utf8mb4_unicode_ci;

-- --------------------------------------------------------

--
-- Table structure for table `suppliers`
--

DROP TABLE IF EXISTS `suppliers`;
CREATE TABLE IF NOT EXISTS `suppliers` (
  `id` bigint(20) UNSIGNED NOT NULL AUTO_INCREMENT,
  `name` varchar(191) COLLATE utf8mb4_unicode_ci NOT NULL,
  `code` varchar(191) COLLATE utf8mb4_unicode_ci DEFAULT NULL,
  `address` varchar(191) COLLATE utf8mb4_unicode_ci DEFAULT NULL,
  `email` varchar(191) COLLATE utf8mb4_unicode_ci DEFAULT NULL,
  `contact` varchar(15) COLLATE utf8mb4_unicode_ci DEFAULT NULL,
  `phone` varchar(15) COLLATE utf8mb4_unicode_ci DEFAULT NULL,
  `alternate_contact` varchar(15) COLLATE utf8mb4_unicode_ci DEFAULT NULL,
  `description` varchar(191) COLLATE utf8mb4_unicode_ci DEFAULT NULL,
  `pay_term` enum('Daily','Monthly','Yearly') COLLATE utf8mb4_unicode_ci NOT NULL DEFAULT 'Daily',
  `credit_limit` double NOT NULL DEFAULT '0' COMMENT '0 for no limit',
  `balance` double NOT NULL DEFAULT '0',
  `vet_texes_id` bigint(20) UNSIGNED DEFAULT NULL,
  `supplier_categories_id` bigint(20) UNSIGNED NOT NULL,
  `warehouses_id` bigint(20) UNSIGNED DEFAULT NULL,
  `business_id` bigint(20) UNSIGNED NOT NULL,
  `users_id` bigint(20) UNSIGNED DEFAULT NULL,
  `deleted_at` timestamp NULL DEFAULT NULL,
  `created_at` timestamp NULL DEFAULT NULL,
  `updated_at` timestamp NULL DEFAULT NULL,
  PRIMARY KEY (`id`),
  UNIQUE KEY `suppliers_name_contact_email_business_id_unique` (`name`,`contact`,`email`,`business_id`),
  KEY `suppliers_vet_texes_id_foreign` (`vet_texes_id`),
  KEY `suppliers_supplier_categories_id_foreign` (`supplier_categories_id`),
  KEY `suppliers_warehouses_id_foreign` (`warehouses_id`),
  KEY `suppliers_business_id_foreign` (`business_id`),
  KEY `suppliers_users_id_foreign` (`users_id`)
) ENGINE=InnoDB AUTO_INCREMENT=6 DEFAULT CHARSET=utf8mb4 COLLATE=utf8mb4_unicode_ci;

--
-- Dumping data for table `suppliers`
--

INSERT INTO `suppliers` (`id`, `name`, `code`, `address`, `email`, `contact`, `phone`, `alternate_contact`, `description`, `pay_term`, `credit_limit`, `balance`, `vet_texes_id`, `supplier_categories_id`, `warehouses_id`, `business_id`, `users_id`, `deleted_at`, `created_at`, `updated_at`) VALUES
(1, 'Kuddus Miah', '536080', 'Rikabi Bazar, Sylhet', 'velos@velostech.com', '01675870047', '0125685487', '01587236958', 'Is good', 'Daily', 0, 0, NULL, 2, 2, 1, 1, NULL, '2020-05-13 12:47:22', '2020-06-06 01:55:10'),
(2, 'Lotif Miah', '475856', 'Rikabi Bazar, Sylhet', 'velos1@velostech.com', '01675870088', '78956147', '01687236955', 'Is good', 'Daily', 0, 0, NULL, 1, 3, 1, 1, NULL, '2020-05-13 12:48:52', '2020-06-06 01:56:01'),
(4, 'Bahar Miah', '536069', 'Rikabi Bazar, Sylhet', 'velos@velostech.com', '01658547598', '01675870047', '01587236958', 'Order #601583423851881 I want to return this product. After 3 days ago I received this order. but still now status not change. So I could not using return product option.', 'Daily', 0, 0, NULL, 5, 1, 1, 1, NULL, '2020-06-06 01:57:20', '2020-06-06 01:58:26'),
(5, 'Sokhina Begum', '1799621533', 'Rikabi Bazar, Sylhet', 'ahmodia@velostech.com', '01675870012', NULL, NULL, 'This my main customer', 'Daily', 0, 0, NULL, 5, 3, 1, 1, NULL, '2020-07-03 08:00:13', '2020-07-04 09:03:10');

-- --------------------------------------------------------

--
-- Table structure for table `supplier_categories`
--

DROP TABLE IF EXISTS `supplier_categories`;
CREATE TABLE IF NOT EXISTS `supplier_categories` (
  `id` bigint(20) UNSIGNED NOT NULL AUTO_INCREMENT,
  `name` varchar(191) COLLATE utf8mb4_unicode_ci NOT NULL,
  `code` varchar(191) COLLATE utf8mb4_unicode_ci DEFAULT NULL,
  `description` varchar(191) COLLATE utf8mb4_unicode_ci DEFAULT NULL,
  `business_id` bigint(20) UNSIGNED NOT NULL,
  `users_id` bigint(20) UNSIGNED DEFAULT NULL,
  `deleted_at` timestamp NULL DEFAULT NULL,
  `created_at` timestamp NULL DEFAULT NULL,
  `updated_at` timestamp NULL DEFAULT NULL,
  PRIMARY KEY (`id`),
  UNIQUE KEY `supplier_categories_name_code_business_id_unique` (`name`,`code`,`business_id`),
  KEY `supplier_categories_business_id_foreign` (`business_id`),
  KEY `supplier_categories_users_id_foreign` (`users_id`)
) ENGINE=InnoDB AUTO_INCREMENT=6 DEFAULT CHARSET=utf8mb4 COLLATE=utf8mb4_unicode_ci;

--
-- Dumping data for table `supplier_categories`
--

INSERT INTO `supplier_categories` (`id`, `name`, `code`, `description`, `business_id`, `users_id`, `deleted_at`, `created_at`, `updated_at`) VALUES
(1, 'Main Supplier', '2547', NULL, 1, 1, NULL, '2020-04-17 01:26:41', '2020-04-26 12:10:01'),
(2, 'General Category', '5556', NULL, 1, 1, NULL, '2020-04-17 01:26:53', '2020-04-26 12:09:47'),
(5, 'Abul Category', '84569', NULL, 1, 1, NULL, '2020-06-06 00:42:34', '2020-06-06 00:42:34');

-- --------------------------------------------------------

--
-- Table structure for table `transactions`
--

DROP TABLE IF EXISTS `transactions`;
CREATE TABLE IF NOT EXISTS `transactions` (
  `id` bigint(20) UNSIGNED NOT NULL AUTO_INCREMENT,
  `transaction_point` enum('Expense','Sales','Purchase','Customer Account','Supplier Account','Agent Account','Account Book','Vat Tax','Stock Adjustment') COLLATE utf8mb4_unicode_ci NOT NULL,
  `transaction_hub` enum('General','Due Payment','Opening','Add','Withdraw','Return','Transfer','Recover') COLLATE utf8mb4_unicode_ci NOT NULL DEFAULT 'General',
  `transaction_type` enum('IN','OUT') COLLATE utf8mb4_unicode_ci NOT NULL DEFAULT 'IN',
  `ref_id` bigint(20) DEFAULT NULL COMMENT 'Using For Track Split Payment',
  `amount` double NOT NULL DEFAULT '0',
  `payment_method` enum('Cash','Card','Cheque','Bank Transfer','Other','Customer Account','Supplier Account','Custom Payment') COLLATE utf8mb4_unicode_ci NOT NULL DEFAULT 'Cash',
  `card_number` varchar(100) COLLATE utf8mb4_unicode_ci DEFAULT NULL,
  `card_holder_name` varchar(100) COLLATE utf8mb4_unicode_ci DEFAULT NULL,
  `card_transaction_no` varchar(100) COLLATE utf8mb4_unicode_ci DEFAULT NULL,
  `card_type` enum('Credit Card','Debit Card','Visa Card','Master Card') COLLATE utf8mb4_unicode_ci DEFAULT NULL,
  `card_month` enum('January','February','March','April','May','June','July','August','September','October','November','December') COLLATE utf8mb4_unicode_ci DEFAULT NULL,
  `card_year` smallint(6) DEFAULT NULL,
  `csv` smallint(6) DEFAULT NULL,
  `cheque_number` varchar(100) COLLATE utf8mb4_unicode_ci DEFAULT NULL,
  `bank_account_no` varchar(100) COLLATE utf8mb4_unicode_ci DEFAULT NULL COMMENT 'This is for Bank Transfer payment method',
  `transaction_no` varchar(100) COLLATE utf8mb4_unicode_ci DEFAULT NULL COMMENT 'This is for Custom Payment payment method',
  `description` varchar(191) COLLATE utf8mb4_unicode_ci DEFAULT NULL,
  `status` enum('Active','Inactive') COLLATE utf8mb4_unicode_ci NOT NULL DEFAULT 'Active',
  `expenses_id` bigint(20) UNSIGNED DEFAULT NULL,
  `sell_invoices_id` bigint(20) UNSIGNED DEFAULT NULL,
  `customers_id` bigint(20) UNSIGNED DEFAULT NULL,
  `purchase_invoices_id` bigint(20) UNSIGNED DEFAULT NULL,
  `suppliers_id` bigint(20) UNSIGNED DEFAULT NULL,
  `agents_id` bigint(20) UNSIGNED DEFAULT NULL,
  `stock_adjustments_id` bigint(20) UNSIGNED DEFAULT NULL,
  `account_books_id` bigint(20) UNSIGNED DEFAULT NULL,
  `warehouses_id` bigint(20) UNSIGNED DEFAULT NULL,
  `business_id` bigint(20) UNSIGNED NOT NULL,
  `users_id` bigint(20) UNSIGNED DEFAULT NULL,
  `deleted_at` timestamp NULL DEFAULT NULL,
  `created_at` timestamp NULL DEFAULT NULL,
  `updated_at` timestamp NULL DEFAULT NULL,
  PRIMARY KEY (`id`),
  KEY `transactions_expenses_id_foreign` (`expenses_id`),
  KEY `transactions_sell_invoices_id_foreign` (`sell_invoices_id`),
  KEY `transactions_customers_id_foreign` (`customers_id`),
  KEY `transactions_purchase_invoices_id_foreign` (`purchase_invoices_id`),
  KEY `transactions_suppliers_id_foreign` (`suppliers_id`),
  KEY `transactions_agents_id_foreign` (`agents_id`),
  KEY `transactions_stock_adjustments_id_foreign` (`stock_adjustments_id`),
  KEY `transactions_account_books_id_foreign` (`account_books_id`),
  KEY `transactions_warehouses_id_foreign` (`warehouses_id`),
  KEY `transactions_business_id_foreign` (`business_id`),
  KEY `transactions_users_id_foreign` (`users_id`)
) ENGINE=InnoDB AUTO_INCREMENT=85 DEFAULT CHARSET=utf8mb4 COLLATE=utf8mb4_unicode_ci;

--
-- Dumping data for table `transactions`
--

INSERT INTO `transactions` (`id`, `transaction_point`, `transaction_hub`, `transaction_type`, `ref_id`, `amount`, `payment_method`, `card_number`, `card_holder_name`, `card_transaction_no`, `card_type`, `card_month`, `card_year`, `csv`, `cheque_number`, `bank_account_no`, `transaction_no`, `description`, `status`, `expenses_id`, `sell_invoices_id`, `customers_id`, `purchase_invoices_id`, `suppliers_id`, `agents_id`, `stock_adjustments_id`, `account_books_id`, `warehouses_id`, `business_id`, `users_id`, `deleted_at`, `created_at`, `updated_at`) VALUES
(1, 'Supplier Account', 'Due Payment', 'OUT', NULL, 500, 'Cash', NULL, NULL, NULL, NULL, NULL, NULL, NULL, NULL, NULL, NULL, NULL, 'Active', NULL, NULL, NULL, NULL, 2, NULL, NULL, 1, 3, 1, 1, NULL, '2020-07-02 18:00:00', '2020-07-03 15:14:44'),
(2, 'Supplier Account', 'Due Payment', 'OUT', NULL, 29120, 'Cash', NULL, NULL, NULL, NULL, NULL, NULL, NULL, NULL, NULL, NULL, NULL, 'Active', NULL, NULL, NULL, NULL, 2, NULL, NULL, 1, 3, 1, 1, NULL, '2020-07-02 18:00:00', '2020-07-03 15:51:48'),
(3, 'Supplier Account', 'Due Payment', 'OUT', NULL, 8300, 'Cash', NULL, NULL, NULL, NULL, NULL, NULL, NULL, NULL, NULL, NULL, NULL, 'Active', NULL, NULL, NULL, NULL, 1, NULL, NULL, 1, 3, 1, 1, NULL, '2020-07-02 18:00:00', '2020-07-03 15:52:48'),
(5, 'Supplier Account', 'Due Payment', 'OUT', NULL, 5000, 'Cash', NULL, NULL, NULL, NULL, NULL, NULL, NULL, NULL, NULL, NULL, NULL, 'Active', NULL, NULL, NULL, NULL, 4, NULL, NULL, 1, 3, 1, 1, NULL, '2020-07-02 18:00:00', '2020-07-03 16:29:05'),
(9, 'Supplier Account', 'Due Payment', 'OUT', NULL, 2000, 'Cheque', NULL, NULL, NULL, NULL, NULL, NULL, NULL, '5154154151', NULL, NULL, 'DBBL', 'Active', NULL, NULL, NULL, NULL, 4, NULL, NULL, 1, 3, 1, 1, NULL, '2020-07-02 18:00:00', '2020-07-03 16:44:24'),
(10, 'Supplier Account', 'Due Payment', 'OUT', NULL, 21460, 'Bank Transfer', NULL, NULL, NULL, NULL, NULL, NULL, NULL, NULL, '5465446979646', NULL, 'Pubali Bank', 'Active', NULL, NULL, NULL, NULL, 4, NULL, NULL, 1, 3, 1, 1, NULL, '2020-06-30 18:00:00', '2020-07-03 16:52:46'),
(11, 'Customer Account', 'Due Payment', 'IN', NULL, 350, 'Cash', NULL, NULL, NULL, NULL, NULL, NULL, NULL, NULL, NULL, NULL, 'Is good', 'Active', NULL, NULL, 8, NULL, NULL, NULL, NULL, 1, 3, 1, 1, NULL, '2020-07-03 18:00:00', '2020-07-03 18:51:16'),
(12, 'Customer Account', 'Due Payment', 'IN', NULL, 500, 'Cheque', NULL, NULL, NULL, NULL, NULL, NULL, NULL, '5154154151', NULL, NULL, 'Pubali Bank', 'Active', NULL, NULL, 8, NULL, NULL, NULL, NULL, 1, 3, 1, 1, NULL, '2020-06-30 18:00:00', '2020-07-03 19:06:08'),
(13, 'Customer Account', 'Due Payment', 'IN', NULL, 830, 'Bank Transfer', NULL, NULL, NULL, NULL, NULL, NULL, NULL, NULL, '5465446979646', NULL, 'Islami Bank', 'Active', NULL, NULL, 8, NULL, NULL, NULL, NULL, 1, 3, 1, 1, NULL, '2020-07-03 18:00:00', '2020-07-03 19:09:41'),
(15, 'Customer Account', 'Due Payment', 'IN', NULL, 5000, 'Cash', NULL, NULL, NULL, NULL, NULL, NULL, NULL, NULL, NULL, NULL, NULL, 'Active', NULL, NULL, 8, NULL, NULL, NULL, NULL, 1, 3, 1, 1, NULL, '2020-07-03 18:00:00', '2020-07-03 19:18:32'),
(16, 'Customer Account', 'Due Payment', 'IN', NULL, 3000, 'Cash', NULL, NULL, NULL, NULL, NULL, NULL, NULL, NULL, NULL, NULL, NULL, 'Active', NULL, NULL, 8, NULL, NULL, NULL, NULL, 1, 3, 1, 1, NULL, '2020-07-03 18:00:00', '2020-07-03 20:07:57'),
(17, 'Customer Account', 'Due Payment', 'IN', NULL, 5000, 'Cash', NULL, NULL, NULL, NULL, NULL, NULL, NULL, NULL, NULL, NULL, NULL, 'Active', NULL, NULL, 9, NULL, NULL, NULL, NULL, 1, 3, 1, 1, NULL, '2020-07-03 18:00:00', '2020-07-03 20:09:18'),
(18, 'Customer Account', 'Due Payment', 'IN', NULL, 7000, 'Cheque', NULL, NULL, NULL, NULL, NULL, NULL, NULL, '5154154151', NULL, NULL, 'DBBl', 'Active', NULL, NULL, 9, NULL, NULL, NULL, NULL, 1, 3, 1, 1, NULL, '2020-07-03 18:00:00', '2020-07-03 20:09:39'),
(19, 'Customer Account', 'Opening', 'IN', NULL, 2700, 'Cash', NULL, NULL, NULL, NULL, NULL, NULL, NULL, NULL, NULL, NULL, NULL, 'Active', NULL, NULL, 10, NULL, NULL, NULL, NULL, 1, 3, 1, 1, NULL, '2020-07-03 20:44:46', '2020-07-03 20:45:11'),
(20, 'Customer Account', 'Opening', 'IN', NULL, 4000, 'Cash', NULL, NULL, NULL, NULL, NULL, NULL, NULL, NULL, NULL, NULL, NULL, 'Active', NULL, NULL, 9, NULL, NULL, NULL, NULL, 1, 2, 1, 1, NULL, '2020-07-03 20:45:36', '2020-07-03 20:45:36'),
(21, 'Customer Account', 'Opening', 'IN', NULL, 2300, 'Cash', NULL, NULL, NULL, NULL, NULL, NULL, NULL, NULL, NULL, NULL, NULL, 'Active', NULL, NULL, 8, NULL, NULL, NULL, NULL, 1, 3, 1, 1, NULL, '2020-07-03 20:45:56', '2020-07-03 20:45:56'),
(23, 'Sales', 'General', 'IN', NULL, 1000, 'Cash', NULL, NULL, NULL, NULL, NULL, NULL, NULL, NULL, NULL, NULL, NULL, 'Active', NULL, 12, 8, NULL, NULL, NULL, NULL, 4, 3, 1, 1, NULL, '2020-07-03 18:00:00', '2020-07-03 21:59:29'),
(24, 'Sales', 'General', 'IN', NULL, 500, 'Cash', NULL, NULL, NULL, NULL, NULL, NULL, NULL, NULL, NULL, NULL, NULL, 'Active', NULL, 11, 8, NULL, NULL, NULL, NULL, 4, 3, 1, 1, NULL, '2020-06-27 18:00:00', '2020-07-03 22:03:59'),
(27, 'Supplier Account', 'Due Payment', 'OUT', NULL, 2400, 'Cash', NULL, NULL, NULL, NULL, NULL, NULL, NULL, NULL, NULL, NULL, NULL, 'Active', NULL, NULL, NULL, NULL, 4, NULL, NULL, 1, 3, 1, 1, NULL, '2020-07-03 18:00:00', '2020-07-04 08:47:14'),
(28, 'Customer Account', 'Due Payment', 'IN', NULL, 500, 'Cash', NULL, NULL, NULL, NULL, NULL, NULL, NULL, NULL, NULL, NULL, NULL, 'Active', NULL, NULL, 11, NULL, NULL, NULL, NULL, 1, 3, 1, 1, NULL, '2020-07-03 18:00:00', '2020-07-04 10:11:06'),
(29, 'Customer Account', 'Due Payment', 'IN', NULL, 800, 'Cash', NULL, NULL, NULL, NULL, NULL, NULL, NULL, NULL, NULL, NULL, NULL, 'Active', NULL, NULL, 11, NULL, NULL, NULL, NULL, 1, 3, 1, 1, NULL, '2020-07-03 18:00:00', '2020-07-04 10:14:43'),
(32, 'Sales', 'General', 'IN', NULL, 500, 'Cash', NULL, NULL, NULL, NULL, NULL, NULL, NULL, NULL, NULL, NULL, NULL, 'Active', NULL, 18, 11, NULL, NULL, NULL, NULL, 4, 3, 1, 1, NULL, '2020-07-03 18:00:00', '2020-07-04 10:59:15'),
(34, 'Sales', 'General', 'IN', NULL, 500, 'Cash', NULL, NULL, NULL, NULL, NULL, NULL, NULL, '', '', '', '', 'Active', NULL, 17, 11, NULL, NULL, NULL, NULL, 4, 3, 1, 1, NULL, '2020-07-03 18:00:00', '2020-07-04 13:46:27'),
(35, 'Sales', 'General', 'IN', NULL, 500, 'Cash', NULL, NULL, NULL, NULL, NULL, NULL, NULL, NULL, NULL, NULL, NULL, 'Active', NULL, 17, 11, NULL, NULL, NULL, NULL, 4, 3, 1, 1, NULL, '2020-07-03 18:00:00', '2020-07-04 13:46:27'),
(36, 'Sales', 'General', 'IN', NULL, 500, 'Cash', NULL, NULL, NULL, NULL, NULL, NULL, NULL, NULL, NULL, NULL, NULL, 'Active', NULL, 20, 11, NULL, NULL, NULL, NULL, 1, 3, 1, 1, NULL, '2020-07-03 18:00:00', '2020-07-04 15:21:07'),
(37, 'Customer Account', 'Due Payment', 'IN', NULL, 500, 'Cash', NULL, NULL, NULL, NULL, NULL, NULL, NULL, NULL, NULL, NULL, NULL, 'Active', NULL, NULL, 12, NULL, NULL, NULL, NULL, 1, 3, 1, 1, NULL, '2020-07-03 18:00:00', '2020-07-04 16:37:28'),
(39, 'Sales', 'General', 'IN', NULL, 500, 'Cash', NULL, NULL, NULL, NULL, NULL, NULL, NULL, NULL, NULL, NULL, NULL, 'Active', NULL, 25, 12, NULL, NULL, NULL, NULL, 1, 3, 1, 1, NULL, '2020-07-03 18:00:00', '2020-07-04 16:43:57'),
(41, 'Customer Account', 'Due Payment', 'IN', NULL, 500, 'Cash', NULL, NULL, NULL, NULL, NULL, NULL, NULL, NULL, NULL, NULL, NULL, 'Active', NULL, NULL, 12, NULL, NULL, NULL, NULL, 1, 3, 1, 1, NULL, '2020-07-04 18:00:00', '2020-07-04 22:13:22'),
(42, 'Customer Account', 'Due Payment', 'IN', NULL, 300, 'Cash', NULL, NULL, NULL, NULL, NULL, NULL, NULL, NULL, NULL, NULL, NULL, 'Active', NULL, NULL, 12, NULL, NULL, NULL, NULL, 1, 3, 1, 1, NULL, '2020-07-04 18:00:00', '2020-07-04 22:13:53'),
(43, 'Customer Account', 'Due Payment', 'IN', NULL, 500, 'Cash', NULL, NULL, NULL, NULL, NULL, NULL, NULL, NULL, NULL, NULL, NULL, 'Active', NULL, NULL, 12, NULL, NULL, NULL, NULL, 1, 3, 1, 1, NULL, '2020-07-04 18:00:00', '2020-07-06 21:53:51'),
(44, 'Customer Account', 'Due Payment', 'IN', NULL, 3700, 'Cash', NULL, NULL, NULL, NULL, NULL, NULL, NULL, NULL, NULL, NULL, NULL, 'Active', NULL, NULL, 11, NULL, NULL, NULL, NULL, 1, 3, 1, 1, NULL, '2020-07-04 18:00:00', '2020-07-04 22:19:58'),
(45, 'Sales', 'General', 'IN', NULL, 500, 'Cash', NULL, NULL, NULL, NULL, NULL, NULL, NULL, NULL, NULL, NULL, NULL, 'Active', NULL, 26, 11, NULL, NULL, NULL, NULL, 4, 3, 1, 1, NULL, '2020-07-04 18:00:00', '2020-07-04 22:21:17'),
(48, 'Customer Account', 'Due Payment', 'IN', NULL, 1000, 'Cash', NULL, NULL, NULL, NULL, NULL, NULL, NULL, NULL, NULL, NULL, NULL, 'Active', NULL, NULL, 13, NULL, NULL, NULL, NULL, 1, 3, 1, 1, NULL, '2020-07-04 18:00:00', '2020-07-04 22:40:30'),
(52, 'Customer Account', 'Due Payment', 'IN', NULL, 1600, 'Cash', NULL, NULL, NULL, NULL, NULL, NULL, NULL, NULL, NULL, NULL, NULL, 'Active', NULL, NULL, 14, NULL, NULL, NULL, NULL, 1, 3, 1, 1, NULL, '2020-07-04 18:00:00', '2020-07-05 07:46:51'),
(54, 'Sales', 'General', 'IN', NULL, 500, 'Cash', NULL, NULL, NULL, NULL, NULL, NULL, NULL, '', '', '', '', 'Active', NULL, 29, 14, NULL, NULL, NULL, NULL, 4, 3, 1, 1, NULL, '2020-07-04 18:00:00', '2020-07-05 07:49:33'),
(55, 'Supplier Account', 'Due Payment', 'OUT', NULL, 8300, 'Cash', NULL, NULL, NULL, NULL, NULL, NULL, NULL, NULL, NULL, NULL, NULL, 'Active', NULL, NULL, NULL, NULL, 5, NULL, NULL, 1, 3, 1, 1, NULL, '2020-07-05 18:00:00', '2020-07-05 20:07:23'),
(56, 'Supplier Account', 'Due Payment', 'OUT', NULL, 12000, 'Cash', NULL, NULL, NULL, NULL, NULL, NULL, NULL, NULL, NULL, NULL, NULL, 'Active', NULL, NULL, NULL, NULL, 5, NULL, NULL, 1, 3, 1, 1, NULL, '2020-07-05 18:00:00', '2020-07-05 20:08:38'),
(57, 'Customer Account', 'Due Payment', 'IN', NULL, 500, 'Cash', NULL, NULL, NULL, NULL, NULL, NULL, NULL, NULL, NULL, NULL, NULL, 'Active', NULL, NULL, 13, NULL, NULL, NULL, NULL, 1, 3, 1, 1, NULL, '2020-07-05 18:00:00', '2020-07-05 20:10:32'),
(58, 'Customer Account', 'Due Payment', 'IN', NULL, 150, 'Cash', NULL, NULL, NULL, NULL, NULL, NULL, NULL, NULL, NULL, NULL, NULL, 'Active', NULL, NULL, 14, NULL, NULL, NULL, NULL, 1, 3, 1, 1, NULL, '2020-07-05 18:00:00', '2020-07-05 20:10:40'),
(59, 'Account Book', 'Add', 'IN', NULL, 300, 'Cash', NULL, NULL, NULL, NULL, NULL, NULL, NULL, NULL, NULL, NULL, NULL, 'Active', NULL, NULL, NULL, NULL, NULL, NULL, NULL, 3, 3, 1, 1, NULL, '2020-07-05 18:00:00', '2020-07-06 11:28:14'),
(60, 'Account Book', 'Withdraw', 'OUT', NULL, 200, 'Cash', NULL, NULL, NULL, NULL, NULL, NULL, NULL, NULL, NULL, NULL, NULL, 'Active', NULL, NULL, NULL, NULL, NULL, NULL, NULL, 3, 3, 1, 1, NULL, '2020-07-05 18:00:00', '2020-07-06 11:28:26'),
(61, 'Account Book', 'Add', 'IN', NULL, 500, 'Cash', NULL, NULL, NULL, NULL, NULL, NULL, NULL, NULL, NULL, NULL, NULL, 'Active', NULL, NULL, NULL, NULL, NULL, NULL, NULL, 4, 3, 1, 1, NULL, '2020-07-05 18:00:00', '2020-07-06 13:12:06'),
(62, 'Account Book', 'Withdraw', 'OUT', NULL, 530, 'Cash', NULL, NULL, NULL, NULL, NULL, NULL, NULL, NULL, NULL, NULL, NULL, 'Active', NULL, NULL, NULL, NULL, NULL, NULL, NULL, 4, 3, 1, 1, NULL, '2020-07-05 18:00:00', '2020-07-06 14:56:26'),
(66, 'Expense', 'General', 'OUT', NULL, 700, 'Cash', NULL, NULL, NULL, NULL, NULL, NULL, NULL, NULL, NULL, NULL, NULL, 'Active', 2, NULL, NULL, NULL, NULL, NULL, NULL, 1, 3, 1, 1, NULL, '2020-06-14 18:00:00', '2020-07-06 20:07:12'),
(67, 'Account Book', 'Add', 'IN', NULL, 300, 'Cheque', NULL, NULL, NULL, NULL, NULL, NULL, NULL, '5154154151', NULL, NULL, NULL, 'Active', NULL, NULL, NULL, NULL, NULL, NULL, NULL, 1, 3, 1, 1, NULL, '2020-07-06 18:00:00', '2020-07-06 20:22:34'),
(68, 'Sales', 'General', 'IN', NULL, 500, 'Cash', NULL, NULL, NULL, NULL, NULL, NULL, NULL, NULL, NULL, NULL, NULL, 'Active', NULL, 22, 12, NULL, NULL, NULL, NULL, 4, 3, 1, 1, NULL, '2020-07-03 18:00:00', '2020-07-06 21:57:48'),
(72, 'Supplier Account', 'Due Payment', 'OUT', NULL, 1200, 'Cheque', NULL, NULL, NULL, NULL, NULL, NULL, NULL, '5154154151', NULL, NULL, NULL, 'Active', NULL, NULL, NULL, NULL, 4, NULL, NULL, 1, 3, 1, 1, NULL, '2020-07-06 18:00:00', '2020-07-06 22:15:23'),
(74, 'Stock Adjustment', 'Recover', 'IN', NULL, 200, 'Cash', NULL, NULL, NULL, NULL, NULL, NULL, NULL, NULL, NULL, NULL, NULL, 'Active', NULL, NULL, NULL, NULL, NULL, NULL, 34, 1, 3, 1, 1, NULL, '2020-07-06 18:00:00', '2020-07-06 22:29:26'),
(75, 'Expense', 'General', 'OUT', NULL, 200, 'Cash', NULL, NULL, NULL, NULL, NULL, NULL, NULL, NULL, NULL, NULL, NULL, 'Active', 8, NULL, NULL, NULL, NULL, NULL, NULL, 1, 3, 1, 1, NULL, '2020-07-08 17:01:53', '2020-07-08 17:01:53'),
(76, 'Expense', 'General', 'OUT', NULL, 365, 'Cash', NULL, NULL, NULL, NULL, NULL, NULL, NULL, NULL, NULL, NULL, NULL, 'Active', 9, NULL, NULL, NULL, NULL, NULL, NULL, 1, 3, 1, 1, NULL, '2020-07-08 18:26:28', '2020-07-08 18:26:28'),
(78, 'Customer Account', 'Opening', 'OUT', NULL, 4000, 'Cash', NULL, NULL, NULL, NULL, NULL, NULL, NULL, NULL, NULL, NULL, NULL, 'Active', NULL, NULL, 16, NULL, NULL, NULL, NULL, 1, 3, 1, 1, NULL, '2020-07-13 17:33:50', '2020-07-13 18:32:18'),
(79, 'Customer Account', 'Opening', 'OUT', NULL, 3500, 'Cash', NULL, NULL, NULL, NULL, NULL, NULL, NULL, NULL, NULL, NULL, NULL, 'Active', NULL, NULL, 17, NULL, NULL, NULL, NULL, 1, 3, 1, 1, NULL, '2020-07-13 17:57:10', '2020-07-13 17:58:49'),
(80, 'Customer Account', 'Due Payment', 'IN', NULL, 550, 'Cash', NULL, NULL, NULL, NULL, NULL, NULL, NULL, NULL, NULL, NULL, NULL, 'Active', NULL, NULL, 16, NULL, NULL, NULL, NULL, 1, 3, 1, 1, NULL, '2020-07-13 18:20:11', '2020-07-13 18:20:11'),
(81, 'Customer Account', 'Due Payment', 'IN', NULL, 2000, 'Cash', NULL, NULL, NULL, NULL, NULL, NULL, NULL, NULL, NULL, NULL, NULL, 'Active', NULL, NULL, 15, NULL, NULL, NULL, NULL, 1, 3, 1, 1, NULL, '2020-07-13 18:34:23', '2020-07-13 18:34:23'),
(82, 'Customer Account', 'Opening', 'OUT', NULL, 3000, 'Cash', NULL, NULL, NULL, NULL, NULL, NULL, NULL, NULL, NULL, NULL, NULL, 'Active', NULL, NULL, 15, NULL, NULL, NULL, NULL, 1, 3, 1, 1, NULL, '2020-07-13 18:38:43', '2020-07-13 18:47:19'),
(83, 'Supplier Account', 'Due Payment', 'OUT', NULL, 3000, 'Cash', NULL, NULL, NULL, NULL, NULL, NULL, NULL, NULL, NULL, NULL, NULL, 'Active', NULL, NULL, NULL, NULL, 4, NULL, NULL, 1, 3, 1, 1, NULL, '2020-07-13 18:55:43', '2020-07-13 18:55:43'),
(84, 'Supplier Account', 'Due Payment', 'OUT', NULL, 500, 'Cash', NULL, NULL, NULL, NULL, NULL, NULL, NULL, NULL, NULL, NULL, NULL, 'Active', NULL, NULL, NULL, NULL, 4, NULL, NULL, 1, 3, 1, 1, NULL, '2020-07-13 18:56:23', '2020-07-13 18:56:23');

-- --------------------------------------------------------

--
-- Table structure for table `unions`
--

DROP TABLE IF EXISTS `unions`;
CREATE TABLE IF NOT EXISTS `unions` (
  `id` bigint(20) UNSIGNED NOT NULL AUTO_INCREMENT,
  `name` varchar(191) COLLATE utf8mb4_unicode_ci NOT NULL,
  `upa_zillas_id` bigint(20) UNSIGNED NOT NULL,
  `business_id` bigint(20) UNSIGNED NOT NULL,
  `users_id` bigint(20) UNSIGNED DEFAULT NULL,
  `deleted_at` timestamp NULL DEFAULT NULL,
  `created_at` timestamp NULL DEFAULT NULL,
  `updated_at` timestamp NULL DEFAULT NULL,
  PRIMARY KEY (`id`),
  KEY `unions_upa_zillas_id_foreign` (`upa_zillas_id`),
  KEY `unions_business_id_foreign` (`business_id`),
  KEY `unions_users_id_foreign` (`users_id`)
) ENGINE=InnoDB AUTO_INCREMENT=4542 DEFAULT CHARSET=utf8mb4 COLLATE=utf8mb4_unicode_ci;

--
-- Dumping data for table `unions`
--

INSERT INTO `unions` (`id`, `name`, `upa_zillas_id`, `business_id`, `users_id`, `deleted_at`, `created_at`, `updated_at`) VALUES
(1, 'Subil', 1, 1, 1, NULL, NULL, NULL),
(2, 'North Gunaighor', 1, 1, 1, NULL, NULL, NULL),
(3, 'South Gunaighor', 1, 1, 1, NULL, NULL, NULL),
(4, 'Boroshalghor', 1, 1, 1, NULL, NULL, NULL),
(5, 'Rajameher', 1, 1, 1, NULL, NULL, NULL),
(6, 'Yousufpur', 1, 1, 1, NULL, NULL, NULL),
(7, 'Rasulpur', 1, 1, 1, NULL, NULL, NULL),
(8, 'Fatehabad', 1, 1, 1, NULL, NULL, NULL),
(9, 'Elahabad', 1, 1, 1, NULL, NULL, NULL),
(10, 'Jafargonj', 1, 1, 1, NULL, NULL, NULL),
(11, 'Dhampti', 1, 1, 1, NULL, NULL, NULL),
(12, 'Mohanpur', 1, 1, 1, NULL, NULL, NULL),
(13, 'Vani', 1, 1, 1, NULL, NULL, NULL),
(14, 'Barkamta', 1, 1, 1, NULL, NULL, NULL),
(15, 'Sultanpur', 1, 1, 1, NULL, NULL, NULL),
(16, 'Aganagar', 2, 1, 1, NULL, NULL, NULL),
(17, 'Bhabanipur', 2, 1, 1, NULL, NULL, NULL),
(18, 'North Khoshbas', 2, 1, 1, NULL, NULL, NULL),
(19, 'South Khoshbas', 2, 1, 1, NULL, NULL, NULL),
(20, 'Jhalam', 2, 1, 1, NULL, NULL, NULL),
(21, 'Chitodda', 2, 1, 1, NULL, NULL, NULL),
(22, 'North Shilmuri', 2, 1, 1, NULL, NULL, NULL),
(23, 'South Shilmuri', 2, 1, 1, NULL, NULL, NULL),
(24, 'Galimpur', 2, 1, 1, NULL, NULL, NULL),
(25, 'Shakpur', 2, 1, 1, NULL, NULL, NULL),
(26, 'Bhaukshar', 2, 1, 1, NULL, NULL, NULL),
(27, 'Adda', 2, 1, 1, NULL, NULL, NULL),
(28, 'Adra', 2, 1, 1, NULL, NULL, NULL),
(29, 'Payalgacha', 2, 1, 1, NULL, NULL, NULL),
(30, 'Laxmipur', 2, 1, 1, NULL, NULL, NULL),
(31, 'Shidli', 3, 1, 1, NULL, NULL, NULL),
(32, 'Chandla', 3, 1, 1, NULL, NULL, NULL),
(33, 'Shashidal', 3, 1, 1, NULL, NULL, NULL),
(34, 'Dulalpur', 3, 1, 1, NULL, NULL, NULL),
(35, 'Brahmanpara Sadar', 3, 1, 1, NULL, NULL, NULL),
(36, 'Shahebabad', 3, 1, 1, NULL, NULL, NULL),
(37, 'Malapara', 3, 1, 1, NULL, NULL, NULL),
(38, 'Madhabpur', 3, 1, 1, NULL, NULL, NULL),
(39, 'Shuhilpur', 4, 1, 1, NULL, NULL, NULL),
(40, 'Bataghashi', 4, 1, 1, NULL, NULL, NULL),
(41, 'Joag', 4, 1, 1, NULL, NULL, NULL),
(42, 'Borcarai', 4, 1, 1, NULL, NULL, NULL),
(43, 'Madhaiya', 4, 1, 1, NULL, NULL, NULL),
(44, 'Dollai Nowabpur', 4, 1, 1, NULL, NULL, NULL),
(45, 'Mohichial', 4, 1, 1, NULL, NULL, NULL),
(46, 'Gollai', 4, 1, 1, NULL, NULL, NULL),
(47, 'Keronkhal', 4, 1, 1, NULL, NULL, NULL),
(48, 'Maijkhar', 4, 1, 1, NULL, NULL, NULL),
(49, 'Etberpur', 4, 1, 1, NULL, NULL, NULL),
(50, 'Barera', 4, 1, 1, NULL, NULL, NULL),
(51, 'Borcoit', 4, 1, 1, NULL, NULL, NULL),
(52, 'Sreepur', 5, 1, 1, NULL, NULL, NULL),
(53, 'Kashinagar', 5, 1, 1, NULL, NULL, NULL),
(54, 'Kalikapur', 5, 1, 1, NULL, NULL, NULL),
(55, 'Shuvapur', 5, 1, 1, NULL, NULL, NULL),
(56, 'Ghulpasha', 5, 1, 1, NULL, NULL, NULL),
(57, 'Moonshirhat', 5, 1, 1, NULL, NULL, NULL),
(58, 'Batisha', 5, 1, 1, NULL, NULL, NULL),
(59, 'Kankapait', 5, 1, 1, NULL, NULL, NULL),
(60, 'Cheora', 5, 1, 1, NULL, NULL, NULL),
(61, 'Jagannatdighi', 5, 1, 1, NULL, NULL, NULL),
(62, 'Goonabati', 5, 1, 1, NULL, NULL, NULL),
(63, 'Alkara', 5, 1, 1, NULL, NULL, NULL),
(64, 'Doulotpur', 6, 1, 1, NULL, NULL, NULL),
(65, 'Daudkandi', 6, 1, 1, NULL, NULL, NULL),
(66, 'North Eliotgonj', 6, 1, 1, NULL, NULL, NULL),
(67, 'South Eliotgonj', 6, 1, 1, NULL, NULL, NULL),
(68, 'Zinglatoli', 6, 1, 1, NULL, NULL, NULL),
(69, 'Sundolpur', 6, 1, 1, NULL, NULL, NULL),
(70, 'Gouripur', 6, 1, 1, NULL, NULL, NULL),
(71, 'East Mohammadpur', 6, 1, 1, NULL, NULL, NULL),
(72, 'West Mohammadpur', 6, 1, 1, NULL, NULL, NULL),
(73, 'Goalmari', 6, 1, 1, NULL, NULL, NULL),
(74, 'Maruka', 6, 1, 1, NULL, NULL, NULL),
(75, 'Betessor', 6, 1, 1, NULL, NULL, NULL),
(76, 'Podua', 6, 1, 1, NULL, NULL, NULL),
(77, 'West Passgacia', 6, 1, 1, NULL, NULL, NULL),
(78, 'Baropara', 6, 1, 1, NULL, NULL, NULL),
(79, 'Mathabanga', 7, 1, 1, NULL, NULL, NULL),
(80, 'Gagutiea', 7, 1, 1, NULL, NULL, NULL),
(81, 'Asadpur', 7, 1, 1, NULL, NULL, NULL),
(82, 'Chanderchor', 7, 1, 1, NULL, NULL, NULL),
(83, 'Vashania', 7, 1, 1, NULL, NULL, NULL),
(84, 'Nilokhi', 7, 1, 1, NULL, NULL, NULL),
(85, 'Garmora', 7, 1, 1, NULL, NULL, NULL),
(86, 'Joypur', 7, 1, 1, NULL, NULL, NULL),
(87, 'Dulalpur', 7, 1, 1, NULL, NULL, NULL),
(88, 'Bakoi', 8, 1, 1, NULL, NULL, NULL),
(89, 'Mudafargonj', 8, 1, 1, NULL, NULL, NULL),
(90, 'Kandirpar', 8, 1, 1, NULL, NULL, NULL),
(91, 'Gobindapur', 8, 1, 1, NULL, NULL, NULL),
(92, 'Uttarda', 8, 1, 1, NULL, NULL, NULL),
(93, 'Laksam Purba', 8, 1, 1, NULL, NULL, NULL),
(94, 'Azgora', 8, 1, 1, NULL, NULL, NULL),
(95, 'Sreekil', 9, 1, 1, NULL, NULL, NULL),
(96, 'Akubpur', 9, 1, 1, NULL, NULL, NULL),
(97, 'Andicot', 9, 1, 1, NULL, NULL, NULL),
(98, 'Purbadair (East)', 9, 1, 1, NULL, NULL, NULL),
(99, 'Purbadair (West)', 9, 1, 1, NULL, NULL, NULL),
(100, 'Bangara (East)', 9, 1, 1, NULL, NULL, NULL),
(101, 'Bangara (West)', 9, 1, 1, NULL, NULL, NULL),
(102, 'Chapitala', 9, 1, 1, NULL, NULL, NULL),
(103, 'Camalla', 9, 1, 1, NULL, NULL, NULL),
(104, 'Jatrapur', 9, 1, 1, NULL, NULL, NULL),
(105, 'Ramachandrapur (North)', 9, 1, 1, NULL, NULL, NULL),
(106, 'Ramachandrapur (South)', 9, 1, 1, NULL, NULL, NULL),
(107, 'Muradnagar Sadar', 9, 1, 1, NULL, NULL, NULL),
(108, 'Nobipur (East)', 9, 1, 1, NULL, NULL, NULL),
(109, 'Nobipur (West)', 9, 1, 1, NULL, NULL, NULL),
(110, 'Damgar', 9, 1, 1, NULL, NULL, NULL),
(111, 'Jahapur', 9, 1, 1, NULL, NULL, NULL),
(112, 'Salikandi', 9, 1, 1, NULL, NULL, NULL),
(113, 'Darura', 9, 1, 1, NULL, NULL, NULL),
(114, 'Paharpur', 9, 1, 1, NULL, NULL, NULL),
(115, 'Babutipara', 9, 1, 1, NULL, NULL, NULL),
(116, 'Tanki', 9, 1, 1, NULL, NULL, NULL),
(117, 'Bangadda', 10, 1, 1, NULL, NULL, NULL),
(118, 'Paria', 10, 1, 1, NULL, NULL, NULL),
(119, 'Raykot', 10, 1, 1, NULL, NULL, NULL),
(120, 'Mokara', 10, 1, 1, NULL, NULL, NULL),
(121, 'Makrabpur', 10, 1, 1, NULL, NULL, NULL),
(122, 'Heshakhal', 10, 1, 1, NULL, NULL, NULL),
(123, 'Adra', 10, 1, 1, NULL, NULL, NULL),
(124, 'Judda', 10, 1, 1, NULL, NULL, NULL),
(125, 'Dhalua', 10, 1, 1, NULL, NULL, NULL),
(126, 'Doulkha', 10, 1, 1, NULL, NULL, NULL),
(127, 'Boxgonj', 10, 1, 1, NULL, NULL, NULL),
(128, 'Satbaria', 10, 1, 1, NULL, NULL, NULL),
(129, 'Kalirbazer', 11, 1, 1, NULL, NULL, NULL),
(130, 'North Durgapur', 11, 1, 1, NULL, NULL, NULL),
(131, 'South Durgapur', 11, 1, 1, NULL, NULL, NULL),
(132, 'Amratoli', 11, 1, 1, NULL, NULL, NULL),
(133, 'Panchthubi', 11, 1, 1, NULL, NULL, NULL),
(134, 'Jagannatpur', 11, 1, 1, NULL, NULL, NULL),
(135, 'Chandanpur', 12, 1, 1, NULL, NULL, NULL),
(136, 'Chalibanga', 12, 1, 1, NULL, NULL, NULL),
(137, 'Radanagar', 12, 1, 1, NULL, NULL, NULL),
(138, 'Manikarchar', 12, 1, 1, NULL, NULL, NULL),
(139, 'Barakanda', 12, 1, 1, NULL, NULL, NULL),
(140, 'Govindapur', 12, 1, 1, NULL, NULL, NULL),
(141, 'Luterchar', 12, 1, 1, NULL, NULL, NULL),
(142, 'Vaorkhola', 12, 1, 1, NULL, NULL, NULL),
(143, 'Baishgaon', 13, 1, 1, NULL, NULL, NULL),
(144, 'Shoroshpur', 13, 1, 1, NULL, NULL, NULL),
(145, 'Hasnabad', 13, 1, 1, NULL, NULL, NULL),
(146, 'Jholam (North)', 13, 1, 1, NULL, NULL, NULL),
(147, 'Jholam (South)', 13, 1, 1, NULL, NULL, NULL),
(148, 'Moishatua', 13, 1, 1, NULL, NULL, NULL),
(149, 'Lokkhanpur', 13, 1, 1, NULL, NULL, NULL),
(150, 'Khela', 13, 1, 1, NULL, NULL, NULL),
(151, 'Uttarhowla', 13, 1, 1, NULL, NULL, NULL),
(152, 'Natherpetua', 13, 1, 1, NULL, NULL, NULL),
(153, 'Bipulashar', 13, 1, 1, NULL, NULL, NULL),
(154, 'Chuwara', 14, 1, 1, NULL, NULL, NULL),
(155, 'Baropara', 14, 1, 1, NULL, NULL, NULL),
(156, 'Jorkanoneast', 14, 1, 1, NULL, NULL, NULL),
(157, 'Goliara', 14, 1, 1, NULL, NULL, NULL),
(158, 'Jorkanonwest', 14, 1, 1, NULL, NULL, NULL),
(159, 'Bagmara (North)', 14, 1, 1, NULL, NULL, NULL),
(160, 'Bagmara (South)', 14, 1, 1, NULL, NULL, NULL),
(161, 'Bhuloin (North)', 14, 1, 1, NULL, NULL, NULL),
(162, 'Bhuloin (South)', 14, 1, 1, NULL, NULL, NULL),
(163, 'Belgor (North)', 14, 1, 1, NULL, NULL, NULL),
(164, 'Belgor (South)', 14, 1, 1, NULL, NULL, NULL),
(165, 'Perul (North)', 14, 1, 1, NULL, NULL, NULL),
(166, 'Perul (South)', 14, 1, 1, NULL, NULL, NULL),
(167, 'Bijoypur', 14, 1, 1, NULL, NULL, NULL),
(168, 'Satani', 15, 1, 1, NULL, NULL, NULL),
(169, 'Jagatpur', 15, 1, 1, NULL, NULL, NULL),
(170, 'Balorampur', 15, 1, 1, NULL, NULL, NULL),
(171, 'Karikandi', 15, 1, 1, NULL, NULL, NULL),
(172, 'Kalakandi', 15, 1, 1, NULL, NULL, NULL),
(173, 'Vitikandi', 15, 1, 1, NULL, NULL, NULL),
(174, 'Narayandia', 15, 1, 1, NULL, NULL, NULL),
(175, 'Zearkandi', 15, 1, 1, NULL, NULL, NULL),
(176, 'Majidpur', 15, 1, 1, NULL, NULL, NULL),
(177, 'Moynamoti', 16, 1, 1, NULL, NULL, NULL),
(178, 'Varella', 16, 1, 1, NULL, NULL, NULL),
(179, 'Mokam', 16, 1, 1, NULL, NULL, NULL),
(180, 'Burichang Sadar', 16, 1, 1, NULL, NULL, NULL),
(181, 'Bakshimul', 16, 1, 1, NULL, NULL, NULL),
(182, 'Pirjatrapur', 16, 1, 1, NULL, NULL, NULL),
(183, 'Sholonal', 16, 1, 1, NULL, NULL, NULL),
(184, 'Rajapur', 16, 1, 1, NULL, NULL, NULL),
(185, 'Bagmara (North)', 17, 1, 1, NULL, NULL, NULL),
(186, 'Bagmara (South)', 17, 1, 1, NULL, NULL, NULL),
(187, 'Bhuloin (North)', 17, 1, 1, NULL, NULL, NULL),
(188, 'Bhuloin (South)', 17, 1, 1, NULL, NULL, NULL),
(189, 'Belgor (North)', 17, 1, 1, NULL, NULL, NULL),
(190, 'Belgor (South)', 17, 1, 1, NULL, NULL, NULL),
(191, 'Perul (North)', 17, 1, 1, NULL, NULL, NULL),
(192, 'Perul (South)', 17, 1, 1, NULL, NULL, NULL),
(193, 'Mohamaya', 18, 1, 1, NULL, NULL, NULL),
(194, 'Pathannagar', 18, 1, 1, NULL, NULL, NULL),
(195, 'Subhapur', 18, 1, 1, NULL, NULL, NULL),
(196, 'Radhanagar', 18, 1, 1, NULL, NULL, NULL),
(197, 'Gopal', 18, 1, 1, NULL, NULL, NULL),
(198, 'Sarishadi', 19, 1, 1, NULL, NULL, NULL),
(199, 'Panchgachia', 19, 1, 1, NULL, NULL, NULL),
(200, 'Dhormapur', 19, 1, 1, NULL, NULL, NULL),
(201, 'Kazirbag', 19, 1, 1, NULL, NULL, NULL),
(202, 'Kalidah', 19, 1, 1, NULL, NULL, NULL),
(203, 'Baligaon', 19, 1, 1, NULL, NULL, NULL),
(204, 'Dholia', 19, 1, 1, NULL, NULL, NULL),
(205, 'Lemua', 19, 1, 1, NULL, NULL, NULL),
(206, 'Chonua', 19, 1, 1, NULL, NULL, NULL),
(207, 'Motobi', 19, 1, 1, NULL, NULL, NULL),
(208, 'Fazilpur', 19, 1, 1, NULL, NULL, NULL),
(209, 'Forhadnogor', 19, 1, 1, NULL, NULL, NULL),
(210, 'Charmozlishpur', 20, 1, 1, NULL, NULL, NULL),
(211, 'Bogadana', 20, 1, 1, NULL, NULL, NULL),
(212, 'Motigonj', 20, 1, 1, NULL, NULL, NULL),
(213, 'Mongolkandi', 20, 1, 1, NULL, NULL, NULL),
(214, 'Chardorbesh', 20, 1, 1, NULL, NULL, NULL),
(215, 'Chorchandia', 20, 1, 1, NULL, NULL, NULL),
(216, 'Sonagazi', 20, 1, 1, NULL, NULL, NULL),
(217, 'Amirabad', 20, 1, 1, NULL, NULL, NULL),
(218, 'Nababpur', 20, 1, 1, NULL, NULL, NULL),
(219, 'Fulgazi', 21, 1, 1, NULL, NULL, NULL),
(220, 'Munshirhat', 21, 1, 1, NULL, NULL, NULL),
(221, 'Dorbarpur', 21, 1, 1, NULL, NULL, NULL),
(222, 'Anandopur', 21, 1, 1, NULL, NULL, NULL),
(223, 'Amzadhat', 21, 1, 1, NULL, NULL, NULL),
(224, 'Gmhat', 21, 1, 1, NULL, NULL, NULL),
(225, 'Mizanagar', 22, 1, 1, NULL, NULL, NULL),
(226, 'Ctholia', 22, 1, 1, NULL, NULL, NULL),
(227, 'Boxmahmmud', 22, 1, 1, NULL, NULL, NULL),
(228, 'Sindurpur', 23, 1, 1, NULL, NULL, NULL),
(229, 'Rajapur', 23, 1, 1, NULL, NULL, NULL),
(230, 'Purbachandrapur', 23, 1, 1, NULL, NULL, NULL),
(231, 'Ramnagar', 23, 1, 1, NULL, NULL, NULL),
(232, 'Yeakubpur', 23, 1, 1, NULL, NULL, NULL),
(233, 'Daganbhuiyan', 23, 1, 1, NULL, NULL, NULL),
(234, 'Matubhuiyan', 23, 1, 1, NULL, NULL, NULL),
(235, 'Jayloskor', 23, 1, 1, NULL, NULL, NULL),
(236, 'Basudeb', 24, 1, 1, NULL, NULL, NULL),
(237, 'Machihata', 24, 1, 1, NULL, NULL, NULL),
(238, 'Sultanpur', 24, 1, 1, NULL, NULL, NULL),
(239, 'Ramrail', 24, 1, 1, NULL, NULL, NULL),
(240, 'Sadekpur', 24, 1, 1, NULL, NULL, NULL),
(241, 'Talsahar', 24, 1, 1, NULL, NULL, NULL),
(242, 'Natai', 24, 1, 1, NULL, NULL, NULL),
(243, 'Natai', 24, 1, 1, NULL, NULL, NULL),
(244, 'Shuhilpur', 24, 1, 1, NULL, NULL, NULL),
(245, 'Bodhal', 24, 1, 1, NULL, NULL, NULL),
(246, 'Majlishpur', 24, 1, 1, NULL, NULL, NULL),
(247, 'Mulagram', 25, 1, 1, NULL, NULL, NULL),
(248, 'Mehari', 25, 1, 1, NULL, NULL, NULL),
(249, 'Badair', 25, 1, 1, NULL, NULL, NULL),
(250, 'Kharera', 25, 1, 1, NULL, NULL, NULL),
(251, 'Benauty', 25, 1, 1, NULL, NULL, NULL),
(252, 'Gopinathpur', 25, 1, 1, NULL, NULL, NULL),
(253, 'Kasbaw', 25, 1, 1, NULL, NULL, NULL),
(254, 'Kuti', 25, 1, 1, NULL, NULL, NULL),
(255, 'Kayempur', 25, 1, 1, NULL, NULL, NULL),
(256, 'Bayek', 25, 1, 1, NULL, NULL, NULL),
(257, 'Chatalpar', 26, 1, 1, NULL, NULL, NULL),
(258, 'Bhalakut', 26, 1, 1, NULL, NULL, NULL),
(259, 'Kunda', 26, 1, 1, NULL, NULL, NULL),
(260, 'Goalnagar', 26, 1, 1, NULL, NULL, NULL),
(261, 'Nasirnagar', 26, 1, 1, NULL, NULL, NULL),
(262, 'Burishwar', 26, 1, 1, NULL, NULL, NULL),
(263, 'Fandauk', 26, 1, 1, NULL, NULL, NULL),
(264, 'Goniauk', 26, 1, 1, NULL, NULL, NULL),
(265, 'Chapartala', 26, 1, 1, NULL, NULL, NULL),
(266, 'Dharnondol', 26, 1, 1, NULL, NULL, NULL),
(267, 'Haripur', 26, 1, 1, NULL, NULL, NULL),
(268, 'Purbabhag', 26, 1, 1, NULL, NULL, NULL),
(269, 'Gokarna', 26, 1, 1, NULL, NULL, NULL),
(270, 'Auraol', 27, 1, 1, NULL, NULL, NULL),
(271, 'Pakshimuul', 27, 1, 1, NULL, NULL, NULL),
(272, 'Chunta', 27, 1, 1, NULL, NULL, NULL),
(273, 'Kalikaccha', 27, 1, 1, NULL, NULL, NULL),
(274, 'Panishor', 27, 1, 1, NULL, NULL, NULL),
(275, 'Sarail', 27, 1, 1, NULL, NULL, NULL),
(276, 'Noagoun', 27, 1, 1, NULL, NULL, NULL),
(277, 'Shahajadapur', 27, 1, 1, NULL, NULL, NULL),
(278, 'Shahbazpur', 27, 1, 1, NULL, NULL, NULL),
(279, 'Ashuganj', 28, 1, 1, NULL, NULL, NULL),
(280, 'Charchartala', 28, 1, 1, NULL, NULL, NULL),
(281, 'Durgapur', 28, 1, 1, NULL, NULL, NULL),
(282, 'Araishidha', 28, 1, 1, NULL, NULL, NULL),
(283, 'Talshaharw', 28, 1, 1, NULL, NULL, NULL),
(284, 'Sarifpur', 28, 1, 1, NULL, NULL, NULL),
(285, 'Lalpur', 28, 1, 1, NULL, NULL, NULL),
(286, 'Tarua', 28, 1, 1, NULL, NULL, NULL),
(287, 'Monionda', 29, 1, 1, NULL, NULL, NULL),
(288, 'Dharkhar', 29, 1, 1, NULL, NULL, NULL),
(289, 'Mogra', 29, 1, 1, NULL, NULL, NULL),
(290, 'Akhauran', 29, 1, 1, NULL, NULL, NULL),
(291, 'Akhauras', 29, 1, 1, NULL, NULL, NULL),
(292, 'Barail', 30, 1, 1, NULL, NULL, NULL),
(293, 'Birgaon', 30, 1, 1, NULL, NULL, NULL),
(294, 'Krishnanagar', 30, 1, 1, NULL, NULL, NULL),
(295, 'Nathghar', 30, 1, 1, NULL, NULL, NULL),
(296, 'Biddayakut', 30, 1, 1, NULL, NULL, NULL),
(297, 'Nabinagare', 30, 1, 1, NULL, NULL, NULL),
(298, 'Nabinagarw', 30, 1, 1, NULL, NULL, NULL),
(299, 'Bitghar', 30, 1, 1, NULL, NULL, NULL),
(300, 'Shibpur', 30, 1, 1, NULL, NULL, NULL),
(301, 'Sreerampur', 30, 1, 1, NULL, NULL, NULL),
(302, 'Jinudpur', 30, 1, 1, NULL, NULL, NULL),
(303, 'Laurfatehpur', 30, 1, 1, NULL, NULL, NULL),
(304, 'Ibrahimpur', 30, 1, 1, NULL, NULL, NULL),
(305, 'Satmura', 30, 1, 1, NULL, NULL, NULL),
(306, 'Shamogram', 30, 1, 1, NULL, NULL, NULL),
(307, 'Rasullabad', 30, 1, 1, NULL, NULL, NULL),
(308, 'Barikandi', 30, 1, 1, NULL, NULL, NULL),
(309, 'Salimganj', 30, 1, 1, NULL, NULL, NULL),
(310, 'Ratanpur', 30, 1, 1, NULL, NULL, NULL),
(311, 'Kaitala (North)', 30, 1, 1, NULL, NULL, NULL),
(312, 'Kaitala (South)', 30, 1, 1, NULL, NULL, NULL),
(313, 'Tazkhali', 31, 1, 1, NULL, NULL, NULL),
(314, 'Pahariya Kandi', 31, 1, 1, NULL, NULL, NULL),
(315, 'Dariadulat', 31, 1, 1, NULL, NULL, NULL),
(316, 'Sonarampur', 31, 1, 1, NULL, NULL, NULL),
(317, 'Darikandi', 31, 1, 1, NULL, NULL, NULL),
(318, 'Saifullyakandi', 31, 1, 1, NULL, NULL, NULL),
(319, 'Bancharampur', 31, 1, 1, NULL, NULL, NULL),
(320, 'Ayabpur', 31, 1, 1, NULL, NULL, NULL),
(321, 'Fardabad', 31, 1, 1, NULL, NULL, NULL),
(322, 'Rupushdi', 31, 1, 1, NULL, NULL, NULL),
(323, 'Salimabad', 31, 1, 1, NULL, NULL, NULL),
(324, 'Ujanchar', 31, 1, 1, NULL, NULL, NULL),
(325, 'Manikpur', 31, 1, 1, NULL, NULL, NULL),
(326, 'Bhudanty', 32, 1, 1, NULL, NULL, NULL),
(327, 'Chandura', 32, 1, 1, NULL, NULL, NULL),
(328, 'Ichapura', 32, 1, 1, NULL, NULL, NULL),
(329, 'Champaknagar', 32, 1, 1, NULL, NULL, NULL),
(330, 'Harashpur', 32, 1, 1, NULL, NULL, NULL),
(331, 'Pattan', 32, 1, 1, NULL, NULL, NULL),
(332, 'Singerbil', 32, 1, 1, NULL, NULL, NULL),
(333, 'Bishupor', 32, 1, 1, NULL, NULL, NULL),
(334, 'Charislampur', 32, 1, 1, NULL, NULL, NULL),
(335, 'Paharpur', 32, 1, 1, NULL, NULL, NULL),
(336, 'Jibtali', 33, 1, 1, NULL, NULL, NULL),
(337, 'Sapchari', 33, 1, 1, NULL, NULL, NULL),
(338, 'Kutukchari', 33, 1, 1, NULL, NULL, NULL),
(339, 'Bandukbhanga', 33, 1, 1, NULL, NULL, NULL),
(340, 'Balukhali', 33, 1, 1, NULL, NULL, NULL),
(341, 'Mogban', 33, 1, 1, NULL, NULL, NULL),
(342, 'Raikhali', 34, 1, 1, NULL, NULL, NULL),
(343, 'Kaptai', 34, 1, 1, NULL, NULL, NULL),
(344, 'Wagga', 34, 1, 1, NULL, NULL, NULL),
(345, 'Chandraghona', 34, 1, 1, NULL, NULL, NULL),
(346, 'Chitmorom', 34, 1, 1, NULL, NULL, NULL),
(347, 'Ghagra', 35, 1, 1, NULL, NULL, NULL),
(348, 'Fatikchari', 35, 1, 1, NULL, NULL, NULL),
(349, 'Betbunia', 35, 1, 1, NULL, NULL, NULL),
(350, 'Kalampati', 35, 1, 1, NULL, NULL, NULL),
(351, 'Sajek', 36, 1, 1, NULL, NULL, NULL),
(352, 'Amtali', 36, 1, 1, NULL, NULL, NULL),
(353, 'Bongoltali', 36, 1, 1, NULL, NULL, NULL),
(354, 'Rupokari', 36, 1, 1, NULL, NULL, NULL),
(355, 'Marisha', 36, 1, 1, NULL, NULL, NULL),
(356, 'Khedarmara', 36, 1, 1, NULL, NULL, NULL),
(357, 'Sharoyatali', 36, 1, 1, NULL, NULL, NULL),
(358, 'Baghaichari', 36, 1, 1, NULL, NULL, NULL),
(359, 'Subalong', 37, 1, 1, NULL, NULL, NULL),
(360, 'Barkal', 37, 1, 1, NULL, NULL, NULL),
(361, 'Bushanchara', 37, 1, 1, NULL, NULL, NULL),
(362, 'Aimachara', 37, 1, 1, NULL, NULL, NULL),
(363, 'Borohorina', 37, 1, 1, NULL, NULL, NULL),
(364, 'Langad', 38, 1, 1, NULL, NULL, NULL),
(365, 'Maeinimukh', 38, 1, 1, NULL, NULL, NULL),
(366, 'Vasannadam', 38, 1, 1, NULL, NULL, NULL),
(367, 'Bogachattar', 38, 1, 1, NULL, NULL, NULL),
(368, 'Gulshakhali', 38, 1, 1, NULL, NULL, NULL),
(369, 'Kalapakujja', 38, 1, 1, NULL, NULL, NULL),
(370, 'Atarakchara', 38, 1, 1, NULL, NULL, NULL),
(371, 'Ghilachari', 39, 1, 1, NULL, NULL, NULL),
(372, 'Gaindya', 39, 1, 1, NULL, NULL, NULL),
(373, 'Bangalhalia', 39, 1, 1, NULL, NULL, NULL),
(374, 'Kengrachari', 40, 1, 1, NULL, NULL, NULL),
(375, 'Belaichari', 40, 1, 1, NULL, NULL, NULL),
(376, 'Farua', 40, 1, 1, NULL, NULL, NULL),
(377, 'Juraichari', 41, 1, 1, NULL, NULL, NULL),
(378, 'Banajogichara', 41, 1, 1, NULL, NULL, NULL),
(379, 'Moidong', 41, 1, 1, NULL, NULL, NULL),
(380, 'Dumdumya', 41, 1, 1, NULL, NULL, NULL),
(381, 'Sabekkhong', 42, 1, 1, NULL, NULL, NULL),
(382, 'Naniarchar', 42, 1, 1, NULL, NULL, NULL),
(383, 'Burighat', 42, 1, 1, NULL, NULL, NULL),
(384, 'Ghilachhari', 42, 1, 1, NULL, NULL, NULL),
(385, 'Charmatua', 43, 1, 1, NULL, NULL, NULL),
(386, 'Dadpur', 43, 1, 1, NULL, NULL, NULL),
(387, 'Noannoi', 43, 1, 1, NULL, NULL, NULL),
(388, 'Kadirhanif', 43, 1, 1, NULL, NULL, NULL),
(389, 'Binodpur', 43, 1, 1, NULL, NULL, NULL),
(390, 'Dharmapur', 43, 1, 1, NULL, NULL, NULL),
(391, 'Aujbalia', 43, 1, 1, NULL, NULL, NULL),
(392, 'Kaladara', 43, 1, 1, NULL, NULL, NULL),
(393, 'Ashwadia', 43, 1, 1, NULL, NULL, NULL),
(394, 'Newajpur', 43, 1, 1, NULL, NULL, NULL),
(395, 'East Charmatua', 43, 1, 1, NULL, NULL, NULL),
(396, 'Andarchar', 43, 1, 1, NULL, NULL, NULL),
(397, 'Noakhali', 43, 1, 1, NULL, NULL, NULL),
(398, 'Sirajpur', 44, 1, 1, NULL, NULL, NULL),
(399, 'Charparboti', 44, 1, 1, NULL, NULL, NULL),
(400, 'Charhazari', 44, 1, 1, NULL, NULL, NULL),
(401, 'Charkakra', 44, 1, 1, NULL, NULL, NULL),
(402, 'Charfakira', 44, 1, 1, NULL, NULL, NULL),
(403, 'Musapur', 44, 1, 1, NULL, NULL, NULL),
(404, 'Charelahi', 44, 1, 1, NULL, NULL, NULL),
(405, 'Rampur', 44, 1, 1, NULL, NULL, NULL),
(406, 'Amanullapur', 45, 1, 1, NULL, NULL, NULL),
(407, 'Gopalpur', 45, 1, 1, NULL, NULL, NULL),
(408, 'Jirtali', 45, 1, 1, NULL, NULL, NULL),
(409, 'Kutubpur', 45, 1, 1, NULL, NULL, NULL),
(410, 'Alyearpur', 45, 1, 1, NULL, NULL, NULL),
(411, 'Chayani', 45, 1, 1, NULL, NULL, NULL),
(412, 'Rajganj', 45, 1, 1, NULL, NULL, NULL),
(413, 'Eklashpur', 45, 1, 1, NULL, NULL, NULL),
(414, 'Begumganj', 45, 1, 1, NULL, NULL, NULL),
(415, 'Mirwarishpur', 45, 1, 1, NULL, NULL, NULL),
(416, 'Narottampur', 45, 1, 1, NULL, NULL, NULL),
(417, 'Durgapur', 45, 1, 1, NULL, NULL, NULL),
(418, 'Rasulpur', 45, 1, 1, NULL, NULL, NULL),
(419, 'Hajipur', 45, 1, 1, NULL, NULL, NULL),
(420, 'Sharifpur', 45, 1, 1, NULL, NULL, NULL),
(421, 'Kadirpur', 45, 1, 1, NULL, NULL, NULL),
(422, 'Sukhchar', 46, 1, 1, NULL, NULL, NULL),
(423, 'Nolchira', 46, 1, 1, NULL, NULL, NULL),
(424, 'Charishwar', 46, 1, 1, NULL, NULL, NULL),
(425, 'Charking', 46, 1, 1, NULL, NULL, NULL),
(426, 'Tomoroddi', 46, 1, 1, NULL, NULL, NULL),
(427, 'Sonadiya', 46, 1, 1, NULL, NULL, NULL),
(428, 'Burirchar', 46, 1, 1, NULL, NULL, NULL),
(429, 'Jahajmara', 46, 1, 1, NULL, NULL, NULL),
(430, 'Nijhumdwi', 46, 1, 1, NULL, NULL, NULL),
(431, 'Charjabbar', 47, 1, 1, NULL, NULL, NULL),
(432, 'Charbata', 47, 1, 1, NULL, NULL, NULL),
(433, 'Charclerk', 47, 1, 1, NULL, NULL, NULL),
(434, 'Charwapda', 47, 1, 1, NULL, NULL, NULL),
(435, 'Charjubilee', 47, 1, 1, NULL, NULL, NULL),
(436, 'Charaman Ullah', 47, 1, 1, NULL, NULL, NULL),
(437, 'East Charbata', 47, 1, 1, NULL, NULL, NULL),
(438, 'Mohammadpur', 47, 1, 1, NULL, NULL, NULL),
(439, 'Narottampur', 48, 1, 1, NULL, NULL, NULL),
(440, 'Dhanshiri', 48, 1, 1, NULL, NULL, NULL),
(441, 'Sundalpur', 48, 1, 1, NULL, NULL, NULL),
(442, 'Ghoshbag', 48, 1, 1, NULL, NULL, NULL),
(443, 'Chaprashirhat', 48, 1, 1, NULL, NULL, NULL),
(444, 'Dhanshalik', 48, 1, 1, NULL, NULL, NULL),
(445, 'Batoiya', 48, 1, 1, NULL, NULL, NULL),
(446, 'Chhatarpaia', 49, 1, 1, NULL, NULL, NULL),
(447, 'Kesharpar', 49, 1, 1, NULL, NULL, NULL),
(448, 'Dumurua', 49, 1, 1, NULL, NULL, NULL),
(449, 'Kadra', 49, 1, 1, NULL, NULL, NULL),
(450, 'Arjuntala', 49, 1, 1, NULL, NULL, NULL),
(451, 'Kabilpur', 49, 1, 1, NULL, NULL, NULL),
(452, 'Mohammadpur', 49, 1, 1, NULL, NULL, NULL),
(453, 'Nabipur', 49, 1, 1, NULL, NULL, NULL),
(454, 'Bejbagh', 49, 1, 1, NULL, NULL, NULL),
(455, 'Sahapur', 50, 1, 1, NULL, NULL, NULL),
(456, 'Ramnarayanpur', 50, 1, 1, NULL, NULL, NULL),
(457, 'Porokote', 50, 1, 1, NULL, NULL, NULL),
(458, 'Badalkot', 50, 1, 1, NULL, NULL, NULL),
(459, 'Panchgaon', 50, 1, 1, NULL, NULL, NULL),
(460, 'Hat-Pukuria Ghatlabag', 50, 1, 1, NULL, NULL, NULL),
(461, 'Noakhala', 50, 1, 1, NULL, NULL, NULL),
(462, 'Khilpara', 50, 1, 1, NULL, NULL, NULL),
(463, 'Mohammadpur', 50, 1, 1, NULL, NULL, NULL),
(464, 'Joyag', 51, 1, 1, NULL, NULL, NULL),
(465, 'Nodona', 51, 1, 1, NULL, NULL, NULL),
(466, 'Chashirhat', 51, 1, 1, NULL, NULL, NULL),
(467, 'Barogaon', 51, 1, 1, NULL, NULL, NULL),
(468, 'Ambarnagor', 51, 1, 1, NULL, NULL, NULL),
(469, 'Nateshwar', 51, 1, 1, NULL, NULL, NULL),
(470, 'Bajra', 51, 1, 1, NULL, NULL, NULL),
(471, 'Sonapur', 51, 1, 1, NULL, NULL, NULL),
(472, 'Deoti', 51, 1, 1, NULL, NULL, NULL),
(473, 'Amishapara', 51, 1, 1, NULL, NULL, NULL),
(474, 'Gazipur', 52, 1, 1, NULL, NULL, NULL),
(475, 'Algidurgapur (North)', 52, 1, 1, NULL, NULL, NULL),
(476, 'Algidurgapur (South)', 52, 1, 1, NULL, NULL, NULL),
(477, 'Nilkamal', 52, 1, 1, NULL, NULL, NULL),
(478, 'Haimchar', 52, 1, 1, NULL, NULL, NULL),
(479, 'Charbhairabi', 52, 1, 1, NULL, NULL, NULL),
(480, 'Pathair', 53, 1, 1, NULL, NULL, NULL),
(481, 'Bitara', 53, 1, 1, NULL, NULL, NULL),
(482, 'Shohodebpur (East)', 53, 1, 1, NULL, NULL, NULL),
(483, 'Shohodebpur (West)', 53, 1, 1, NULL, NULL, NULL),
(484, 'Kachua (North)', 53, 1, 1, NULL, NULL, NULL),
(485, 'Kachua (South)', 53, 1, 1, NULL, NULL, NULL),
(486, 'Gohat (North)', 53, 1, 1, NULL, NULL, NULL),
(487, 'Kadla', 53, 1, 1, NULL, NULL, NULL),
(488, 'Ashrafpur', 53, 1, 1, NULL, NULL, NULL),
(489, 'Gohat (South)', 53, 1, 1, NULL, NULL, NULL),
(490, 'Sachar', 53, 1, 1, NULL, NULL, NULL),
(491, 'Koroia', 53, 1, 1, NULL, NULL, NULL),
(492, 'Tamta (South)', 54, 1, 1, NULL, NULL, NULL),
(493, 'Tamta (North)', 54, 1, 1, NULL, NULL, NULL),
(494, 'Meher (North)', 54, 1, 1, NULL, NULL, NULL),
(495, 'Meher (South)', 54, 1, 1, NULL, NULL, NULL),
(496, 'Suchipara (North)', 54, 1, 1, NULL, NULL, NULL),
(497, 'Suchipara (South)', 54, 1, 1, NULL, NULL, NULL),
(498, 'Chitoshi (East)', 54, 1, 1, NULL, NULL, NULL),
(499, 'Raysree (South)', 54, 1, 1, NULL, NULL, NULL),
(500, 'Raysree (North)', 54, 1, 1, NULL, NULL, NULL),
(501, 'Chitoshiwest', 54, 1, 1, NULL, NULL, NULL),
(502, 'Bishnapur', 55, 1, 1, NULL, NULL, NULL),
(503, 'Ashikati', 55, 1, 1, NULL, NULL, NULL),
(504, 'Shahmahmudpur', 55, 1, 1, NULL, NULL, NULL),
(505, 'Kalyanpur', 55, 1, 1, NULL, NULL, NULL),
(506, 'Rampur', 55, 1, 1, NULL, NULL, NULL),
(507, 'Maishadi', 55, 1, 1, NULL, NULL, NULL),
(508, 'Tarpurchandi', 55, 1, 1, NULL, NULL, NULL),
(509, 'Baghadi', 55, 1, 1, NULL, NULL, NULL),
(510, 'Laxmipur Model', 55, 1, 1, NULL, NULL, NULL),
(511, 'Hanarchar', 55, 1, 1, NULL, NULL, NULL),
(512, 'Chandra', 55, 1, 1, NULL, NULL, NULL),
(513, 'Rajrajeshwar', 55, 1, 1, NULL, NULL, NULL),
(514, 'Ibrahimpur', 55, 1, 1, NULL, NULL, NULL),
(515, 'Balia', 55, 1, 1, NULL, NULL, NULL),
(516, 'Nayergaon (North)', 56, 1, 1, NULL, NULL, NULL),
(517, 'Nayergaon (South)', 56, 1, 1, NULL, NULL, NULL),
(518, 'Khadergaon', 56, 1, 1, NULL, NULL, NULL),
(519, 'Narayanpur', 56, 1, 1, NULL, NULL, NULL),
(520, 'Upadi (South)', 56, 1, 1, NULL, NULL, NULL),
(521, 'Upadi (North)', 56, 1, 1, NULL, NULL, NULL),
(522, 'Rajargaon (North)', 57, 1, 1, NULL, NULL, NULL),
(523, 'Bakila', 57, 1, 1, NULL, NULL, NULL),
(524, 'Kalocho (North)', 57, 1, 1, NULL, NULL, NULL),
(525, 'Hajiganj Sadar', 57, 1, 1, NULL, NULL, NULL),
(526, 'Kalocho (South)', 57, 1, 1, NULL, NULL, NULL),
(527, 'Barkul (East)', 57, 1, 1, NULL, NULL, NULL),
(528, 'Barkul (West)', 57, 1, 1, NULL, NULL, NULL),
(529, 'Hatila (East)', 57, 1, 1, NULL, NULL, NULL),
(530, 'Hatila (West)', 57, 1, 1, NULL, NULL, NULL),
(531, 'Gandharbapur (North)', 57, 1, 1, NULL, NULL, NULL),
(532, 'Gandharbapur (South)', 57, 1, 1, NULL, NULL, NULL),
(533, 'Satnal', 58, 1, 1, NULL, NULL, NULL),
(534, 'Banganbari', 58, 1, 1, NULL, NULL, NULL),
(535, 'Sadullapur', 58, 1, 1, NULL, NULL, NULL),
(536, 'Durgapur', 58, 1, 1, NULL, NULL, NULL),
(537, 'Kalakanda', 58, 1, 1, NULL, NULL, NULL),
(538, 'Mohanpur', 58, 1, 1, NULL, NULL, NULL),
(539, 'Eklaspur', 58, 1, 1, NULL, NULL, NULL),
(540, 'Jahirabad', 58, 1, 1, NULL, NULL, NULL),
(541, 'Fatehpur (East)', 58, 1, 1, NULL, NULL, NULL),
(542, 'Fatehpur (West)', 58, 1, 1, NULL, NULL, NULL),
(543, 'Farajikandi', 58, 1, 1, NULL, NULL, NULL),
(544, 'Islamabad', 58, 1, 1, NULL, NULL, NULL),
(545, 'Sultanabad', 58, 1, 1, NULL, NULL, NULL),
(546, 'Gazra', 58, 1, 1, NULL, NULL, NULL),
(547, 'Balithuba (West)', 59, 1, 1, NULL, NULL, NULL),
(548, 'Balithuba (East)', 59, 1, 1, NULL, NULL, NULL),
(549, 'Subidpur (East)', 59, 1, 1, NULL, NULL, NULL),
(550, 'Subidpur (West)', 59, 1, 1, NULL, NULL, NULL),
(551, 'Gupti (West)', 59, 1, 1, NULL, NULL, NULL),
(552, 'Gupti (East)', 59, 1, 1, NULL, NULL, NULL),
(553, 'Paikpara (North)', 59, 1, 1, NULL, NULL, NULL),
(554, 'Paikpara (South)', 59, 1, 1, NULL, NULL, NULL),
(555, 'Gobindapur (North)', 59, 1, 1, NULL, NULL, NULL),
(556, 'Gobindapur (South)', 59, 1, 1, NULL, NULL, NULL),
(557, 'Chardukhia (East)', 59, 1, 1, NULL, NULL, NULL),
(558, 'Chardukhia (West)', 59, 1, 1, NULL, NULL, NULL),
(559, 'Faridgonj (South)', 59, 1, 1, NULL, NULL, NULL),
(560, 'Rupsha (South)', 59, 1, 1, NULL, NULL, NULL),
(561, 'Rupsha (North)', 59, 1, 1, NULL, NULL, NULL),
(562, 'Hamsadi (North)', 60, 1, 1, NULL, NULL, NULL),
(563, 'Hamsadi (South)', 60, 1, 1, NULL, NULL, NULL),
(564, 'Dalalbazar', 60, 1, 1, NULL, NULL, NULL),
(565, 'Charruhita', 60, 1, 1, NULL, NULL, NULL),
(566, 'Parbotinagar', 60, 1, 1, NULL, NULL, NULL),
(567, 'Bangakha', 60, 1, 1, NULL, NULL, NULL),
(568, 'Dattapara', 60, 1, 1, NULL, NULL, NULL),
(569, 'Basikpur', 60, 1, 1, NULL, NULL, NULL),
(570, 'Chandrogonj', 60, 1, 1, NULL, NULL, NULL),
(571, 'Nourthjoypur', 60, 1, 1, NULL, NULL, NULL),
(572, 'Hazirpara', 60, 1, 1, NULL, NULL, NULL),
(573, 'Charshahi', 60, 1, 1, NULL, NULL, NULL),
(574, 'Digli', 60, 1, 1, NULL, NULL, NULL),
(575, 'Laharkandi', 60, 1, 1, NULL, NULL, NULL),
(576, 'Vobanigonj', 60, 1, 1, NULL, NULL, NULL),
(577, 'Kusakhali', 60, 1, 1, NULL, NULL, NULL),
(578, 'Sakchor', 60, 1, 1, NULL, NULL, NULL),
(579, 'Tearigonj', 60, 1, 1, NULL, NULL, NULL),
(580, 'Tumchor', 60, 1, 1, NULL, NULL, NULL),
(581, 'Charramoni Mohon', 60, 1, 1, NULL, NULL, NULL),
(582, 'Charkalkini', 61, 1, 1, NULL, NULL, NULL),
(583, 'Shaheberhat', 61, 1, 1, NULL, NULL, NULL),
(584, 'Char Martin', 61, 1, 1, NULL, NULL, NULL),
(585, 'Char Folcon', 61, 1, 1, NULL, NULL, NULL),
(586, 'Patarirhat', 61, 1, 1, NULL, NULL, NULL),
(587, 'Hajirhat', 61, 1, 1, NULL, NULL, NULL),
(588, 'Char Kadira', 61, 1, 1, NULL, NULL, NULL),
(589, 'Torabgonj', 61, 1, 1, NULL, NULL, NULL),
(590, 'Charlorench', 61, 1, 1, NULL, NULL, NULL),
(591, 'North Char Ababil', 62, 1, 1, NULL, NULL, NULL),
(592, 'North Char Bangshi', 62, 1, 1, NULL, NULL, NULL),
(593, 'Char Mohana', 62, 1, 1, NULL, NULL, NULL),
(594, 'Sonapur', 62, 1, 1, NULL, NULL, NULL),
(595, 'Charpata', 62, 1, 1, NULL, NULL, NULL),
(596, 'Bamni', 62, 1, 1, NULL, NULL, NULL),
(597, 'South Char Bangshi', 62, 1, 1, NULL, NULL, NULL),
(598, 'South Char Ababil', 62, 1, 1, NULL, NULL, NULL),
(599, 'Raipur', 62, 1, 1, NULL, NULL, NULL),
(600, 'Keora', 62, 1, 1, NULL, NULL, NULL),
(601, 'Char Poragacha', 63, 1, 1, NULL, NULL, NULL),
(602, 'Charbadam', 63, 1, 1, NULL, NULL, NULL),
(603, 'Char Abdullah', 63, 1, 1, NULL, NULL, NULL),
(604, 'Alxendar', 63, 1, 1, NULL, NULL, NULL),
(605, 'Char Algi', 63, 1, 1, NULL, NULL, NULL),
(606, 'Char Ramiz', 63, 1, 1, NULL, NULL, NULL),
(607, 'Borokheri', 63, 1, 1, NULL, NULL, NULL),
(608, 'Chargazi', 63, 1, 1, NULL, NULL, NULL),
(609, 'Kanchanpur', 64, 1, 1, NULL, NULL, NULL),
(610, 'Noagaon', 64, 1, 1, NULL, NULL, NULL),
(611, 'Bhadur', 64, 1, 1, NULL, NULL, NULL),
(612, 'Ichhapur', 64, 1, 1, NULL, NULL, NULL),
(613, 'Chandipur', 64, 1, 1, NULL, NULL, NULL),
(614, 'Lamchar', 64, 1, 1, NULL, NULL, NULL),
(615, 'Darbeshpur', 64, 1, 1, NULL, NULL, NULL),
(616, 'Karpara', 64, 1, 1, NULL, NULL, NULL),
(617, 'Bholakot', 64, 1, 1, NULL, NULL, NULL),
(618, 'Bhatra', 64, 1, 1, NULL, NULL, NULL),
(619, 'Rajanagar', 65, 1, 1, NULL, NULL, NULL),
(620, 'Hosnabad', 65, 1, 1, NULL, NULL, NULL),
(621, 'Swanirbor Rangunia', 65, 1, 1, NULL, NULL, NULL),
(622, 'Mariumnagar', 65, 1, 1, NULL, NULL, NULL),
(623, 'Parua', 65, 1, 1, NULL, NULL, NULL),
(624, 'Pomra', 65, 1, 1, NULL, NULL, NULL),
(625, 'Betagi', 65, 1, 1, NULL, NULL, NULL),
(626, 'Sharafbhata', 65, 1, 1, NULL, NULL, NULL),
(627, 'Shilok', 65, 1, 1, NULL, NULL, NULL),
(628, 'Chandraghona', 65, 1, 1, NULL, NULL, NULL),
(629, 'Kodala', 65, 1, 1, NULL, NULL, NULL),
(630, 'Islampur', 65, 1, 1, NULL, NULL, NULL),
(631, 'South Rajanagar', 65, 1, 1, NULL, NULL, NULL),
(632, 'Lalanagar', 65, 1, 1, NULL, NULL, NULL),
(633, 'Kumira', 66, 1, 1, NULL, NULL, NULL),
(634, 'Banshbaria', 66, 1, 1, NULL, NULL, NULL),
(635, 'Barabkunda', 66, 1, 1, NULL, NULL, NULL),
(636, 'Bariadyala', 66, 1, 1, NULL, NULL, NULL),
(637, 'Muradpur', 66, 1, 1, NULL, NULL, NULL),
(638, 'Saidpur', 66, 1, 1, NULL, NULL, NULL),
(639, 'Salimpur', 66, 1, 1, NULL, NULL, NULL),
(640, 'Sonaichhari', 66, 1, 1, NULL, NULL, NULL),
(641, 'Bhatiari', 66, 1, 1, NULL, NULL, NULL),
(642, 'Korerhat', 67, 1, 1, NULL, NULL, NULL),
(643, 'Hinguli', 67, 1, 1, NULL, NULL, NULL),
(644, 'Jorarganj', 67, 1, 1, NULL, NULL, NULL),
(645, 'Dhoom', 67, 1, 1, NULL, NULL, NULL),
(646, 'Osmanpur', 67, 1, 1, NULL, NULL, NULL),
(647, 'Ichakhali', 67, 1, 1, NULL, NULL, NULL),
(648, 'Katachhara', 67, 1, 1, NULL, NULL, NULL),
(649, 'Durgapur', 67, 1, 1, NULL, NULL, NULL),
(650, 'Mirsharai', 67, 1, 1, NULL, NULL, NULL),
(651, 'Mithanala', 67, 1, 1, NULL, NULL, NULL),
(652, 'Maghadia', 67, 1, 1, NULL, NULL, NULL),
(653, 'Khaiyachhara', 67, 1, 1, NULL, NULL, NULL),
(654, 'Mayani', 67, 1, 1, NULL, NULL, NULL),
(655, 'Haitkandi', 67, 1, 1, NULL, NULL, NULL),
(656, 'Wahedpur', 67, 1, 1, NULL, NULL, NULL),
(657, 'Saherkhali', 67, 1, 1, NULL, NULL, NULL),
(658, 'Asia', 68, 1, 1, NULL, NULL, NULL),
(659, 'Kachuai', 68, 1, 1, NULL, NULL, NULL),
(660, 'Kasiais', 68, 1, 1, NULL, NULL, NULL),
(661, 'Kusumpura', 68, 1, 1, NULL, NULL, NULL),
(662, 'Kelishahar', 68, 1, 1, NULL, NULL, NULL),
(663, 'Kolagaon', 68, 1, 1, NULL, NULL, NULL),
(664, 'Kharana', 68, 1, 1, NULL, NULL, NULL),
(665, 'Char Patharghata', 68, 1, 1, NULL, NULL, NULL),
(666, 'Char Lakshya', 68, 1, 1, NULL, NULL, NULL),
(667, 'Chanhara', 68, 1, 1, NULL, NULL, NULL),
(668, 'Janglukhain', 68, 1, 1, NULL, NULL, NULL),
(669, 'Jiri', 68, 1, 1, NULL, NULL, NULL),
(670, 'Juldha', 68, 1, 1, NULL, NULL, NULL),
(671, 'Dakkhin Bhurshi', 68, 1, 1, NULL, NULL, NULL),
(672, 'Dhalghat', 68, 1, 1, NULL, NULL, NULL),
(673, 'Bara Uthan', 68, 1, 1, NULL, NULL, NULL),
(674, 'Baralia', 68, 1, 1, NULL, NULL, NULL),
(675, 'Bhatikhain', 68, 1, 1, NULL, NULL, NULL),
(676, 'Sikalbaha', 68, 1, 1, NULL, NULL, NULL),
(677, 'Sobhandandi', 68, 1, 1, NULL, NULL, NULL),
(678, 'Habilasdwi', 68, 1, 1, NULL, NULL, NULL),
(679, 'Haidgaon', 68, 1, 1, NULL, NULL, NULL),
(680, 'Rahmatpur', 69, 1, 1, NULL, NULL, NULL),
(681, 'Harispur', 69, 1, 1, NULL, NULL, NULL),
(682, 'Kalapania', 69, 1, 1, NULL, NULL, NULL),
(683, 'Amanullah', 69, 1, 1, NULL, NULL, NULL),
(684, 'Santoshpur', 69, 1, 1, NULL, NULL, NULL),
(685, 'Gachhua', 69, 1, 1, NULL, NULL, NULL),
(686, 'Bauria', 69, 1, 1, NULL, NULL, NULL),
(687, 'Haramia', 69, 1, 1, NULL, NULL, NULL),
(688, 'Magdhara', 69, 1, 1, NULL, NULL, NULL),
(689, 'Maitbhanga', 69, 1, 1, NULL, NULL, NULL),
(690, 'Sarikait', 69, 1, 1, NULL, NULL, NULL),
(691, 'Musapur', 69, 1, 1, NULL, NULL, NULL),
(692, 'Azimpur', 69, 1, 1, NULL, NULL, NULL),
(693, 'Urirchar', 69, 1, 1, NULL, NULL, NULL),
(694, 'Pukuria', 70, 1, 1, NULL, NULL, NULL),
(695, 'Sadhanpur', 70, 1, 1, NULL, NULL, NULL),
(696, 'Khankhanabad', 70, 1, 1, NULL, NULL, NULL),
(697, 'Baharchhara', 70, 1, 1, NULL, NULL, NULL),
(698, 'Kalipur', 70, 1, 1, NULL, NULL, NULL),
(699, 'Bailchhari', 70, 1, 1, NULL, NULL, NULL),
(700, 'Katharia', 70, 1, 1, NULL, NULL, NULL),
(701, 'Saral', 70, 1, 1, NULL, NULL, NULL),
(702, 'Silk', 70, 1, 1, NULL, NULL, NULL),
(703, 'Chambal', 70, 1, 1, NULL, NULL, NULL),
(704, 'Gandamara', 70, 1, 1, NULL, NULL, NULL),
(705, 'Sekherkhil', 70, 1, 1, NULL, NULL, NULL),
(706, 'Puichhari', 70, 1, 1, NULL, NULL, NULL),
(707, 'Chhanua', 70, 1, 1, NULL, NULL, NULL),
(708, 'Kandhurkhil', 71, 1, 1, NULL, NULL, NULL),
(709, 'Pashchim Gamdandi', 71, 1, 1, NULL, NULL, NULL),
(710, 'Purba Gomdandi', 71, 1, 1, NULL, NULL, NULL),
(711, 'Sakpura', 71, 1, 1, NULL, NULL, NULL),
(712, 'Saroatali', 71, 1, 1, NULL, NULL, NULL),
(713, 'Popadia', 71, 1, 1, NULL, NULL, NULL),
(714, 'Charandwi', 71, 1, 1, NULL, NULL, NULL),
(715, 'Sreepur-Kharandwi', 71, 1, 1, NULL, NULL, NULL),
(716, 'Amuchia', 71, 1, 1, NULL, NULL, NULL),
(717, 'Ahla Karaldenga', 71, 1, 1, NULL, NULL, NULL),
(718, 'Boirag', 72, 1, 1, NULL, NULL, NULL),
(719, 'Barasat', 72, 1, 1, NULL, NULL, NULL),
(720, 'Raipur', 72, 1, 1, NULL, NULL, NULL),
(721, 'Battali', 72, 1, 1, NULL, NULL, NULL),
(722, 'Barumchara', 72, 1, 1, NULL, NULL, NULL),
(723, 'Baroakhan', 72, 1, 1, NULL, NULL, NULL),
(724, 'Anwara', 72, 1, 1, NULL, NULL, NULL),
(725, 'Chatari', 72, 1, 1, NULL, NULL, NULL),
(726, 'Paraikora', 72, 1, 1, NULL, NULL, NULL),
(727, 'Haildhar', 72, 1, 1, NULL, NULL, NULL),
(728, 'Juidandi', 72, 1, 1, NULL, NULL, NULL),
(729, 'Kanchanabad', 73, 1, 1, NULL, NULL, NULL),
(730, 'Joara', 73, 1, 1, NULL, NULL, NULL),
(731, 'Barkal', 73, 1, 1, NULL, NULL, NULL),
(732, 'Barama', 73, 1, 1, NULL, NULL, NULL),
(733, 'Bailtali', 73, 1, 1, NULL, NULL, NULL),
(734, 'Satbaria', 73, 1, 1, NULL, NULL, NULL),
(735, 'Hashimpur', 73, 1, 1, NULL, NULL, NULL),
(736, 'Dohazari', 73, 1, 1, NULL, NULL, NULL),
(737, 'Dhopachhari', 73, 1, 1, NULL, NULL, NULL),
(738, 'Charati', 74, 1, 1, NULL, NULL, NULL),
(739, 'Khagaria', 74, 1, 1, NULL, NULL, NULL),
(740, 'Nalua', 74, 1, 1, NULL, NULL, NULL),
(741, 'Kanchana', 74, 1, 1, NULL, NULL, NULL),
(742, 'Amilaisi', 74, 1, 1, NULL, NULL, NULL),
(743, 'Eochiai', 74, 1, 1, NULL, NULL, NULL),
(744, 'Madarsa', 74, 1, 1, NULL, NULL, NULL),
(745, 'Dhemsa', 74, 1, 1, NULL, NULL, NULL),
(746, 'Paschim Dhemsa', 74, 1, 1, NULL, NULL, NULL),
(747, 'Keochia', 74, 1, 1, NULL, NULL, NULL),
(748, 'Kaliais', 74, 1, 1, NULL, NULL, NULL),
(749, 'Bazalia', 74, 1, 1, NULL, NULL, NULL),
(750, 'Puranagar', 74, 1, 1, NULL, NULL, NULL),
(751, 'Sadaha', 74, 1, 1, NULL, NULL, NULL),
(752, 'Satkania', 74, 1, 1, NULL, NULL, NULL),
(753, 'Sonakania', 74, 1, 1, NULL, NULL, NULL),
(754, 'Padua', 75, 1, 1, NULL, NULL, NULL),
(755, 'Barahatia', 75, 1, 1, NULL, NULL, NULL),
(756, 'Amirabad', 75, 1, 1, NULL, NULL, NULL),
(757, 'Charamba', 75, 1, 1, NULL, NULL, NULL),
(758, 'Kalauzan', 75, 1, 1, NULL, NULL, NULL),
(759, 'Lohagara', 75, 1, 1, NULL, NULL, NULL),
(760, 'Putibila', 75, 1, 1, NULL, NULL, NULL),
(761, 'Chunati', 75, 1, 1, NULL, NULL, NULL),
(762, 'Adhunagar', 75, 1, 1, NULL, NULL, NULL),
(763, 'Farhadabad', 76, 1, 1, NULL, NULL, NULL),
(764, 'Dhalai', 76, 1, 1, NULL, NULL, NULL),
(765, 'Mirjapur', 76, 1, 1, NULL, NULL, NULL),
(766, 'Nangolmora', 76, 1, 1, NULL, NULL, NULL),
(767, 'Gomanmordan', 76, 1, 1, NULL, NULL, NULL),
(768, 'Chipatali', 76, 1, 1, NULL, NULL, NULL),
(769, 'Mekhal', 76, 1, 1, NULL, NULL, NULL),
(770, 'Garduara', 76, 1, 1, NULL, NULL, NULL),
(771, 'Fathepur', 76, 1, 1, NULL, NULL, NULL),
(772, 'Chikondandi', 76, 1, 1, NULL, NULL, NULL),
(773, 'Uttar Madrasha', 76, 1, 1, NULL, NULL, NULL),
(774, 'Dakkin Madrasha', 76, 1, 1, NULL, NULL, NULL),
(775, 'Sikarpur', 76, 1, 1, NULL, NULL, NULL),
(776, 'Budirchar', 76, 1, 1, NULL, NULL, NULL),
(777, 'Hathazari', 76, 1, 1, NULL, NULL, NULL),
(778, 'Dharmapur', 77, 1, 1, NULL, NULL, NULL),
(779, 'Baganbazar', 77, 1, 1, NULL, NULL, NULL),
(780, 'Dantmara', 77, 1, 1, NULL, NULL, NULL),
(781, 'Narayanhat', 77, 1, 1, NULL, NULL, NULL),
(782, 'Bhujpur', 77, 1, 1, NULL, NULL, NULL),
(783, 'Harualchari', 77, 1, 1, NULL, NULL, NULL),
(784, 'Paindong', 77, 1, 1, NULL, NULL, NULL),
(785, 'Kanchannagor', 77, 1, 1, NULL, NULL, NULL),
(786, 'Sunderpur', 77, 1, 1, NULL, NULL, NULL),
(787, 'Suabil', 77, 1, 1, NULL, NULL, NULL),
(788, 'Abdullapur', 77, 1, 1, NULL, NULL, NULL),
(789, 'Samitirhat', 77, 1, 1, NULL, NULL, NULL),
(790, 'Jafathagar', 77, 1, 1, NULL, NULL, NULL),
(791, 'Bokhtapur', 77, 1, 1, NULL, NULL, NULL),
(792, 'Roshangiri', 77, 1, 1, NULL, NULL, NULL),
(793, 'Nanupur', 77, 1, 1, NULL, NULL, NULL),
(794, 'Lelang', 77, 1, 1, NULL, NULL, NULL),
(795, 'Daulatpur', 77, 1, 1, NULL, NULL, NULL),
(796, 'Raozan', 78, 1, 1, NULL, NULL, NULL),
(797, 'Bagoan', 78, 1, 1, NULL, NULL, NULL),
(798, 'Binajuri', 78, 1, 1, NULL, NULL, NULL),
(799, 'Chikdair', 78, 1, 1, NULL, NULL, NULL),
(800, 'Dabua', 78, 1, 1, NULL, NULL, NULL),
(801, 'Purbagujra', 78, 1, 1, NULL, NULL, NULL),
(802, 'Paschim Gujra', 78, 1, 1, NULL, NULL, NULL),
(803, 'Gohira', 78, 1, 1, NULL, NULL, NULL),
(804, 'Holdia', 78, 1, 1, NULL, NULL, NULL),
(805, 'Kodolpur', 78, 1, 1, NULL, NULL, NULL),
(806, 'Noapara', 78, 1, 1, NULL, NULL, NULL),
(807, 'Pahartali', 78, 1, 1, NULL, NULL, NULL),
(808, 'Urkirchar', 78, 1, 1, NULL, NULL, NULL),
(809, 'Nowajushpur', 78, 1, 1, NULL, NULL, NULL),
(810, 'Char Patharghata', 79, 1, 1, NULL, NULL, NULL),
(811, 'Char Lakshya', 79, 1, 1, NULL, NULL, NULL),
(812, 'Juldha', 79, 1, 1, NULL, NULL, NULL),
(813, 'Barauthan', 79, 1, 1, NULL, NULL, NULL),
(814, 'Sikalbaha', 79, 1, 1, NULL, NULL, NULL),
(815, 'Islamabad', 80, 1, 1, NULL, NULL, NULL),
(816, 'Islampur', 80, 1, 1, NULL, NULL, NULL),
(817, 'Pokkhali', 80, 1, 1, NULL, NULL, NULL),
(818, 'Eidgaon', 80, 1, 1, NULL, NULL, NULL),
(819, 'Jalalabad', 80, 1, 1, NULL, NULL, NULL),
(820, 'Chowfaldandi', 80, 1, 1, NULL, NULL, NULL),
(821, 'Varuakhali', 80, 1, 1, NULL, NULL, NULL),
(822, 'Pmkhali', 80, 1, 1, NULL, NULL, NULL),
(823, 'Khurushkhul', 80, 1, 1, NULL, NULL, NULL),
(824, 'Jhilongjha', 80, 1, 1, NULL, NULL, NULL),
(825, 'Kakhara', 81, 1, 1, NULL, NULL, NULL),
(826, 'Kaiar Bil', 81, 1, 1, NULL, NULL, NULL),
(827, 'Konakhali', 81, 1, 1, NULL, NULL, NULL),
(828, 'Khuntakhali', 81, 1, 1, NULL, NULL, NULL),
(829, 'Chiringa', 81, 1, 1, NULL, NULL, NULL),
(830, 'Demusia', 81, 1, 1, NULL, NULL, NULL),
(831, 'Dulahazara', 81, 1, 1, NULL, NULL, NULL),
(832, 'Paschim Bara Bheola', 81, 1, 1, NULL, NULL, NULL),
(833, 'Badarkhali', 81, 1, 1, NULL, NULL, NULL),
(834, 'Bamobil Chari', 81, 1, 1, NULL, NULL, NULL),
(835, 'Baraitali', 81, 1, 1, NULL, NULL, NULL),
(836, 'Bheola Manik Char', 81, 1, 1, NULL, NULL, NULL),
(837, 'Saharbil', 81, 1, 1, NULL, NULL, NULL),
(838, 'Surajpur Manikpur', 81, 1, 1, NULL, NULL, NULL),
(839, 'Harbang', 81, 1, 1, NULL, NULL, NULL),
(840, 'Fashiakhali', 81, 1, 1, NULL, NULL, NULL),
(841, 'Ali Akbar Deil', 82, 1, 1, NULL, NULL, NULL),
(842, 'Uttar Dhurung', 82, 1, 1, NULL, NULL, NULL),
(843, 'Kaiyarbil', 82, 1, 1, NULL, NULL, NULL),
(844, 'Dakshi Dhurung', 82, 1, 1, NULL, NULL, NULL),
(845, 'Baragho', 82, 1, 1, NULL, NULL, NULL),
(846, 'Lemsikhali', 82, 1, 1, NULL, NULL, NULL),
(847, 'Rajapalong', 83, 1, 1, NULL, NULL, NULL),
(848, 'Jaliapalong', 83, 1, 1, NULL, NULL, NULL),
(849, 'Holdiapalong', 83, 1, 1, NULL, NULL, NULL),
(850, 'Ratnapalong', 83, 1, 1, NULL, NULL, NULL),
(851, 'Palongkhali', 83, 1, 1, NULL, NULL, NULL),
(852, 'Boro Moheshkhali', 84, 1, 1, NULL, NULL, NULL),
(853, 'Choto Moheshkhali', 84, 1, 1, NULL, NULL, NULL),
(854, 'Shaplapur', 84, 1, 1, NULL, NULL, NULL),
(855, 'Kutubjum', 84, 1, 1, NULL, NULL, NULL),
(856, 'Hoanak', 84, 1, 1, NULL, NULL, NULL),
(857, 'Kalarmarchhara', 84, 1, 1, NULL, NULL, NULL),
(858, 'Matarbari', 84, 1, 1, NULL, NULL, NULL),
(859, 'Dhalghata', 84, 1, 1, NULL, NULL, NULL),
(860, 'Ujantia', 85, 1, 1, NULL, NULL, NULL),
(861, 'Taitong', 85, 1, 1, NULL, NULL, NULL),
(862, 'Pekua', 85, 1, 1, NULL, NULL, NULL),
(863, 'Barabakia', 85, 1, 1, NULL, NULL, NULL),
(864, 'Magnama', 85, 1, 1, NULL, NULL, NULL),
(865, 'Rajakhali', 85, 1, 1, NULL, NULL, NULL),
(866, 'Shilkhali', 85, 1, 1, NULL, NULL, NULL),
(867, 'Fotekharkul', 86, 1, 1, NULL, NULL, NULL),
(868, 'Rajarkul', 86, 1, 1, NULL, NULL, NULL),
(869, 'Rashidnagar', 86, 1, 1, NULL, NULL, NULL),
(870, 'Khuniapalong', 86, 1, 1, NULL, NULL, NULL),
(871, 'Eidghar', 86, 1, 1, NULL, NULL, NULL),
(872, 'Chakmarkul', 86, 1, 1, NULL, NULL, NULL),
(873, 'Kacchapia', 86, 1, 1, NULL, NULL, NULL),
(874, 'Kauwarkho', 86, 1, 1, NULL, NULL, NULL),
(875, 'Dakkhin Mithachhari', 86, 1, 1, NULL, NULL, NULL),
(876, 'Jouarianala', 86, 1, 1, NULL, NULL, NULL),
(877, 'Garjoniya', 86, 1, 1, NULL, NULL, NULL),
(878, 'Subrang', 87, 1, 1, NULL, NULL, NULL),
(879, 'Baharchara', 87, 1, 1, NULL, NULL, NULL),
(880, 'Hnila', 87, 1, 1, NULL, NULL, NULL),
(881, 'Whykong', 87, 1, 1, NULL, NULL, NULL),
(882, 'Saintmartin', 87, 1, 1, NULL, NULL, NULL),
(883, 'Teknaf Sadar', 87, 1, 1, NULL, NULL, NULL),
(884, 'Khagrachhari Sadar', 88, 1, 1, NULL, NULL, NULL),
(885, 'Golabari', 88, 1, 1, NULL, NULL, NULL),
(886, 'Parachara', 88, 1, 1, NULL, NULL, NULL),
(887, 'Kamalchari', 88, 1, 1, NULL, NULL, NULL),
(888, 'Merung', 89, 1, 1, NULL, NULL, NULL),
(889, 'Boalkhali', 89, 1, 1, NULL, NULL, NULL),
(890, 'Kabakhali', 89, 1, 1, NULL, NULL, NULL),
(891, 'Dighinala', 89, 1, 1, NULL, NULL, NULL),
(892, 'Babuchara', 89, 1, 1, NULL, NULL, NULL),
(893, 'Logang', 90, 1, 1, NULL, NULL, NULL),
(894, 'Changi', 90, 1, 1, NULL, NULL, NULL),
(895, 'Panchari', 90, 1, 1, NULL, NULL, NULL),
(896, 'Latiban', 90, 1, 1, NULL, NULL, NULL),
(897, 'Dullyatali', 91, 1, 1, NULL, NULL, NULL),
(898, 'Barmachari', 91, 1, 1, NULL, NULL, NULL),
(899, 'Laxmichhari', 91, 1, 1, NULL, NULL, NULL),
(900, 'Bhaibonchara', 92, 1, 1, NULL, NULL, NULL),
(901, 'Mahalchari', 92, 1, 1, NULL, NULL, NULL),
(902, 'Mobachari', 92, 1, 1, NULL, NULL, NULL),
(903, 'Kayanghat', 92, 1, 1, NULL, NULL, NULL),
(904, 'Maischari', 92, 1, 1, NULL, NULL, NULL),
(905, 'Manikchari', 93, 1, 1, NULL, NULL, NULL),
(906, 'Batnatali', 93, 1, 1, NULL, NULL, NULL),
(907, 'Jogyachola', 93, 1, 1, NULL, NULL, NULL),
(908, 'Tintahari', 93, 1, 1, NULL, NULL, NULL),
(909, 'Ramgarh', 94, 1, 1, NULL, NULL, NULL),
(910, 'Patachara', 94, 1, 1, NULL, NULL, NULL),
(911, 'Hafchari', 94, 1, 1, NULL, NULL, NULL),
(912, 'Taindong', 95, 1, 1, NULL, NULL, NULL),
(913, 'Tabalchari', 95, 1, 1, NULL, NULL, NULL),
(914, 'Barnal', 95, 1, 1, NULL, NULL, NULL),
(915, 'Gomti', 95, 1, 1, NULL, NULL, NULL),
(916, 'Balchari', 95, 1, 1, NULL, NULL, NULL),
(917, 'Matiranga', 95, 1, 1, NULL, NULL, NULL),
(918, 'Guimara', 95, 1, 1, NULL, NULL, NULL),
(919, 'Amtali', 95, 1, 1, NULL, NULL, NULL),
(920, 'Rajbila', 97, 1, 1, NULL, NULL, NULL),
(921, 'Tongkaboty', 97, 1, 1, NULL, NULL, NULL),
(922, 'Suwalok', 97, 1, 1, NULL, NULL, NULL),
(923, 'Bandarban Sadar', 97, 1, 1, NULL, NULL, NULL),
(924, 'Kuhalong', 97, 1, 1, NULL, NULL, NULL),
(925, 'Alikadam Sadar', 98, 1, 1, NULL, NULL, NULL),
(926, 'Chwekhyong', 98, 1, 1, NULL, NULL, NULL),
(927, 'Naikhyongchari Sadar', 99, 1, 1, NULL, NULL, NULL),
(928, 'Gumdhum', 99, 1, 1, NULL, NULL, NULL),
(929, 'Baishari', 99, 1, 1, NULL, NULL, NULL),
(930, 'Sonaychari', 99, 1, 1, NULL, NULL, NULL),
(931, 'Duwchari', 99, 1, 1, NULL, NULL, NULL),
(932, 'Rowangchari Sadar', 100, 1, 1, NULL, NULL, NULL),
(933, 'Taracha', 100, 1, 1, NULL, NULL, NULL),
(934, 'Alekyong', 100, 1, 1, NULL, NULL, NULL),
(935, 'Nawapotong', 100, 1, 1, NULL, NULL, NULL),
(936, 'Gajalia', 101, 1, 1, NULL, NULL, NULL),
(937, 'Lama Sadar', 101, 1, 1, NULL, NULL, NULL),
(938, 'Fasiakhali', 101, 1, 1, NULL, NULL, NULL),
(939, 'Fythong', 101, 1, 1, NULL, NULL, NULL),
(940, 'Rupushipara', 101, 1, 1, NULL, NULL, NULL),
(941, 'Sarai', 101, 1, 1, NULL, NULL, NULL),
(942, 'Aziznagar', 101, 1, 1, NULL, NULL, NULL),
(943, 'Paind', 102, 1, 1, NULL, NULL, NULL),
(944, 'Ruma Sadar', 102, 1, 1, NULL, NULL, NULL),
(945, 'Ramakreprangsa', 102, 1, 1, NULL, NULL, NULL),
(946, 'Galanggya', 102, 1, 1, NULL, NULL, NULL),
(947, 'Remakre', 103, 1, 1, NULL, NULL, NULL),
(948, 'Tind', 103, 1, 1, NULL, NULL, NULL),
(949, 'Thanchi Sadar', 103, 1, 1, NULL, NULL, NULL),
(950, 'Balipara', 103, 1, 1, NULL, NULL, NULL),
(951, 'Rajapur', 104, 1, 1, NULL, NULL, NULL),
(952, 'Baradhul', 104, 1, 1, NULL, NULL, NULL),
(953, 'Belkuchi Sadar', 104, 1, 1, NULL, NULL, NULL),
(954, 'Dhukuriabera', 104, 1, 1, NULL, NULL, NULL),
(955, 'Doulatpur', 104, 1, 1, NULL, NULL, NULL),
(956, 'Bhangabari', 104, 1, 1, NULL, NULL, NULL),
(957, 'Baghutia', 105, 1, 1, NULL, NULL, NULL),
(958, 'Gharjan', 105, 1, 1, NULL, NULL, NULL),
(959, 'Khaskaulia', 105, 1, 1, NULL, NULL, NULL),
(960, 'Khaspukuria', 105, 1, 1, NULL, NULL, NULL),
(961, 'Omarpur', 105, 1, 1, NULL, NULL, NULL),
(962, 'Sadia Chandpur', 105, 1, 1, NULL, NULL, NULL),
(963, 'Sthal', 105, 1, 1, NULL, NULL, NULL),
(964, 'Bhadraghat', 106, 1, 1, NULL, NULL, NULL),
(965, 'Jamtail', 106, 1, 1, NULL, NULL, NULL),
(966, 'Jhawail', 106, 1, 1, NULL, NULL, NULL),
(967, 'Roydaulatpur', 106, 1, 1, NULL, NULL, NULL),
(968, 'Chalitadangha', 107, 1, 1, NULL, NULL, NULL),
(969, 'Chargirish', 107, 1, 1, NULL, NULL, NULL),
(970, 'Gandail', 107, 1, 1, NULL, NULL, NULL),
(971, 'Kazipur Sadar', 107, 1, 1, NULL, NULL, NULL),
(972, 'Khasrajbari', 107, 1, 1, NULL, NULL, NULL),
(973, 'Maijbari', 107, 1, 1, NULL, NULL, NULL),
(974, 'Monsur Nagar', 107, 1, 1, NULL, NULL, NULL),
(975, 'Natuarpara', 107, 1, 1, NULL, NULL, NULL),
(976, 'Nishchintapur', 107, 1, 1, NULL, NULL, NULL),
(977, 'Sonamukhi', 107, 1, 1, NULL, NULL, NULL),
(978, 'Subhagacha', 107, 1, 1, NULL, NULL, NULL),
(979, 'Tekani', 107, 1, 1, NULL, NULL, NULL),
(980, 'Brommogacha', 108, 1, 1, NULL, NULL, NULL),
(981, 'Chandaikona', 108, 1, 1, NULL, NULL, NULL),
(982, 'Dhamainagar', 108, 1, 1, NULL, NULL, NULL),
(983, 'Dhangora', 108, 1, 1, NULL, NULL, NULL),
(984, 'Dhubil', 108, 1, 1, NULL, NULL, NULL),
(985, 'Ghurka', 108, 1, 1, NULL, NULL, NULL),
(986, 'Nalka', 108, 1, 1, NULL, NULL, NULL),
(987, 'Pangashi', 108, 1, 1, NULL, NULL, NULL),
(988, 'Sonakhara', 108, 1, 1, NULL, NULL, NULL),
(989, 'Beltail', 109, 1, 1, NULL, NULL, NULL),
(990, 'Jalalpur', 109, 1, 1, NULL, NULL, NULL),
(991, 'Kayempure', 109, 1, 1, NULL, NULL, NULL),
(992, 'Garadah', 109, 1, 1, NULL, NULL, NULL),
(993, 'Potazia', 109, 1, 1, NULL, NULL, NULL),
(994, 'Rupbati', 109, 1, 1, NULL, NULL, NULL),
(995, 'Gala', 109, 1, 1, NULL, NULL, NULL),
(996, 'Porzona', 109, 1, 1, NULL, NULL, NULL),
(997, 'Habibullah Nagar', 109, 1, 1, NULL, NULL, NULL),
(998, 'Khukni', 109, 1, 1, NULL, NULL, NULL),
(999, 'Koizuri', 109, 1, 1, NULL, NULL, NULL),
(1000, 'Sonatoni', 109, 1, 1, NULL, NULL, NULL),
(1001, 'Narina', 109, 1, 1, NULL, NULL, NULL),
(1002, 'Bagbati', 110, 1, 1, NULL, NULL, NULL),
(1003, 'Ratankandi', 110, 1, 1, NULL, NULL, NULL),
(1004, 'Bohuli', 110, 1, 1, NULL, NULL, NULL),
(1005, 'Sheyalkol', 110, 1, 1, NULL, NULL, NULL),
(1006, 'Khokshabari', 110, 1, 1, NULL, NULL, NULL),
(1007, 'Songacha', 110, 1, 1, NULL, NULL, NULL),
(1008, 'Mesra', 110, 1, 1, NULL, NULL, NULL),
(1009, 'Kowakhola', 110, 1, 1, NULL, NULL, NULL),
(1010, 'Kaliahoripur', 110, 1, 1, NULL, NULL, NULL),
(1011, 'Soydabad', 110, 1, 1, NULL, NULL, NULL),
(1012, 'Baruhas', 111, 1, 1, NULL, NULL, NULL),
(1013, 'Talam', 111, 1, 1, NULL, NULL, NULL),
(1014, 'Soguna', 111, 1, 1, NULL, NULL, NULL),
(1015, 'Magura Binod', 111, 1, 1, NULL, NULL, NULL),
(1016, 'Naogaon', 111, 1, 1, NULL, NULL, NULL),
(1017, 'Tarash Sadar', 111, 1, 1, NULL, NULL, NULL),
(1018, 'Madhainagar', 111, 1, 1, NULL, NULL, NULL),
(1019, 'Deshigram', 111, 1, 1, NULL, NULL, NULL),
(1020, 'Ullapara Sadar', 112, 1, 1, NULL, NULL, NULL),
(1021, 'Ramkrisnopur', 112, 1, 1, NULL, NULL, NULL),
(1022, 'Bangala', 112, 1, 1, NULL, NULL, NULL),
(1023, 'Udhunia', 112, 1, 1, NULL, NULL, NULL),
(1024, 'Boropangashi', 112, 1, 1, NULL, NULL, NULL),
(1025, 'Durga Nagar', 112, 1, 1, NULL, NULL, NULL),
(1026, 'Purnimagati', 112, 1, 1, NULL, NULL, NULL),
(1027, 'Salanga', 112, 1, 1, NULL, NULL, NULL),
(1028, 'Hatikumrul', 112, 1, 1, NULL, NULL, NULL),
(1029, 'Borohor', 112, 1, 1, NULL, NULL, NULL),
(1030, 'Ponchocroshi', 112, 1, 1, NULL, NULL, NULL),
(1031, 'Salo', 112, 1, 1, NULL, NULL, NULL),
(1032, 'Mohonpur', 112, 1, 1, NULL, NULL, NULL),
(1033, 'Vaina', 113, 1, 1, NULL, NULL, NULL),
(1034, 'Tantibonda', 113, 1, 1, NULL, NULL, NULL),
(1035, 'Manikhat', 113, 1, 1, NULL, NULL, NULL),
(1036, 'Dulai', 113, 1, 1, NULL, NULL, NULL),
(1037, 'Ahammadpur', 113, 1, 1, NULL, NULL, NULL),
(1038, 'Raninagar', 113, 1, 1, NULL, NULL, NULL),
(1039, 'Satbaria', 113, 1, 1, NULL, NULL, NULL),
(1040, 'Hatkhali', 113, 1, 1, NULL, NULL, NULL),
(1041, 'Nazirganj', 113, 1, 1, NULL, NULL, NULL),
(1042, 'Sagorkandi', 113, 1, 1, NULL, NULL, NULL),
(1043, 'Sara', 114, 1, 1, NULL, NULL, NULL),
(1044, 'Pakshi', 114, 1, 1, NULL, NULL, NULL),
(1045, 'Muladuli', 114, 1, 1, NULL, NULL, NULL),
(1046, 'Dashuria', 114, 1, 1, NULL, NULL, NULL),
(1047, 'Silimpur', 114, 1, 1, NULL, NULL, NULL),
(1048, 'Sahapur', 114, 1, 1, NULL, NULL, NULL),
(1049, 'Luxmikunda', 114, 1, 1, NULL, NULL, NULL),
(1050, 'Bhangura', 115, 1, 1, NULL, NULL, NULL),
(1051, 'Khanmarich', 115, 1, 1, NULL, NULL, NULL),
(1052, 'Ashtamanisha', 115, 1, 1, NULL, NULL, NULL),
(1053, 'Dilpasar', 115, 1, 1, NULL, NULL, NULL),
(1054, 'Parbhangura', 115, 1, 1, NULL, NULL, NULL),
(1055, 'Maligachha', 116, 1, 1, NULL, NULL, NULL),
(1056, 'Malanchi', 116, 1, 1, NULL, NULL, NULL),
(1057, 'Gayeshpur', 116, 1, 1, NULL, NULL, NULL),
(1058, 'Ataikula', 116, 1, 1, NULL, NULL, NULL),
(1059, 'Chartarapur', 116, 1, 1, NULL, NULL, NULL),
(1060, 'Sadullahpur', 116, 1, 1, NULL, NULL, NULL),
(1061, 'Bharara', 116, 1, 1, NULL, NULL, NULL),
(1062, 'Dogachi', 116, 1, 1, NULL, NULL, NULL),
(1063, 'Hemayetpur', 116, 1, 1, NULL, NULL, NULL),
(1064, 'Dapunia', 116, 1, 1, NULL, NULL, NULL),
(1065, 'Haturia Nakalia', 117, 1, 1, NULL, NULL, NULL),
(1066, 'Notun Varenga', 117, 1, 1, NULL, NULL, NULL),
(1067, 'Koitola', 117, 1, 1, NULL, NULL, NULL),
(1068, 'Chakla', 117, 1, 1, NULL, NULL, NULL),
(1069, 'Jatsakhini', 117, 1, 1, NULL, NULL, NULL),
(1070, 'Puran Varenga', 117, 1, 1, NULL, NULL, NULL),
(1071, 'Ruppur', 117, 1, 1, NULL, NULL, NULL),
(1072, 'Masumdia', 117, 1, 1, NULL, NULL, NULL),
(1073, 'Dhalar Char', 117, 1, 1, NULL, NULL, NULL),
(1074, 'Majhpara', 118, 1, 1, NULL, NULL, NULL),
(1075, 'Chandba', 118, 1, 1, NULL, NULL, NULL);
INSERT INTO `unions` (`id`, `name`, `upa_zillas_id`, `business_id`, `users_id`, `deleted_at`, `created_at`, `updated_at`) VALUES
(1076, 'Debottar', 118, 1, 1, NULL, NULL, NULL),
(1077, 'Ekdanta', 118, 1, 1, NULL, NULL, NULL),
(1078, 'Laxshmipur', 118, 1, 1, NULL, NULL, NULL),
(1079, 'Handial', 119, 1, 1, NULL, NULL, NULL),
(1080, 'Chhaikola', 119, 1, 1, NULL, NULL, NULL),
(1081, 'Nimaichara', 119, 1, 1, NULL, NULL, NULL),
(1082, 'Gunaigachha', 119, 1, 1, NULL, NULL, NULL),
(1083, 'Parshadanga', 119, 1, 1, NULL, NULL, NULL),
(1084, 'Failjana', 119, 1, 1, NULL, NULL, NULL),
(1085, 'Mulgram', 119, 1, 1, NULL, NULL, NULL),
(1086, 'Haripur', 119, 1, 1, NULL, NULL, NULL),
(1087, 'Mothurapur', 119, 1, 1, NULL, NULL, NULL),
(1088, 'Bilchalan', 119, 1, 1, NULL, NULL, NULL),
(1089, 'Danthia Bamangram', 119, 1, 1, NULL, NULL, NULL),
(1090, 'Nagdemra', 120, 1, 1, NULL, NULL, NULL),
(1091, 'Dhulauri', 120, 1, 1, NULL, NULL, NULL),
(1092, 'Bhulbaria', 120, 1, 1, NULL, NULL, NULL),
(1093, 'Dhopadaha', 120, 1, 1, NULL, NULL, NULL),
(1094, 'Karamja', 120, 1, 1, NULL, NULL, NULL),
(1095, 'Kashinathpur', 120, 1, 1, NULL, NULL, NULL),
(1096, 'Gaurigram', 120, 1, 1, NULL, NULL, NULL),
(1097, 'Nandanpur', 120, 1, 1, NULL, NULL, NULL),
(1098, 'Khetupara', 120, 1, 1, NULL, NULL, NULL),
(1099, 'Ar-Ataikula', 120, 1, 1, NULL, NULL, NULL),
(1100, 'Brilahiribari', 121, 1, 1, NULL, NULL, NULL),
(1101, 'Pungali', 121, 1, 1, NULL, NULL, NULL),
(1102, 'Faridpur', 121, 1, 1, NULL, NULL, NULL),
(1103, 'Hadal', 121, 1, 1, NULL, NULL, NULL),
(1104, 'Banwarinagar', 121, 1, 1, NULL, NULL, NULL),
(1105, 'Demra', 121, 1, 1, NULL, NULL, NULL),
(1106, 'Birkedar', 122, 1, 1, NULL, NULL, NULL),
(1107, 'Kalai', 122, 1, 1, NULL, NULL, NULL),
(1108, 'Paikar', 122, 1, 1, NULL, NULL, NULL),
(1109, 'Narhatta', 122, 1, 1, NULL, NULL, NULL),
(1110, 'Murail', 122, 1, 1, NULL, NULL, NULL),
(1111, 'Kahaloo', 122, 1, 1, NULL, NULL, NULL),
(1112, 'Durgapur', 122, 1, 1, NULL, NULL, NULL),
(1113, 'Jamgaon', 122, 1, 1, NULL, NULL, NULL),
(1114, 'Malancha', 122, 1, 1, NULL, NULL, NULL),
(1115, 'Fapore', 123, 1, 1, NULL, NULL, NULL),
(1116, 'Shabgram', 123, 1, 1, NULL, NULL, NULL),
(1117, 'Nishindara', 123, 1, 1, NULL, NULL, NULL),
(1118, 'Erulia', 123, 1, 1, NULL, NULL, NULL),
(1119, 'Rajapur', 123, 1, 1, NULL, NULL, NULL),
(1120, 'Shakharia', 123, 1, 1, NULL, NULL, NULL),
(1121, 'Sekherkola', 123, 1, 1, NULL, NULL, NULL),
(1122, 'Gokul', 123, 1, 1, NULL, NULL, NULL),
(1123, 'Noongola', 123, 1, 1, NULL, NULL, NULL),
(1124, 'Lahiripara', 123, 1, 1, NULL, NULL, NULL),
(1125, 'Namuja', 123, 1, 1, NULL, NULL, NULL),
(1126, 'Sariakandi Sadar', 124, 1, 1, NULL, NULL, NULL),
(1127, 'Narchi', 124, 1, 1, NULL, NULL, NULL),
(1128, 'Bohail', 124, 1, 1, NULL, NULL, NULL),
(1129, 'Chaluabari', 124, 1, 1, NULL, NULL, NULL),
(1130, 'Chandanbaisha', 124, 1, 1, NULL, NULL, NULL),
(1131, 'Hatfulbari', 124, 1, 1, NULL, NULL, NULL),
(1132, 'Hatsherpur', 124, 1, 1, NULL, NULL, NULL),
(1133, 'Karnibari', 124, 1, 1, NULL, NULL, NULL),
(1134, 'Kazla', 124, 1, 1, NULL, NULL, NULL),
(1135, 'Kutubpur', 124, 1, 1, NULL, NULL, NULL),
(1136, 'Kamalpur', 124, 1, 1, NULL, NULL, NULL),
(1137, 'Bhelabari', 124, 1, 1, NULL, NULL, NULL),
(1138, 'Asekpur', 125, 1, 1, NULL, NULL, NULL),
(1139, 'Madla', 125, 1, 1, NULL, NULL, NULL),
(1140, 'Majhira', 125, 1, 1, NULL, NULL, NULL),
(1141, 'Aria', 125, 1, 1, NULL, NULL, NULL),
(1142, 'Kharna', 125, 1, 1, NULL, NULL, NULL),
(1143, 'Khottapara', 125, 1, 1, NULL, NULL, NULL),
(1144, 'Chopinagar', 125, 1, 1, NULL, NULL, NULL),
(1145, 'Amrul', 125, 1, 1, NULL, NULL, NULL),
(1146, 'Gohail', 125, 1, 1, NULL, NULL, NULL),
(1147, 'Zianagar', 126, 1, 1, NULL, NULL, NULL),
(1148, 'Chamrul', 126, 1, 1, NULL, NULL, NULL),
(1149, 'Dupchanchia', 126, 1, 1, NULL, NULL, NULL),
(1150, 'Gunahar', 126, 1, 1, NULL, NULL, NULL),
(1151, 'Gobindapur', 126, 1, 1, NULL, NULL, NULL),
(1152, 'Talora', 126, 1, 1, NULL, NULL, NULL),
(1153, 'Chhatiangram', 127, 1, 1, NULL, NULL, NULL),
(1154, 'Nasaratpur', 127, 1, 1, NULL, NULL, NULL),
(1155, 'Adamdighi', 127, 1, 1, NULL, NULL, NULL),
(1156, 'Kundagram', 127, 1, 1, NULL, NULL, NULL),
(1157, 'Chapapur', 127, 1, 1, NULL, NULL, NULL),
(1158, 'Shantahar', 127, 1, 1, NULL, NULL, NULL),
(1159, 'Burail', 128, 1, 1, NULL, NULL, NULL),
(1160, 'Nandigram', 128, 1, 1, NULL, NULL, NULL),
(1161, 'Bhatra', 128, 1, 1, NULL, NULL, NULL),
(1162, 'Thalta Majhgram', 128, 1, 1, NULL, NULL, NULL),
(1163, 'Bhatgram', 128, 1, 1, NULL, NULL, NULL),
(1164, 'Sonatala', 129, 1, 1, NULL, NULL, NULL),
(1165, 'Balua', 129, 1, 1, NULL, NULL, NULL),
(1166, 'Zorgacha', 129, 1, 1, NULL, NULL, NULL),
(1167, 'Digdair', 129, 1, 1, NULL, NULL, NULL),
(1168, 'Madhupur', 129, 1, 1, NULL, NULL, NULL),
(1169, 'Pakulla', 129, 1, 1, NULL, NULL, NULL),
(1170, 'Tekani Chukinagar', 129, 1, 1, NULL, NULL, NULL),
(1171, 'Nimgachi', 130, 1, 1, NULL, NULL, NULL),
(1172, 'Kalerpara', 130, 1, 1, NULL, NULL, NULL),
(1173, 'Chikashi', 130, 1, 1, NULL, NULL, NULL),
(1174, 'Gossainbari', 130, 1, 1, NULL, NULL, NULL),
(1175, 'Bhandarbari', 130, 1, 1, NULL, NULL, NULL),
(1176, 'Gopalnagar', 130, 1, 1, NULL, NULL, NULL),
(1177, 'Mothurapur', 130, 1, 1, NULL, NULL, NULL),
(1178, 'Chowkibari', 130, 1, 1, NULL, NULL, NULL),
(1179, 'Elangi', 130, 1, 1, NULL, NULL, NULL),
(1180, 'Dhunat Sadar', 130, 1, 1, NULL, NULL, NULL),
(1181, 'Baliadighi', 131, 1, 1, NULL, NULL, NULL),
(1182, 'Dakshinpara', 131, 1, 1, NULL, NULL, NULL),
(1183, 'Durgahata', 131, 1, 1, NULL, NULL, NULL),
(1184, 'Kagail', 131, 1, 1, NULL, NULL, NULL),
(1185, 'Sonarai', 131, 1, 1, NULL, NULL, NULL),
(1186, 'Rameshwarpur', 131, 1, 1, NULL, NULL, NULL),
(1187, 'Naruamala', 131, 1, 1, NULL, NULL, NULL),
(1188, 'Nepaltali', 131, 1, 1, NULL, NULL, NULL),
(1189, 'Gabtali', 131, 1, 1, NULL, NULL, NULL),
(1190, 'Mahishaban', 131, 1, 1, NULL, NULL, NULL),
(1191, 'Nasipur', 131, 1, 1, NULL, NULL, NULL),
(1192, 'Mirzapur', 132, 1, 1, NULL, NULL, NULL),
(1193, 'Khamarkandi', 132, 1, 1, NULL, NULL, NULL),
(1194, 'Garidaha', 132, 1, 1, NULL, NULL, NULL),
(1195, 'Kusumbi', 132, 1, 1, NULL, NULL, NULL),
(1196, 'Bishalpur', 132, 1, 1, NULL, NULL, NULL),
(1197, 'Shimabari', 132, 1, 1, NULL, NULL, NULL),
(1198, 'Shahbondegi', 132, 1, 1, NULL, NULL, NULL),
(1199, 'Sughat', 132, 1, 1, NULL, NULL, NULL),
(1200, 'Khanpur', 132, 1, 1, NULL, NULL, NULL),
(1201, 'Bhabanipur', 132, 1, 1, NULL, NULL, NULL),
(1202, 'Moidanhatta', 133, 1, 1, NULL, NULL, NULL),
(1203, 'Kichok', 133, 1, 1, NULL, NULL, NULL),
(1204, 'Atmul', 133, 1, 1, NULL, NULL, NULL),
(1205, 'Pirob', 133, 1, 1, NULL, NULL, NULL),
(1206, 'Majhihatta', 133, 1, 1, NULL, NULL, NULL),
(1207, 'Buriganj', 133, 1, 1, NULL, NULL, NULL),
(1208, 'Bihar', 133, 1, 1, NULL, NULL, NULL),
(1209, 'Shibganj', 133, 1, 1, NULL, NULL, NULL),
(1210, 'Deuly', 133, 1, 1, NULL, NULL, NULL),
(1211, 'Sayedpur', 133, 1, 1, NULL, NULL, NULL),
(1212, 'Mokamtala', 133, 1, 1, NULL, NULL, NULL),
(1213, 'Raynagar', 133, 1, 1, NULL, NULL, NULL),
(1214, 'Darsanpara', 134, 1, 1, NULL, NULL, NULL),
(1215, 'Hujuripara', 134, 1, 1, NULL, NULL, NULL),
(1216, 'Damkura', 134, 1, 1, NULL, NULL, NULL),
(1217, 'Horipur', 134, 1, 1, NULL, NULL, NULL),
(1218, 'Horogram', 134, 1, 1, NULL, NULL, NULL),
(1219, 'Harian', 134, 1, 1, NULL, NULL, NULL),
(1220, 'Borgachi', 134, 1, 1, NULL, NULL, NULL),
(1221, 'Parila', 134, 1, 1, NULL, NULL, NULL),
(1222, 'Naopara', 135, 1, 1, NULL, NULL, NULL),
(1223, 'Kismatgankoir', 135, 1, 1, NULL, NULL, NULL),
(1224, 'Pananagar', 135, 1, 1, NULL, NULL, NULL),
(1225, 'Deluabari', 135, 1, 1, NULL, NULL, NULL),
(1226, 'Jhaluka', 135, 1, 1, NULL, NULL, NULL),
(1227, 'Maria', 135, 1, 1, NULL, NULL, NULL),
(1228, 'Joynogor', 135, 1, 1, NULL, NULL, NULL),
(1229, 'Dhuroil', 136, 1, 1, NULL, NULL, NULL),
(1230, 'Ghasigram', 136, 1, 1, NULL, NULL, NULL),
(1231, 'Raighati', 136, 1, 1, NULL, NULL, NULL),
(1232, 'Mougachi', 136, 1, 1, NULL, NULL, NULL),
(1233, 'Baksimoil', 136, 1, 1, NULL, NULL, NULL),
(1234, 'Jahanabad', 136, 1, 1, NULL, NULL, NULL),
(1235, 'Yousufpur', 137, 1, 1, NULL, NULL, NULL),
(1236, 'Solua', 137, 1, 1, NULL, NULL, NULL),
(1237, 'Sardah', 137, 1, 1, NULL, NULL, NULL),
(1238, 'Nimpara', 137, 1, 1, NULL, NULL, NULL),
(1239, 'Charghat', 137, 1, 1, NULL, NULL, NULL),
(1240, 'Vialuxmipur', 137, 1, 1, NULL, NULL, NULL),
(1241, 'Puthia', 138, 1, 1, NULL, NULL, NULL),
(1242, 'Belpukuria', 138, 1, 1, NULL, NULL, NULL),
(1243, 'Baneswar', 138, 1, 1, NULL, NULL, NULL),
(1244, 'Valukgachi', 138, 1, 1, NULL, NULL, NULL),
(1245, 'Shilmaria', 138, 1, 1, NULL, NULL, NULL),
(1246, 'Jewpara', 138, 1, 1, NULL, NULL, NULL),
(1247, 'Bajubagha', 139, 1, 1, NULL, NULL, NULL),
(1248, 'Gorgori', 139, 1, 1, NULL, NULL, NULL),
(1249, 'Pakuria', 139, 1, 1, NULL, NULL, NULL),
(1250, 'Monigram', 139, 1, 1, NULL, NULL, NULL),
(1251, 'Bausa', 139, 1, 1, NULL, NULL, NULL),
(1252, 'Arani', 139, 1, 1, NULL, NULL, NULL),
(1253, 'Godagari', 140, 1, 1, NULL, NULL, NULL),
(1254, 'Mohonpur', 140, 1, 1, NULL, NULL, NULL),
(1255, 'Pakri', 140, 1, 1, NULL, NULL, NULL),
(1256, 'Risikul', 140, 1, 1, NULL, NULL, NULL),
(1257, 'Gogram', 140, 1, 1, NULL, NULL, NULL),
(1258, 'Matikata', 140, 1, 1, NULL, NULL, NULL),
(1259, 'Dewpara', 140, 1, 1, NULL, NULL, NULL),
(1260, 'Basudebpur', 140, 1, 1, NULL, NULL, NULL),
(1261, 'Asariadaha', 140, 1, 1, NULL, NULL, NULL),
(1262, 'Kalma', 141, 1, 1, NULL, NULL, NULL),
(1263, 'Badhair', 141, 1, 1, NULL, NULL, NULL),
(1264, 'Panchandar', 141, 1, 1, NULL, NULL, NULL),
(1265, 'Saranjai', 141, 1, 1, NULL, NULL, NULL),
(1266, 'Talondo', 141, 1, 1, NULL, NULL, NULL),
(1267, 'Kamargaon', 141, 1, 1, NULL, NULL, NULL),
(1268, 'Chanduria', 141, 1, 1, NULL, NULL, NULL),
(1269, 'Gobindopara', 142, 1, 1, NULL, NULL, NULL),
(1270, 'Nordas', 142, 1, 1, NULL, NULL, NULL),
(1271, 'Dippur', 142, 1, 1, NULL, NULL, NULL),
(1272, 'Borobihanoli', 142, 1, 1, NULL, NULL, NULL),
(1273, 'Auchpara', 142, 1, 1, NULL, NULL, NULL),
(1274, 'Sreepur', 142, 1, 1, NULL, NULL, NULL),
(1275, 'Basupara', 142, 1, 1, NULL, NULL, NULL),
(1276, 'Kacharikoalipara', 142, 1, 1, NULL, NULL, NULL),
(1277, 'Suvodanga', 142, 1, 1, NULL, NULL, NULL),
(1278, 'Mariaup', 142, 1, 1, NULL, NULL, NULL),
(1279, 'Ganipur', 142, 1, 1, NULL, NULL, NULL),
(1280, 'Zhikara', 142, 1, 1, NULL, NULL, NULL),
(1281, 'Gualkandi', 142, 1, 1, NULL, NULL, NULL),
(1282, 'Hamirkutsa', 142, 1, 1, NULL, NULL, NULL),
(1283, 'Jogipara', 142, 1, 1, NULL, NULL, NULL),
(1284, 'Sonadanga', 142, 1, 1, NULL, NULL, NULL),
(1285, 'Brahmapur', 143, 1, 1, NULL, NULL, NULL),
(1286, 'Madhnagar', 143, 1, 1, NULL, NULL, NULL),
(1287, 'Khajura', 143, 1, 1, NULL, NULL, NULL),
(1288, 'Piprul', 143, 1, 1, NULL, NULL, NULL),
(1289, 'Biprobelghoria', 143, 1, 1, NULL, NULL, NULL),
(1290, 'Chhatni', 143, 1, 1, NULL, NULL, NULL),
(1291, 'Tebaria', 143, 1, 1, NULL, NULL, NULL),
(1292, 'Dighapatia', 143, 1, 1, NULL, NULL, NULL),
(1293, 'Luxmipurkholabaria', 143, 1, 1, NULL, NULL, NULL),
(1294, 'Barahorispur', 143, 1, 1, NULL, NULL, NULL),
(1295, 'Kaphuria', 143, 1, 1, NULL, NULL, NULL),
(1296, 'Halsa', 143, 1, 1, NULL, NULL, NULL),
(1297, 'Sukash', 144, 1, 1, NULL, NULL, NULL),
(1298, 'Dahia', 144, 1, 1, NULL, NULL, NULL),
(1299, 'Italy', 144, 1, 1, NULL, NULL, NULL),
(1300, 'Kalam', 144, 1, 1, NULL, NULL, NULL),
(1301, 'Chamari', 144, 1, 1, NULL, NULL, NULL),
(1302, 'Hatiandaha', 144, 1, 1, NULL, NULL, NULL),
(1303, 'Lalore', 144, 1, 1, NULL, NULL, NULL),
(1304, 'Sherkole', 144, 1, 1, NULL, NULL, NULL),
(1305, 'Tajpur', 144, 1, 1, NULL, NULL, NULL),
(1306, 'Chaugram', 144, 1, 1, NULL, NULL, NULL),
(1307, 'Chhatardighi', 144, 1, 1, NULL, NULL, NULL),
(1308, 'Ramanandakhajura', 144, 1, 1, NULL, NULL, NULL),
(1309, 'Joari', 145, 1, 1, NULL, NULL, NULL),
(1310, 'Baraigram', 145, 1, 1, NULL, NULL, NULL),
(1311, 'Zonail', 145, 1, 1, NULL, NULL, NULL),
(1312, 'Nagor', 145, 1, 1, NULL, NULL, NULL),
(1313, 'Majgoan', 145, 1, 1, NULL, NULL, NULL),
(1314, 'Gopalpur', 145, 1, 1, NULL, NULL, NULL),
(1315, 'Chandai', 145, 1, 1, NULL, NULL, NULL),
(1316, 'Panka', 146, 1, 1, NULL, NULL, NULL),
(1317, 'Jamnagor', 146, 1, 1, NULL, NULL, NULL),
(1318, 'Bagatipara', 146, 1, 1, NULL, NULL, NULL),
(1319, 'Dayarampur', 146, 1, 1, NULL, NULL, NULL),
(1320, 'Faguardiar', 146, 1, 1, NULL, NULL, NULL),
(1321, 'Lalpur', 147, 1, 1, NULL, NULL, NULL),
(1322, 'Iswardi', 147, 1, 1, NULL, NULL, NULL),
(1323, 'Chongdhupoil', 147, 1, 1, NULL, NULL, NULL),
(1324, 'Arbab', 147, 1, 1, NULL, NULL, NULL),
(1325, 'Bilmaria', 147, 1, 1, NULL, NULL, NULL),
(1326, 'Duaria', 147, 1, 1, NULL, NULL, NULL),
(1327, 'Oalia', 147, 1, 1, NULL, NULL, NULL),
(1328, 'Durduria', 147, 1, 1, NULL, NULL, NULL),
(1329, 'Arjunpur', 147, 1, 1, NULL, NULL, NULL),
(1330, 'Kadimchilan', 147, 1, 1, NULL, NULL, NULL),
(1331, 'Nazirpur', 148, 1, 1, NULL, NULL, NULL),
(1332, 'Biaghat', 148, 1, 1, NULL, NULL, NULL),
(1333, 'Khubjipur', 148, 1, 1, NULL, NULL, NULL),
(1334, 'Dharabarisha', 148, 1, 1, NULL, NULL, NULL),
(1335, 'Moshindha', 148, 1, 1, NULL, NULL, NULL),
(1336, 'Chapila', 148, 1, 1, NULL, NULL, NULL),
(1337, 'Rukindipur', 150, 1, 1, NULL, NULL, NULL),
(1338, 'Sonamukhi', 150, 1, 1, NULL, NULL, NULL),
(1339, 'Tilakpur', 150, 1, 1, NULL, NULL, NULL),
(1340, 'Raikali', 150, 1, 1, NULL, NULL, NULL),
(1341, 'Gopinathpur', 150, 1, 1, NULL, NULL, NULL),
(1342, 'Matrai', 151, 1, 1, NULL, NULL, NULL),
(1343, 'Ahammedabad', 151, 1, 1, NULL, NULL, NULL),
(1344, 'Punot', 151, 1, 1, NULL, NULL, NULL),
(1345, 'Zindarpur', 151, 1, 1, NULL, NULL, NULL),
(1346, 'Udaipur', 151, 1, 1, NULL, NULL, NULL),
(1347, 'Alampur', 152, 1, 1, NULL, NULL, NULL),
(1348, 'Borail', 152, 1, 1, NULL, NULL, NULL),
(1349, 'Tulshiganga', 152, 1, 1, NULL, NULL, NULL),
(1350, 'Mamudpur', 152, 1, 1, NULL, NULL, NULL),
(1351, 'Boratara', 152, 1, 1, NULL, NULL, NULL),
(1352, 'Bagjana', 153, 1, 1, NULL, NULL, NULL),
(1353, 'Dharanji', 153, 1, 1, NULL, NULL, NULL),
(1354, 'Aymarasulpur', 153, 1, 1, NULL, NULL, NULL),
(1355, 'Balighata', 153, 1, 1, NULL, NULL, NULL),
(1356, 'Atapur', 153, 1, 1, NULL, NULL, NULL),
(1357, 'Mohammadpur', 153, 1, 1, NULL, NULL, NULL),
(1358, 'Aolai', 153, 1, 1, NULL, NULL, NULL),
(1359, 'Kusumba', 153, 1, 1, NULL, NULL, NULL),
(1360, 'Amdai', 154, 1, 1, NULL, NULL, NULL),
(1361, 'Bamb', 154, 1, 1, NULL, NULL, NULL),
(1362, 'Dogachi', 154, 1, 1, NULL, NULL, NULL),
(1363, 'Puranapail', 154, 1, 1, NULL, NULL, NULL),
(1364, 'Jamalpur', 154, 1, 1, NULL, NULL, NULL),
(1365, 'Chakborkat', 154, 1, 1, NULL, NULL, NULL),
(1366, 'Mohammadabad', 154, 1, 1, NULL, NULL, NULL),
(1367, 'Dhalahar', 154, 1, 1, NULL, NULL, NULL),
(1368, 'Bhadsha', 154, 1, 1, NULL, NULL, NULL),
(1369, 'Alatuli', 155, 1, 1, NULL, NULL, NULL),
(1370, 'Baroghoria', 155, 1, 1, NULL, NULL, NULL),
(1371, 'Moharajpur', 155, 1, 1, NULL, NULL, NULL),
(1372, 'Ranihati', 155, 1, 1, NULL, NULL, NULL),
(1373, 'Baliadanga', 155, 1, 1, NULL, NULL, NULL),
(1374, 'Gobratola', 155, 1, 1, NULL, NULL, NULL),
(1375, 'Jhilim', 155, 1, 1, NULL, NULL, NULL),
(1376, 'Char Anupnagar', 155, 1, 1, NULL, NULL, NULL),
(1377, 'Debinagar', 155, 1, 1, NULL, NULL, NULL),
(1378, 'Shahjahanpur', 155, 1, 1, NULL, NULL, NULL),
(1379, 'Islampur', 155, 1, 1, NULL, NULL, NULL),
(1380, 'Charbagdanga', 155, 1, 1, NULL, NULL, NULL),
(1381, 'Narayanpur', 155, 1, 1, NULL, NULL, NULL),
(1382, 'Sundarpur', 155, 1, 1, NULL, NULL, NULL),
(1383, 'Radhanagar', 156, 1, 1, NULL, NULL, NULL),
(1384, 'Rahanpur', 156, 1, 1, NULL, NULL, NULL),
(1385, 'Boalia', 156, 1, 1, NULL, NULL, NULL),
(1386, 'Bangabari', 156, 1, 1, NULL, NULL, NULL),
(1387, 'Parbotipur', 156, 1, 1, NULL, NULL, NULL),
(1388, 'Chowdala', 156, 1, 1, NULL, NULL, NULL),
(1389, 'Gomostapur', 156, 1, 1, NULL, NULL, NULL),
(1390, 'Alinagar', 156, 1, 1, NULL, NULL, NULL),
(1391, 'Fhotepur', 157, 1, 1, NULL, NULL, NULL),
(1392, 'Kosba', 157, 1, 1, NULL, NULL, NULL),
(1393, 'Nezampur', 157, 1, 1, NULL, NULL, NULL),
(1394, 'Nachol', 157, 1, 1, NULL, NULL, NULL),
(1395, 'Bholahat', 158, 1, 1, NULL, NULL, NULL),
(1396, 'Jambaria', 158, 1, 1, NULL, NULL, NULL),
(1397, 'Gohalbari', 158, 1, 1, NULL, NULL, NULL),
(1398, 'Daldoli', 158, 1, 1, NULL, NULL, NULL),
(1399, 'Binodpur', 159, 1, 1, NULL, NULL, NULL),
(1400, 'Chakkirti', 159, 1, 1, NULL, NULL, NULL),
(1401, 'Daipukuria', 159, 1, 1, NULL, NULL, NULL),
(1402, 'Dhainagar', 159, 1, 1, NULL, NULL, NULL),
(1403, 'Durlovpur', 159, 1, 1, NULL, NULL, NULL),
(1404, 'Ghorapakhia', 159, 1, 1, NULL, NULL, NULL),
(1405, 'Mobarakpur', 159, 1, 1, NULL, NULL, NULL),
(1406, 'Monakasha', 159, 1, 1, NULL, NULL, NULL),
(1407, 'Noyalavanga', 159, 1, 1, NULL, NULL, NULL),
(1408, 'Panka', 159, 1, 1, NULL, NULL, NULL),
(1409, 'Chatrajitpur', 159, 1, 1, NULL, NULL, NULL),
(1410, 'Shahabajpur', 159, 1, 1, NULL, NULL, NULL),
(1411, 'Shyampur', 159, 1, 1, NULL, NULL, NULL),
(1412, 'Kansat', 159, 1, 1, NULL, NULL, NULL),
(1413, 'Ujirpur', 159, 1, 1, NULL, NULL, NULL),
(1414, '1nomohadevpur', 160, 1, 1, NULL, NULL, NULL),
(1415, 'Hatur', 160, 1, 1, NULL, NULL, NULL),
(1416, 'Khajur', 160, 1, 1, NULL, NULL, NULL),
(1417, 'Chandas', 160, 1, 1, NULL, NULL, NULL),
(1418, 'Enayetpur', 160, 1, 1, NULL, NULL, NULL),
(1419, 'Sofapur', 160, 1, 1, NULL, NULL, NULL),
(1420, 'Uttargram', 160, 1, 1, NULL, NULL, NULL),
(1421, 'Cheragpur', 160, 1, 1, NULL, NULL, NULL),
(1422, 'Vimpur', 160, 1, 1, NULL, NULL, NULL),
(1423, 'Roygon', 160, 1, 1, NULL, NULL, NULL),
(1424, 'Badalgachi', 161, 1, 1, NULL, NULL, NULL),
(1425, 'Mothurapur', 161, 1, 1, NULL, NULL, NULL),
(1426, 'Paharpur', 161, 1, 1, NULL, NULL, NULL),
(1427, 'Mithapur', 161, 1, 1, NULL, NULL, NULL),
(1428, 'Kola', 161, 1, 1, NULL, NULL, NULL),
(1429, 'Bilashbari', 161, 1, 1, NULL, NULL, NULL),
(1430, 'Adhaipur', 161, 1, 1, NULL, NULL, NULL),
(1431, 'Balubhara', 161, 1, 1, NULL, NULL, NULL),
(1432, 'Patnitala', 162, 1, 1, NULL, NULL, NULL),
(1433, 'Nirmail', 162, 1, 1, NULL, NULL, NULL),
(1434, 'Dibar', 162, 1, 1, NULL, NULL, NULL),
(1435, 'Akbarpur', 162, 1, 1, NULL, NULL, NULL),
(1436, 'Matindar', 162, 1, 1, NULL, NULL, NULL),
(1437, 'Krishnapur', 162, 1, 1, NULL, NULL, NULL),
(1438, 'Patichrara', 162, 1, 1, NULL, NULL, NULL),
(1439, 'Nazipur', 162, 1, 1, NULL, NULL, NULL),
(1440, 'Ghasnagar', 162, 1, 1, NULL, NULL, NULL),
(1441, 'Amair', 162, 1, 1, NULL, NULL, NULL),
(1442, 'Shihara', 162, 1, 1, NULL, NULL, NULL),
(1443, 'Dhamoirhat', 163, 1, 1, NULL, NULL, NULL),
(1444, 'Alampur', 163, 1, 1, NULL, NULL, NULL),
(1445, 'Umar', 163, 1, 1, NULL, NULL, NULL),
(1446, 'Aranagar', 163, 1, 1, NULL, NULL, NULL),
(1447, 'Jahanpur', 163, 1, 1, NULL, NULL, NULL),
(1448, 'Isabpur', 163, 1, 1, NULL, NULL, NULL),
(1449, 'Khelna', 163, 1, 1, NULL, NULL, NULL),
(1450, 'Agradigun', 163, 1, 1, NULL, NULL, NULL),
(1451, 'Hajinagar', 164, 1, 1, NULL, NULL, NULL),
(1452, 'Chandannagar', 164, 1, 1, NULL, NULL, NULL),
(1453, 'Bhabicha', 164, 1, 1, NULL, NULL, NULL),
(1454, 'Niamatpur', 164, 1, 1, NULL, NULL, NULL),
(1455, 'Rasulpur', 164, 1, 1, NULL, NULL, NULL),
(1456, 'Paroil', 164, 1, 1, NULL, NULL, NULL),
(1457, 'Sremantapur', 164, 1, 1, NULL, NULL, NULL),
(1458, 'Bahadurpur', 164, 1, 1, NULL, NULL, NULL),
(1459, 'Varsho', 165, 1, 1, NULL, NULL, NULL),
(1460, 'Valain', 165, 1, 1, NULL, NULL, NULL),
(1461, 'Paranpur', 165, 1, 1, NULL, NULL, NULL),
(1462, 'Manda', 165, 1, 1, NULL, NULL, NULL),
(1463, 'Goneshpur', 165, 1, 1, NULL, NULL, NULL),
(1464, 'Moinom', 165, 1, 1, NULL, NULL, NULL),
(1465, 'Proshadpur', 165, 1, 1, NULL, NULL, NULL),
(1466, 'Kosomba', 165, 1, 1, NULL, NULL, NULL),
(1467, 'Tetulia', 165, 1, 1, NULL, NULL, NULL),
(1468, 'Nurullabad', 165, 1, 1, NULL, NULL, NULL),
(1469, 'Kalikapur', 165, 1, 1, NULL, NULL, NULL),
(1470, 'Kashopara', 165, 1, 1, NULL, NULL, NULL),
(1471, 'Koshob', 165, 1, 1, NULL, NULL, NULL),
(1472, 'Bisnopur', 165, 1, 1, NULL, NULL, NULL),
(1473, 'Shahagola', 166, 1, 1, NULL, NULL, NULL),
(1474, 'Bhonpara', 166, 1, 1, NULL, NULL, NULL),
(1475, 'Ahsanganj', 166, 1, 1, NULL, NULL, NULL),
(1476, 'Panchupur', 166, 1, 1, NULL, NULL, NULL),
(1477, 'Bisha', 166, 1, 1, NULL, NULL, NULL),
(1478, 'Maniary', 166, 1, 1, NULL, NULL, NULL),
(1479, 'Kalikapur', 166, 1, 1, NULL, NULL, NULL),
(1480, 'Hatkalupara', 166, 1, 1, NULL, NULL, NULL),
(1481, 'Khatteshawr', 167, 1, 1, NULL, NULL, NULL),
(1482, 'Kashimpur', 167, 1, 1, NULL, NULL, NULL),
(1483, 'Gona', 167, 1, 1, NULL, NULL, NULL),
(1484, 'Paroil', 167, 1, 1, NULL, NULL, NULL),
(1485, 'Borgoca', 167, 1, 1, NULL, NULL, NULL),
(1486, 'Kaligram', 167, 1, 1, NULL, NULL, NULL),
(1487, 'Ekdala', 167, 1, 1, NULL, NULL, NULL),
(1488, 'Mirat', 167, 1, 1, NULL, NULL, NULL),
(1489, 'Barshail', 168, 1, 1, NULL, NULL, NULL),
(1490, 'Kritipur', 168, 1, 1, NULL, NULL, NULL),
(1491, 'Baktiarpur', 168, 1, 1, NULL, NULL, NULL),
(1492, 'Tilakpur', 168, 1, 1, NULL, NULL, NULL),
(1493, 'Hapaniya', 168, 1, 1, NULL, NULL, NULL),
(1494, 'Dubalhati', 168, 1, 1, NULL, NULL, NULL),
(1495, 'Boalia', 168, 1, 1, NULL, NULL, NULL),
(1496, 'Hashaigari', 168, 1, 1, NULL, NULL, NULL),
(1497, 'Chandipur', 168, 1, 1, NULL, NULL, NULL),
(1498, 'Bolihar', 168, 1, 1, NULL, NULL, NULL),
(1499, 'Shekerpur', 168, 1, 1, NULL, NULL, NULL),
(1500, 'Shailgachhi', 168, 1, 1, NULL, NULL, NULL),
(1501, 'Nitpur', 169, 1, 1, NULL, NULL, NULL),
(1502, 'Tetulia', 169, 1, 1, NULL, NULL, NULL),
(1503, 'Chhaor', 169, 1, 1, NULL, NULL, NULL),
(1504, 'Ganguria', 169, 1, 1, NULL, NULL, NULL),
(1505, 'Ghatnagar', 169, 1, 1, NULL, NULL, NULL),
(1506, 'Moshidpur', 169, 1, 1, NULL, NULL, NULL),
(1507, 'Sapahar', 170, 1, 1, NULL, NULL, NULL),
(1508, 'Tilna', 170, 1, 1, NULL, NULL, NULL),
(1509, 'Aihai', 170, 1, 1, NULL, NULL, NULL),
(1510, 'Shironti', 170, 1, 1, NULL, NULL, NULL),
(1511, 'Goala', 170, 1, 1, NULL, NULL, NULL),
(1512, 'Patari', 170, 1, 1, NULL, NULL, NULL),
(1513, 'Nehalpur', 171, 1, 1, NULL, NULL, NULL),
(1514, 'Hariharnagar', 171, 1, 1, NULL, NULL, NULL),
(1515, 'Haridaskati', 171, 1, 1, NULL, NULL, NULL),
(1516, 'Shyamkur', 171, 1, 1, NULL, NULL, NULL),
(1517, 'Rohita', 171, 1, 1, NULL, NULL, NULL),
(1518, 'Maswimnagar', 171, 1, 1, NULL, NULL, NULL),
(1519, 'Manoharpur', 171, 1, 1, NULL, NULL, NULL),
(1520, 'Manirampur', 171, 1, 1, NULL, NULL, NULL),
(1521, 'Bhojgati', 171, 1, 1, NULL, NULL, NULL),
(1522, 'Durbadanga', 171, 1, 1, NULL, NULL, NULL),
(1523, 'Dhakuria', 171, 1, 1, NULL, NULL, NULL),
(1524, 'Jhanpa', 171, 1, 1, NULL, NULL, NULL),
(1525, 'Chaluahati', 171, 1, 1, NULL, NULL, NULL),
(1526, 'Khedapara', 171, 1, 1, NULL, NULL, NULL),
(1527, 'Khanpur', 171, 1, 1, NULL, NULL, NULL),
(1528, 'Kultia', 171, 1, 1, NULL, NULL, NULL),
(1529, 'Kashimnagar', 171, 1, 1, NULL, NULL, NULL),
(1530, 'Baghutia', 172, 1, 1, NULL, NULL, NULL),
(1531, 'Chalishia', 172, 1, 1, NULL, NULL, NULL),
(1532, 'Sundoli', 172, 1, 1, NULL, NULL, NULL),
(1533, 'Siddhipasha', 172, 1, 1, NULL, NULL, NULL),
(1534, 'Sreedharpur', 172, 1, 1, NULL, NULL, NULL),
(1535, 'Subharara', 172, 1, 1, NULL, NULL, NULL),
(1536, 'Prambag', 172, 1, 1, NULL, NULL, NULL),
(1537, 'Payra', 172, 1, 1, NULL, NULL, NULL),
(1538, 'Jaharpur', 173, 1, 1, NULL, NULL, NULL),
(1539, 'Jamdia', 173, 1, 1, NULL, NULL, NULL),
(1540, 'Darajhat', 173, 1, 1, NULL, NULL, NULL),
(1541, 'Dhalgram', 173, 1, 1, NULL, NULL, NULL),
(1542, 'Narikelbaria', 173, 1, 1, NULL, NULL, NULL),
(1543, 'Bandabilla', 173, 1, 1, NULL, NULL, NULL),
(1544, 'Basuari', 173, 1, 1, NULL, NULL, NULL),
(1545, 'Roypur', 173, 1, 1, NULL, NULL, NULL),
(1546, 'Dohakula', 173, 1, 1, NULL, NULL, NULL),
(1547, 'Chougachha', 174, 1, 1, NULL, NULL, NULL),
(1548, 'Jagadishpur', 174, 1, 1, NULL, NULL, NULL),
(1549, 'Dhuliani', 174, 1, 1, NULL, NULL, NULL),
(1550, 'Narayanpur', 174, 1, 1, NULL, NULL, NULL),
(1551, 'Patibila', 174, 1, 1, NULL, NULL, NULL),
(1552, 'Pashapole', 174, 1, 1, NULL, NULL, NULL),
(1553, 'Fulsara', 174, 1, 1, NULL, NULL, NULL),
(1554, 'Singhajhuli', 174, 1, 1, NULL, NULL, NULL),
(1555, 'Sukpukhuria', 174, 1, 1, NULL, NULL, NULL),
(1556, 'Swarupdaha', 174, 1, 1, NULL, NULL, NULL),
(1557, 'Hakimpur', 174, 1, 1, NULL, NULL, NULL),
(1558, 'Gangananda', 175, 1, 1, NULL, NULL, NULL),
(1559, 'Gadkhali', 175, 1, 1, NULL, NULL, NULL),
(1560, 'Jhikargachha', 175, 1, 1, NULL, NULL, NULL),
(1561, 'Nabharan', 175, 1, 1, NULL, NULL, NULL),
(1562, 'Nibaskhola', 175, 1, 1, NULL, NULL, NULL),
(1563, 'Panisara', 175, 1, 1, NULL, NULL, NULL),
(1564, 'Bankra', 175, 1, 1, NULL, NULL, NULL),
(1565, 'Shankarpur', 175, 1, 1, NULL, NULL, NULL),
(1566, 'Shimulia', 175, 1, 1, NULL, NULL, NULL),
(1567, 'Hajirbagh', 175, 1, 1, NULL, NULL, NULL),
(1568, 'Magura', 175, 1, 1, NULL, NULL, NULL),
(1569, 'Sufalakati', 176, 1, 1, NULL, NULL, NULL),
(1570, 'Sagardari', 176, 1, 1, NULL, NULL, NULL),
(1571, 'Majidpur', 176, 1, 1, NULL, NULL, NULL),
(1572, 'Mongolkot', 176, 1, 1, NULL, NULL, NULL),
(1573, 'Bidyanandakati', 176, 1, 1, NULL, NULL, NULL),
(1574, 'Panjia', 176, 1, 1, NULL, NULL, NULL),
(1575, 'Trimohini', 176, 1, 1, NULL, NULL, NULL),
(1576, 'Gaurighona', 176, 1, 1, NULL, NULL, NULL),
(1577, 'Keshabpur', 176, 1, 1, NULL, NULL, NULL),
(1578, 'Lebutala', 177, 1, 1, NULL, NULL, NULL),
(1579, 'Ichhali', 177, 1, 1, NULL, NULL, NULL),
(1580, 'Arabpur', 177, 1, 1, NULL, NULL, NULL),
(1581, 'Upasahar', 177, 1, 1, NULL, NULL, NULL),
(1582, 'Kachua', 177, 1, 1, NULL, NULL, NULL),
(1583, 'Kashimpur', 177, 1, 1, NULL, NULL, NULL),
(1584, 'Chanchra', 177, 1, 1, NULL, NULL, NULL),
(1585, 'Churamankati', 177, 1, 1, NULL, NULL, NULL),
(1586, 'Narendrapur', 177, 1, 1, NULL, NULL, NULL),
(1587, 'Noapara', 177, 1, 1, NULL, NULL, NULL),
(1588, 'Fathehpur', 177, 1, 1, NULL, NULL, NULL),
(1589, 'Basundia', 177, 1, 1, NULL, NULL, NULL),
(1590, 'Ramnagar', 177, 1, 1, NULL, NULL, NULL),
(1591, 'Haibatpur', 177, 1, 1, NULL, NULL, NULL),
(1592, 'Dearamodel', 177, 1, 1, NULL, NULL, NULL),
(1593, 'Ulshi', 178, 1, 1, NULL, NULL, NULL),
(1594, 'Sharsha', 178, 1, 1, NULL, NULL, NULL),
(1595, 'Lakshmanpur', 178, 1, 1, NULL, NULL, NULL),
(1596, 'Benapole', 178, 1, 1, NULL, NULL, NULL),
(1597, 'Bahadurpur', 178, 1, 1, NULL, NULL, NULL),
(1598, 'Bagachra', 178, 1, 1, NULL, NULL, NULL),
(1599, 'Putkhali', 178, 1, 1, NULL, NULL, NULL),
(1600, 'Nizampur', 178, 1, 1, NULL, NULL, NULL),
(1601, 'Dihi', 178, 1, 1, NULL, NULL, NULL),
(1602, 'Goga', 178, 1, 1, NULL, NULL, NULL),
(1603, 'Kayba', 178, 1, 1, NULL, NULL, NULL),
(1604, 'Anulia', 179, 1, 1, NULL, NULL, NULL),
(1605, 'Assasuni', 179, 1, 1, NULL, NULL, NULL),
(1606, 'Kadakati', 179, 1, 1, NULL, NULL, NULL),
(1607, 'Kulla', 179, 1, 1, NULL, NULL, NULL),
(1608, 'Khajra', 179, 1, 1, NULL, NULL, NULL),
(1609, 'Durgapur', 179, 1, 1, NULL, NULL, NULL),
(1610, 'Pratapnagar', 179, 1, 1, NULL, NULL, NULL),
(1611, 'Budhhata', 179, 1, 1, NULL, NULL, NULL),
(1612, 'Baradal', 179, 1, 1, NULL, NULL, NULL),
(1613, 'Sreeula', 179, 1, 1, NULL, NULL, NULL),
(1614, 'Sobhnali', 179, 1, 1, NULL, NULL, NULL),
(1615, 'Kulia', 180, 1, 1, NULL, NULL, NULL),
(1616, 'Debhata', 180, 1, 1, NULL, NULL, NULL),
(1617, 'Noapara', 180, 1, 1, NULL, NULL, NULL),
(1618, 'Parulia', 180, 1, 1, NULL, NULL, NULL),
(1619, 'Sakhipur', 180, 1, 1, NULL, NULL, NULL),
(1620, 'Kushadanga', 181, 1, 1, NULL, NULL, NULL),
(1621, 'Keralkata', 181, 1, 1, NULL, NULL, NULL),
(1622, 'Keragachhi', 181, 1, 1, NULL, NULL, NULL),
(1623, 'Kaila', 181, 1, 1, NULL, NULL, NULL),
(1624, 'Jallabad', 181, 1, 1, NULL, NULL, NULL),
(1625, 'Jogikhali', 181, 1, 1, NULL, NULL, NULL),
(1626, 'Langaljhara', 181, 1, 1, NULL, NULL, NULL),
(1627, 'Sonabaria', 181, 1, 1, NULL, NULL, NULL),
(1628, 'Helatala', 181, 1, 1, NULL, NULL, NULL),
(1629, 'Chandanpur', 181, 1, 1, NULL, NULL, NULL),
(1630, 'Deara', 181, 1, 1, NULL, NULL, NULL),
(1631, 'Joynagar', 181, 1, 1, NULL, NULL, NULL),
(1632, 'Shibpur', 182, 1, 1, NULL, NULL, NULL),
(1633, 'Labsa', 182, 1, 1, NULL, NULL, NULL),
(1634, 'Bhomra', 182, 1, 1, NULL, NULL, NULL),
(1635, 'Brahmarajpur', 182, 1, 1, NULL, NULL, NULL),
(1636, 'Balli', 182, 1, 1, NULL, NULL, NULL),
(1637, 'Banshdaha', 182, 1, 1, NULL, NULL, NULL),
(1638, 'Baikari', 182, 1, 1, NULL, NULL, NULL),
(1639, 'Fingri', 182, 1, 1, NULL, NULL, NULL),
(1640, 'Dhulihar', 182, 1, 1, NULL, NULL, NULL),
(1641, 'Jhaudanga', 182, 1, 1, NULL, NULL, NULL),
(1642, 'Ghona', 182, 1, 1, NULL, NULL, NULL),
(1643, 'Kuskhali', 182, 1, 1, NULL, NULL, NULL),
(1644, 'Alipur', 182, 1, 1, NULL, NULL, NULL),
(1645, 'Agardari', 182, 1, 1, NULL, NULL, NULL),
(1646, 'Atulia', 183, 1, 1, NULL, NULL, NULL),
(1647, 'Ishwaripur', 183, 1, 1, NULL, NULL, NULL),
(1648, 'Kaikhali', 183, 1, 1, NULL, NULL, NULL),
(1649, 'Kashimari', 183, 1, 1, NULL, NULL, NULL),
(1650, 'Nurnagar', 183, 1, 1, NULL, NULL, NULL),
(1651, 'Padmapukur', 183, 1, 1, NULL, NULL, NULL),
(1652, 'Burigoalini', 183, 1, 1, NULL, NULL, NULL),
(1653, 'Bhurulia', 183, 1, 1, NULL, NULL, NULL),
(1654, 'Munshiganj', 183, 1, 1, NULL, NULL, NULL),
(1655, 'Ramjannagar', 183, 1, 1, NULL, NULL, NULL),
(1656, 'Shyamnagar', 183, 1, 1, NULL, NULL, NULL),
(1657, 'Gabura', 183, 1, 1, NULL, NULL, NULL),
(1658, 'Sarulia', 184, 1, 1, NULL, NULL, NULL),
(1659, 'Magura', 184, 1, 1, NULL, NULL, NULL),
(1660, 'Nagarghata', 184, 1, 1, NULL, NULL, NULL),
(1661, 'Dhandia', 184, 1, 1, NULL, NULL, NULL),
(1662, 'Tentulia', 184, 1, 1, NULL, NULL, NULL),
(1663, 'Tala', 184, 1, 1, NULL, NULL, NULL),
(1664, 'Jalalpur', 184, 1, 1, NULL, NULL, NULL),
(1665, 'Khesra', 184, 1, 1, NULL, NULL, NULL),
(1666, 'Khalishkhali', 184, 1, 1, NULL, NULL, NULL),
(1667, 'Khalilnagar', 184, 1, 1, NULL, NULL, NULL),
(1668, 'Kumira', 184, 1, 1, NULL, NULL, NULL),
(1669, 'Islamkati', 184, 1, 1, NULL, NULL, NULL),
(1670, 'Kushlia', 185, 1, 1, NULL, NULL, NULL),
(1671, 'Champaphul', 185, 1, 1, NULL, NULL, NULL),
(1672, 'Tarali', 185, 1, 1, NULL, NULL, NULL),
(1673, 'Dakshin Sreepur', 185, 1, 1, NULL, NULL, NULL),
(1674, 'Dhalbaria', 185, 1, 1, NULL, NULL, NULL),
(1675, 'Nalta', 185, 1, 1, NULL, NULL, NULL),
(1676, 'Bishnupur', 185, 1, 1, NULL, NULL, NULL),
(1677, 'Bharasimla', 185, 1, 1, NULL, NULL, NULL),
(1678, 'Mathureshpur', 185, 1, 1, NULL, NULL, NULL),
(1679, 'Ratanpur', 185, 1, 1, NULL, NULL, NULL),
(1680, 'Mautala', 185, 1, 1, NULL, NULL, NULL),
(1681, 'Krishnanagar', 185, 1, 1, NULL, NULL, NULL),
(1682, 'Dariapur', 186, 1, 1, NULL, NULL, NULL),
(1683, 'Monakhali', 186, 1, 1, NULL, NULL, NULL),
(1684, 'Bagowan', 186, 1, 1, NULL, NULL, NULL),
(1685, 'Mohajanpur', 186, 1, 1, NULL, NULL, NULL),
(1686, 'Amjhupi', 187, 1, 1, NULL, NULL, NULL),
(1687, 'Pirojpur', 187, 1, 1, NULL, NULL, NULL),
(1688, 'Kutubpur', 187, 1, 1, NULL, NULL, NULL),
(1689, 'Amdah', 187, 1, 1, NULL, NULL, NULL),
(1690, 'Buripota', 187, 1, 1, NULL, NULL, NULL),
(1691, 'Tentulbaria', 188, 1, 1, NULL, NULL, NULL),
(1692, 'Kazipur', 188, 1, 1, NULL, NULL, NULL),
(1693, 'Bamondi', 188, 1, 1, NULL, NULL, NULL),
(1694, 'Motmura', 188, 1, 1, NULL, NULL, NULL),
(1695, 'Sholotaka', 188, 1, 1, NULL, NULL, NULL),
(1696, 'Shaharbati', 188, 1, 1, NULL, NULL, NULL),
(1697, 'Dhankolla', 188, 1, 1, NULL, NULL, NULL),
(1698, 'Raipur', 188, 1, 1, NULL, NULL, NULL),
(1699, 'Kathuli', 188, 1, 1, NULL, NULL, NULL),
(1700, 'Sheikhati', 189, 1, 1, NULL, NULL, NULL),
(1701, 'Tularampur', 189, 1, 1, NULL, NULL, NULL),
(1702, 'Kalora', 189, 1, 1, NULL, NULL, NULL),
(1703, 'Shahabad', 189, 1, 1, NULL, NULL, NULL),
(1704, 'Bashgram', 189, 1, 1, NULL, NULL, NULL),
(1705, 'Habokhali', 189, 1, 1, NULL, NULL, NULL),
(1706, 'Maijpara', 189, 1, 1, NULL, NULL, NULL),
(1707, 'Bisali', 189, 1, 1, NULL, NULL, NULL),
(1708, 'Chandiborpur', 189, 1, 1, NULL, NULL, NULL),
(1709, 'Bhadrabila', 189, 1, 1, NULL, NULL, NULL),
(1710, 'Auria', 189, 1, 1, NULL, NULL, NULL),
(1711, 'Singasholpur', 189, 1, 1, NULL, NULL, NULL),
(1712, 'Mulia', 189, 1, 1, NULL, NULL, NULL),
(1713, 'Lohagora', 190, 1, 1, NULL, NULL, NULL),
(1714, 'Kashipur', 190, 1, 1, NULL, NULL, NULL),
(1715, 'Naldi', 190, 1, 1, NULL, NULL, NULL),
(1716, 'Noagram', 190, 1, 1, NULL, NULL, NULL),
(1717, 'Lahuria', 190, 1, 1, NULL, NULL, NULL),
(1718, 'Mallikpur', 190, 1, 1, NULL, NULL, NULL),
(1719, 'Salnagar', 190, 1, 1, NULL, NULL, NULL),
(1720, 'Lakshmipasha', 190, 1, 1, NULL, NULL, NULL),
(1721, 'Joypur', 190, 1, 1, NULL, NULL, NULL),
(1722, 'Kotakol', 190, 1, 1, NULL, NULL, NULL),
(1723, 'Digholia', 190, 1, 1, NULL, NULL, NULL),
(1724, 'Itna', 190, 1, 1, NULL, NULL, NULL),
(1725, 'Jaynagor', 191, 1, 1, NULL, NULL, NULL),
(1726, 'Pahordanga', 191, 1, 1, NULL, NULL, NULL),
(1727, 'Babrahasla', 191, 1, 1, NULL, NULL, NULL),
(1728, 'Salamabad', 191, 1, 1, NULL, NULL, NULL),
(1729, 'Baioshona', 191, 1, 1, NULL, NULL, NULL),
(1730, 'Chacuri', 191, 1, 1, NULL, NULL, NULL),
(1731, 'Hamidpur', 191, 1, 1, NULL, NULL, NULL),
(1732, 'Peroli', 191, 1, 1, NULL, NULL, NULL),
(1733, 'Khashial', 191, 1, 1, NULL, NULL, NULL),
(1734, 'Purulia', 191, 1, 1, NULL, NULL, NULL),
(1735, 'Kalabaria', 191, 1, 1, NULL, NULL, NULL),
(1736, 'Mauli', 191, 1, 1, NULL, NULL, NULL),
(1737, 'Boronaleliasabad', 191, 1, 1, NULL, NULL, NULL),
(1738, 'Panchgram', 191, 1, 1, NULL, NULL, NULL),
(1739, 'Alukdia', 192, 1, 1, NULL, NULL, NULL),
(1740, 'Mominpur', 192, 1, 1, NULL, NULL, NULL),
(1741, 'Titudah', 192, 1, 1, NULL, NULL, NULL),
(1742, 'Shankarchandra', 192, 1, 1, NULL, NULL, NULL),
(1743, 'Begumpur', 192, 1, 1, NULL, NULL, NULL),
(1744, 'Kutubpur', 192, 1, 1, NULL, NULL, NULL),
(1745, 'Padmabila', 192, 1, 1, NULL, NULL, NULL),
(1746, 'Bhangbaria', 193, 1, 1, NULL, NULL, NULL),
(1747, 'Baradi', 193, 1, 1, NULL, NULL, NULL),
(1748, 'Gangni', 193, 1, 1, NULL, NULL, NULL),
(1749, 'Khadimpur', 193, 1, 1, NULL, NULL, NULL),
(1750, 'Jehala', 193, 1, 1, NULL, NULL, NULL),
(1751, 'Belgachi', 193, 1, 1, NULL, NULL, NULL),
(1752, 'Dauki', 193, 1, 1, NULL, NULL, NULL),
(1753, 'Jamjami', 193, 1, 1, NULL, NULL, NULL),
(1754, 'Nagdah', 193, 1, 1, NULL, NULL, NULL),
(1755, 'Kashkorara', 193, 1, 1, NULL, NULL, NULL),
(1756, 'Chitla', 193, 1, 1, NULL, NULL, NULL),
(1757, 'Kalidashpur', 193, 1, 1, NULL, NULL, NULL),
(1758, 'Kumari', 193, 1, 1, NULL, NULL, NULL),
(1759, 'Hardi', 193, 1, 1, NULL, NULL, NULL),
(1760, 'Ailhash', 193, 1, 1, NULL, NULL, NULL),
(1761, 'Damurhuda', 194, 1, 1, NULL, NULL, NULL),
(1762, 'Karpashdanga', 194, 1, 1, NULL, NULL, NULL),
(1763, 'Natipota', 194, 1, 1, NULL, NULL, NULL),
(1764, 'Hawli', 194, 1, 1, NULL, NULL, NULL),
(1765, 'Kurulgachhi', 194, 1, 1, NULL, NULL, NULL),
(1766, 'Perkrishnopur Madna', 194, 1, 1, NULL, NULL, NULL),
(1767, 'Juranpur', 194, 1, 1, NULL, NULL, NULL),
(1768, 'Uthali', 195, 1, 1, NULL, NULL, NULL),
(1769, 'Andulbaria', 195, 1, 1, NULL, NULL, NULL),
(1770, 'Banka', 195, 1, 1, NULL, NULL, NULL),
(1771, 'Shimanto', 195, 1, 1, NULL, NULL, NULL),
(1772, 'Raypur', 195, 1, 1, NULL, NULL, NULL),
(1773, 'Hasadah', 195, 1, 1, NULL, NULL, NULL),
(1774, 'Hatash Haripur', 196, 1, 1, NULL, NULL, NULL),
(1775, 'Barkhada', 196, 1, 1, NULL, NULL, NULL),
(1776, 'Mazampur', 196, 1, 1, NULL, NULL, NULL),
(1777, 'Bottail', 196, 1, 1, NULL, NULL, NULL),
(1778, 'Alampur', 196, 1, 1, NULL, NULL, NULL),
(1779, 'Ziaraakhi', 196, 1, 1, NULL, NULL, NULL),
(1780, 'Ailchara', 196, 1, 1, NULL, NULL, NULL),
(1781, 'Patikabari', 196, 1, 1, NULL, NULL, NULL),
(1782, 'Jhaudia', 196, 1, 1, NULL, NULL, NULL),
(1783, 'Ujangram', 196, 1, 1, NULL, NULL, NULL),
(1784, 'Abdulpur', 196, 1, 1, NULL, NULL, NULL),
(1785, 'Harinarayanpur', 196, 1, 1, NULL, NULL, NULL),
(1786, 'Monohardia', 196, 1, 1, NULL, NULL, NULL),
(1787, 'Goswami Durgapur', 196, 1, 1, NULL, NULL, NULL),
(1788, 'Kaya', 197, 1, 1, NULL, NULL, NULL),
(1789, 'Jagonnathpur', 197, 1, 1, NULL, NULL, NULL),
(1790, 'Sadki', 197, 1, 1, NULL, NULL, NULL),
(1791, 'Shelaidah', 197, 1, 1, NULL, NULL, NULL),
(1792, 'Nandolalpur', 197, 1, 1, NULL, NULL, NULL),
(1793, 'Chapra', 197, 1, 1, NULL, NULL, NULL),
(1794, 'Bagulat', 197, 1, 1, NULL, NULL, NULL),
(1795, 'Jaduboyra', 197, 1, 1, NULL, NULL, NULL),
(1796, 'Chadpur', 197, 1, 1, NULL, NULL, NULL),
(1797, 'Panti', 197, 1, 1, NULL, NULL, NULL),
(1798, 'Charsadipur', 197, 1, 1, NULL, NULL, NULL),
(1799, 'Khoksa', 198, 1, 1, NULL, NULL, NULL),
(1800, 'Osmanpur', 198, 1, 1, NULL, NULL, NULL),
(1801, 'Janipur', 198, 1, 1, NULL, NULL, NULL),
(1802, 'Shimulia', 198, 1, 1, NULL, NULL, NULL),
(1803, 'Joyntihazra', 198, 1, 1, NULL, NULL, NULL),
(1804, 'Ambaria', 198, 1, 1, NULL, NULL, NULL),
(1805, 'Bethbaria', 198, 1, 1, NULL, NULL, NULL),
(1806, 'Shomospur', 198, 1, 1, NULL, NULL, NULL),
(1807, 'Gopgram', 198, 1, 1, NULL, NULL, NULL),
(1808, 'Chithalia', 199, 1, 1, NULL, NULL, NULL),
(1809, 'Bahalbaria', 199, 1, 1, NULL, NULL, NULL),
(1810, 'Talbaria', 199, 1, 1, NULL, NULL, NULL),
(1811, 'Baruipara', 199, 1, 1, NULL, NULL, NULL),
(1812, 'Fulbaria', 199, 1, 1, NULL, NULL, NULL),
(1813, 'Amla', 199, 1, 1, NULL, NULL, NULL),
(1814, 'Sadarpur', 199, 1, 1, NULL, NULL, NULL),
(1815, 'Chhatian', 199, 1, 1, NULL, NULL, NULL),
(1816, 'Poradaha', 199, 1, 1, NULL, NULL, NULL),
(1817, 'Kursha', 199, 1, 1, NULL, NULL, NULL),
(1818, 'Ambaria', 199, 1, 1, NULL, NULL, NULL),
(1819, 'Dhubail', 199, 1, 1, NULL, NULL, NULL),
(1820, 'Malihad', 199, 1, 1, NULL, NULL, NULL),
(1821, 'Daulatpur', 200, 1, 1, NULL, NULL, NULL),
(1822, 'Adabaria', 200, 1, 1, NULL, NULL, NULL),
(1823, 'Hogolbaria', 200, 1, 1, NULL, NULL, NULL),
(1824, 'Boalia', 200, 1, 1, NULL, NULL, NULL),
(1825, 'Philipnagor', 200, 1, 1, NULL, NULL, NULL),
(1826, 'Aria', 200, 1, 1, NULL, NULL, NULL),
(1827, 'Khalishakundi', 200, 1, 1, NULL, NULL, NULL),
(1828, 'Chilmary', 200, 1, 1, NULL, NULL, NULL),
(1829, 'Mothurapur', 200, 1, 1, NULL, NULL, NULL),
(1830, 'Pragpur', 200, 1, 1, NULL, NULL, NULL),
(1831, 'Piarpur', 200, 1, 1, NULL, NULL, NULL),
(1832, 'Moricha', 200, 1, 1, NULL, NULL, NULL),
(1833, 'Refaitpur', 200, 1, 1, NULL, NULL, NULL),
(1834, 'Ramkrishnopur', 200, 1, 1, NULL, NULL, NULL),
(1835, 'Dharampur', 201, 1, 1, NULL, NULL, NULL),
(1836, 'Bahirchar', 201, 1, 1, NULL, NULL, NULL),
(1837, 'Mukarimpur', 201, 1, 1, NULL, NULL, NULL),
(1838, 'Juniadah', 201, 1, 1, NULL, NULL, NULL),
(1839, 'Chandgram', 201, 1, 1, NULL, NULL, NULL),
(1840, 'Bahadurpur', 201, 1, 1, NULL, NULL, NULL),
(1841, 'Dhaneshwargati', 202, 1, 1, NULL, NULL, NULL),
(1842, 'Talkhari', 202, 1, 1, NULL, NULL, NULL),
(1843, 'Arpara', 202, 1, 1, NULL, NULL, NULL),
(1844, 'Shatakhali', 202, 1, 1, NULL, NULL, NULL),
(1845, 'Shalikha', 202, 1, 1, NULL, NULL, NULL),
(1846, 'Bunagati', 202, 1, 1, NULL, NULL, NULL),
(1847, 'Gongarampur', 202, 1, 1, NULL, NULL, NULL),
(1848, 'Goyespur', 203, 1, 1, NULL, NULL, NULL),
(1849, 'Sreekol', 203, 1, 1, NULL, NULL, NULL),
(1850, 'Dariapur', 203, 1, 1, NULL, NULL, NULL),
(1851, 'Kadirpara', 203, 1, 1, NULL, NULL, NULL),
(1852, 'Shobdalpur', 203, 1, 1, NULL, NULL, NULL),
(1853, 'Sreepur', 203, 1, 1, NULL, NULL, NULL),
(1854, 'Nakol', 203, 1, 1, NULL, NULL, NULL),
(1855, 'Amalshar', 203, 1, 1, NULL, NULL, NULL),
(1856, 'Hazipur', 204, 1, 1, NULL, NULL, NULL),
(1857, 'Atharokhada', 204, 1, 1, NULL, NULL, NULL),
(1858, 'Kosundi', 204, 1, 1, NULL, NULL, NULL),
(1859, 'Bogia', 204, 1, 1, NULL, NULL, NULL),
(1860, 'Hazrapur', 204, 1, 1, NULL, NULL, NULL),
(1861, 'Raghobdair', 204, 1, 1, NULL, NULL, NULL),
(1862, 'Jagdal', 204, 1, 1, NULL, NULL, NULL),
(1863, 'Chawlia', 204, 1, 1, NULL, NULL, NULL),
(1864, 'Satrijitpur', 204, 1, 1, NULL, NULL, NULL),
(1865, 'Baroilpolita', 204, 1, 1, NULL, NULL, NULL),
(1866, 'Kuchiamora', 204, 1, 1, NULL, NULL, NULL),
(1867, 'Gopalgram', 204, 1, 1, NULL, NULL, NULL),
(1868, 'Moghi', 204, 1, 1, NULL, NULL, NULL),
(1869, 'Digha', 205, 1, 1, NULL, NULL, NULL),
(1870, 'Nohata', 205, 1, 1, NULL, NULL, NULL),
(1871, 'Palashbaria', 205, 1, 1, NULL, NULL, NULL),
(1872, 'Babukhali', 205, 1, 1, NULL, NULL, NULL),
(1873, 'Balidia', 205, 1, 1, NULL, NULL, NULL),
(1874, 'Binodpur', 205, 1, 1, NULL, NULL, NULL),
(1875, 'Mohammadpur', 205, 1, 1, NULL, NULL, NULL),
(1876, 'Rajapur', 205, 1, 1, NULL, NULL, NULL),
(1877, 'Horidhali', 206, 1, 1, NULL, NULL, NULL),
(1878, 'Goroikhali', 206, 1, 1, NULL, NULL, NULL),
(1879, 'Kopilmuni', 206, 1, 1, NULL, NULL, NULL),
(1880, 'Lota', 206, 1, 1, NULL, NULL, NULL),
(1881, 'Deluti', 206, 1, 1, NULL, NULL, NULL),
(1882, 'Loskor', 206, 1, 1, NULL, NULL, NULL),
(1883, 'Godaipur', 206, 1, 1, NULL, NULL, NULL),
(1884, 'Raruli', 206, 1, 1, NULL, NULL, NULL),
(1885, 'Chandkhali', 206, 1, 1, NULL, NULL, NULL),
(1886, 'Soladana', 206, 1, 1, NULL, NULL, NULL),
(1887, 'Fultola', 207, 1, 1, NULL, NULL, NULL),
(1888, 'Damodar', 207, 1, 1, NULL, NULL, NULL),
(1889, 'Atra Gilatola', 207, 1, 1, NULL, NULL, NULL),
(1890, 'Jamira', 207, 1, 1, NULL, NULL, NULL),
(1891, 'Senhati', 208, 1, 1, NULL, NULL, NULL),
(1892, 'Gajirhat', 208, 1, 1, NULL, NULL, NULL),
(1893, 'Barakpur', 208, 1, 1, NULL, NULL, NULL),
(1894, 'Aronghata', 208, 1, 1, NULL, NULL, NULL),
(1895, 'Jogipol', 208, 1, 1, NULL, NULL, NULL),
(1896, 'Digholia', 208, 1, 1, NULL, NULL, NULL),
(1897, 'Aichgati', 209, 1, 1, NULL, NULL, NULL),
(1898, 'Srifoltola', 209, 1, 1, NULL, NULL, NULL),
(1899, 'Noihati', 209, 1, 1, NULL, NULL, NULL),
(1900, 'Tsb', 209, 1, 1, NULL, NULL, NULL),
(1901, 'Ghatvog', 209, 1, 1, NULL, NULL, NULL),
(1902, 'Terokhada', 210, 1, 1, NULL, NULL, NULL),
(1903, 'Chagladoho', 210, 1, 1, NULL, NULL, NULL),
(1904, 'Barasat', 210, 1, 1, NULL, NULL, NULL),
(1905, 'Sochiadaho', 210, 1, 1, NULL, NULL, NULL),
(1906, 'Modhupur', 210, 1, 1, NULL, NULL, NULL),
(1907, 'Ajgora', 210, 1, 1, NULL, NULL, NULL),
(1908, 'Dumuria', 211, 1, 1, NULL, NULL, NULL),
(1909, 'Magurghona', 211, 1, 1, NULL, NULL, NULL),
(1910, 'Vandarpara', 211, 1, 1, NULL, NULL, NULL),
(1911, 'Sahos', 211, 1, 1, NULL, NULL, NULL),
(1912, 'Rudaghora', 211, 1, 1, NULL, NULL, NULL),
(1913, 'Ghutudia', 211, 1, 1, NULL, NULL, NULL),
(1914, 'Shovna', 211, 1, 1, NULL, NULL, NULL),
(1915, 'Khornia', 211, 1, 1, NULL, NULL, NULL),
(1916, 'Atlia', 211, 1, 1, NULL, NULL, NULL),
(1917, 'Dhamalia', 211, 1, 1, NULL, NULL, NULL),
(1918, 'Raghunathpur', 211, 1, 1, NULL, NULL, NULL),
(1919, 'Rongpur', 211, 1, 1, NULL, NULL, NULL),
(1920, 'Shorafpur', 211, 1, 1, NULL, NULL, NULL),
(1921, 'Magurkhali', 211, 1, 1, NULL, NULL, NULL),
(1922, 'Botiaghata', 212, 1, 1, NULL, NULL, NULL),
(1923, 'Amirpur', 212, 1, 1, NULL, NULL, NULL),
(1924, 'Gongarampur', 212, 1, 1, NULL, NULL, NULL),
(1925, 'Surkhali', 212, 1, 1, NULL, NULL, NULL),
(1926, 'Vandarkot', 212, 1, 1, NULL, NULL, NULL),
(1927, 'Baliadanga', 212, 1, 1, NULL, NULL, NULL),
(1928, 'Jolma', 212, 1, 1, NULL, NULL, NULL),
(1929, 'Dakop', 213, 1, 1, NULL, NULL, NULL),
(1930, 'Bajua', 213, 1, 1, NULL, NULL, NULL),
(1931, 'Kamarkhola', 213, 1, 1, NULL, NULL, NULL),
(1932, 'Tildanga', 213, 1, 1, NULL, NULL, NULL),
(1933, 'Sutarkhali', 213, 1, 1, NULL, NULL, NULL),
(1934, 'Laudoba', 213, 1, 1, NULL, NULL, NULL),
(1935, 'Pankhali', 213, 1, 1, NULL, NULL, NULL),
(1936, 'Banishanta', 213, 1, 1, NULL, NULL, NULL),
(1937, 'Koilashgonj', 213, 1, 1, NULL, NULL, NULL),
(1938, 'Koyra', 214, 1, 1, NULL, NULL, NULL),
(1939, 'Moharajpur', 214, 1, 1, NULL, NULL, NULL),
(1940, 'Moheswaripur', 214, 1, 1, NULL, NULL, NULL),
(1941, 'North Bedkashi', 214, 1, 1, NULL, NULL, NULL),
(1942, 'South Bedkashi', 214, 1, 1, NULL, NULL, NULL),
(1943, 'Amadi', 214, 1, 1, NULL, NULL, NULL),
(1944, 'Bagali', 214, 1, 1, NULL, NULL, NULL),
(1945, 'Betaga', 215, 1, 1, NULL, NULL, NULL),
(1946, 'Lakhpur', 215, 1, 1, NULL, NULL, NULL),
(1947, 'Fakirhat', 215, 1, 1, NULL, NULL, NULL),
(1948, 'Bahirdia-Mansa', 215, 1, 1, NULL, NULL, NULL),
(1949, 'Piljanga', 215, 1, 1, NULL, NULL, NULL),
(1950, 'Naldha-Mouvhog', 215, 1, 1, NULL, NULL, NULL),
(1951, 'Mulghar', 215, 1, 1, NULL, NULL, NULL),
(1952, 'Suvhadia', 215, 1, 1, NULL, NULL, NULL),
(1953, 'Karapara', 216, 1, 1, NULL, NULL, NULL),
(1954, 'Bamorta', 216, 1, 1, NULL, NULL, NULL),
(1955, 'Gotapara', 216, 1, 1, NULL, NULL, NULL),
(1956, 'Bishnapur', 216, 1, 1, NULL, NULL, NULL),
(1957, 'Baruipara', 216, 1, 1, NULL, NULL, NULL),
(1958, 'Jatharapur', 216, 1, 1, NULL, NULL, NULL),
(1959, 'Shaitgomboj', 216, 1, 1, NULL, NULL, NULL),
(1960, 'Khanpur', 216, 1, 1, NULL, NULL, NULL),
(1961, 'Rakhalgachi', 216, 1, 1, NULL, NULL, NULL),
(1962, 'Dema', 216, 1, 1, NULL, NULL, NULL),
(1963, 'Udoypur', 217, 1, 1, NULL, NULL, NULL),
(1964, 'Chunkhola', 217, 1, 1, NULL, NULL, NULL),
(1965, 'Gangni', 217, 1, 1, NULL, NULL, NULL),
(1966, 'Kulia', 217, 1, 1, NULL, NULL, NULL),
(1967, 'Gaola', 217, 1, 1, NULL, NULL, NULL),
(1968, 'Kodalia', 217, 1, 1, NULL, NULL, NULL),
(1969, 'Atjuri', 217, 1, 1, NULL, NULL, NULL),
(1970, 'Dhanshagor', 218, 1, 1, NULL, NULL, NULL),
(1971, 'Khontakata', 218, 1, 1, NULL, NULL, NULL),
(1972, 'Rayenda', 218, 1, 1, NULL, NULL, NULL),
(1973, 'Southkhali', 218, 1, 1, NULL, NULL, NULL),
(1974, 'Gouramva', 219, 1, 1, NULL, NULL, NULL),
(1975, 'Uzzalkur', 219, 1, 1, NULL, NULL, NULL),
(1976, 'Baintala', 219, 1, 1, NULL, NULL, NULL),
(1977, 'Rampal', 219, 1, 1, NULL, NULL, NULL),
(1978, 'Rajnagar', 219, 1, 1, NULL, NULL, NULL),
(1979, 'Hurka', 219, 1, 1, NULL, NULL, NULL),
(1980, 'Perikhali', 219, 1, 1, NULL, NULL, NULL),
(1981, 'Vospatia', 219, 1, 1, NULL, NULL, NULL),
(1982, 'Mollikerbar', 219, 1, 1, NULL, NULL, NULL),
(1983, 'Bastoli', 219, 1, 1, NULL, NULL, NULL),
(1984, 'Teligati', 220, 1, 1, NULL, NULL, NULL),
(1985, 'Panchakaran', 220, 1, 1, NULL, NULL, NULL),
(1986, 'Putikhali', 220, 1, 1, NULL, NULL, NULL),
(1987, 'Daibagnyahati', 220, 1, 1, NULL, NULL, NULL),
(1988, 'Ramchandrapur', 220, 1, 1, NULL, NULL, NULL),
(1989, 'Chingrakhali', 220, 1, 1, NULL, NULL, NULL),
(1990, 'Jiudhara', 220, 1, 1, NULL, NULL, NULL),
(1991, 'Hoglapasha', 220, 1, 1, NULL, NULL, NULL),
(1992, 'Banagram', 220, 1, 1, NULL, NULL, NULL),
(1993, 'Balaibunia', 220, 1, 1, NULL, NULL, NULL),
(1994, 'Hoglabunia', 220, 1, 1, NULL, NULL, NULL),
(1995, 'Baharbunia', 220, 1, 1, NULL, NULL, NULL),
(1996, 'Morrelganj', 220, 1, 1, NULL, NULL, NULL),
(1997, 'Khaulia', 220, 1, 1, NULL, NULL, NULL),
(1998, 'Nishanbaria', 220, 1, 1, NULL, NULL, NULL),
(1999, 'Baraikhali', 220, 1, 1, NULL, NULL, NULL),
(2000, 'Gojalia', 221, 1, 1, NULL, NULL, NULL),
(2001, 'Dhopakhali', 221, 1, 1, NULL, NULL, NULL),
(2002, 'Moghia', 221, 1, 1, NULL, NULL, NULL),
(2003, 'Kachua', 221, 1, 1, NULL, NULL, NULL),
(2004, 'Gopalpur', 221, 1, 1, NULL, NULL, NULL),
(2005, 'Raripara', 221, 1, 1, NULL, NULL, NULL),
(2006, 'Badhal', 221, 1, 1, NULL, NULL, NULL),
(2007, 'Burrirdangga', 222, 1, 1, NULL, NULL, NULL),
(2008, 'Mithakhali', 222, 1, 1, NULL, NULL, NULL),
(2009, 'Sonailtala', 222, 1, 1, NULL, NULL, NULL),
(2010, 'Chadpai', 222, 1, 1, NULL, NULL, NULL),
(2011, 'Chila', 222, 1, 1, NULL, NULL, NULL),
(2012, 'Sundarban', 222, 1, 1, NULL, NULL, NULL),
(2013, 'Barobaria', 223, 1, 1, NULL, NULL, NULL),
(2014, 'Kalatala', 223, 1, 1, NULL, NULL, NULL),
(2015, 'Hizla', 223, 1, 1, NULL, NULL, NULL),
(2016, 'Shibpur', 223, 1, 1, NULL, NULL, NULL),
(2017, 'Chitalmari', 223, 1, 1, NULL, NULL, NULL),
(2018, 'Charbaniri', 223, 1, 1, NULL, NULL, NULL),
(2019, 'Shantoshpur', 223, 1, 1, NULL, NULL, NULL),
(2020, 'Sadhuhati', 224, 1, 1, NULL, NULL, NULL),
(2021, 'Modhuhati', 224, 1, 1, NULL, NULL, NULL),
(2022, 'Saganna', 224, 1, 1, NULL, NULL, NULL),
(2023, 'Halidhani', 224, 1, 1, NULL, NULL, NULL),
(2024, 'Kumrabaria', 224, 1, 1, NULL, NULL, NULL),
(2025, 'Ganna', 224, 1, 1, NULL, NULL, NULL),
(2026, 'Maharazpur', 224, 1, 1, NULL, NULL, NULL),
(2027, 'Paglakanai', 224, 1, 1, NULL, NULL, NULL),
(2028, 'Porahati', 224, 1, 1, NULL, NULL, NULL),
(2029, 'Harishongkorpur', 224, 1, 1, NULL, NULL, NULL),
(2030, 'Padmakar', 224, 1, 1, NULL, NULL, NULL),
(2031, 'Dogachhi', 224, 1, 1, NULL, NULL, NULL),
(2032, 'Furshondi', 224, 1, 1, NULL, NULL, NULL),
(2033, 'Ghorshal', 224, 1, 1, NULL, NULL, NULL),
(2034, 'Kalicharanpur', 224, 1, 1, NULL, NULL, NULL),
(2035, 'Surat', 224, 1, 1, NULL, NULL, NULL),
(2036, 'Naldanga', 224, 1, 1, NULL, NULL, NULL),
(2037, 'Tribeni', 225, 1, 1, NULL, NULL, NULL),
(2038, 'Mirzapur', 225, 1, 1, NULL, NULL, NULL),
(2039, 'Dignagore', 225, 1, 1, NULL, NULL, NULL),
(2040, 'Kancherkol', 225, 1, 1, NULL, NULL, NULL),
(2041, 'Sarutia', 225, 1, 1, NULL, NULL, NULL),
(2042, 'Hakimpur', 225, 1, 1, NULL, NULL, NULL),
(2043, 'Dhaloharachandra', 225, 1, 1, NULL, NULL, NULL),
(2044, 'Manoharpur', 225, 1, 1, NULL, NULL, NULL),
(2045, 'Bogura', 225, 1, 1, NULL, NULL, NULL),
(2046, 'Abaipur', 225, 1, 1, NULL, NULL, NULL),
(2047, 'Nityanandapur', 225, 1, 1, NULL, NULL, NULL),
(2048, 'Umedpur', 225, 1, 1, NULL, NULL, NULL),
(2049, 'Dudshar', 225, 1, 1, NULL, NULL, NULL),
(2050, 'Fulhari', 225, 1, 1, NULL, NULL, NULL),
(2051, 'Bhayna', 226, 1, 1, NULL, NULL, NULL),
(2052, 'Joradah', 226, 1, 1, NULL, NULL, NULL),
(2053, 'Taherhuda', 226, 1, 1, NULL, NULL, NULL),
(2054, 'Daulatpur', 226, 1, 1, NULL, NULL, NULL),
(2055, 'Kapashatia', 226, 1, 1, NULL, NULL, NULL),
(2056, 'Falsi', 226, 1, 1, NULL, NULL, NULL),
(2057, 'Raghunathpur', 226, 1, 1, NULL, NULL, NULL),
(2058, 'Chandpur', 226, 1, 1, NULL, NULL, NULL),
(2059, 'Sundarpurdurgapur', 227, 1, 1, NULL, NULL, NULL),
(2060, 'Jamal', 227, 1, 1, NULL, NULL, NULL),
(2061, 'Kola', 227, 1, 1, NULL, NULL, NULL),
(2062, 'Niamatpur', 227, 1, 1, NULL, NULL, NULL),
(2063, 'Simla-Rokonpur', 227, 1, 1, NULL, NULL, NULL),
(2064, 'Trilochanpur', 227, 1, 1, NULL, NULL, NULL),
(2065, 'Raygram', 227, 1, 1, NULL, NULL, NULL),
(2066, 'Maliat', 227, 1, 1, NULL, NULL, NULL),
(2067, 'Barabazar', 227, 1, 1, NULL, NULL, NULL),
(2068, 'Kashtabhanga', 227, 1, 1, NULL, NULL, NULL),
(2069, 'Rakhalgachhi', 227, 1, 1, NULL, NULL, NULL),
(2070, 'Sabdalpur', 228, 1, 1, NULL, NULL, NULL),
(2071, 'Dora', 228, 1, 1, NULL, NULL, NULL),
(2072, 'Kushna', 228, 1, 1, NULL, NULL, NULL),
(2073, 'Baluhar', 228, 1, 1, NULL, NULL, NULL),
(2074, 'Elangi', 228, 1, 1, NULL, NULL, NULL),
(2075, 'Sbk', 229, 1, 1, NULL, NULL, NULL),
(2076, 'Fatepur', 229, 1, 1, NULL, NULL, NULL),
(2077, 'Panthapara', 229, 1, 1, NULL, NULL, NULL),
(2078, 'Swaruppur', 229, 1, 1, NULL, NULL, NULL),
(2079, 'Shyamkur', 229, 1, 1, NULL, NULL, NULL),
(2080, 'Nepa', 229, 1, 1, NULL, NULL, NULL),
(2081, 'Kazirber', 229, 1, 1, NULL, NULL, NULL),
(2082, 'Banshbaria', 229, 1, 1, NULL, NULL, NULL),
(2083, 'Jadabpur', 229, 1, 1, NULL, NULL, NULL),
(2084, 'Natima', 229, 1, 1, NULL, NULL, NULL),
(2085, 'Manderbaria', 229, 1, 1, NULL, NULL, NULL),
(2086, 'Azampur', 229, 1, 1, NULL, NULL, NULL),
(2087, 'Basanda', 230, 1, 1, NULL, NULL, NULL),
(2088, 'Binoykati', 230, 1, 1, NULL, NULL, NULL),
(2089, 'Gabharamchandrapur', 230, 1, 1, NULL, NULL, NULL),
(2090, 'Keora', 230, 1, 1, NULL, NULL, NULL),
(2091, 'Kirtipasha', 230, 1, 1, NULL, NULL, NULL),
(2092, 'Nabagram', 230, 1, 1, NULL, NULL, NULL),
(2093, 'Nathullabad', 230, 1, 1, NULL, NULL, NULL),
(2094, 'Ponabalia', 230, 1, 1, NULL, NULL, NULL),
(2095, 'Sekherhat', 230, 1, 1, NULL, NULL, NULL),
(2096, 'Gabkhandhansiri', 230, 1, 1, NULL, NULL, NULL),
(2097, 'Amua', 231, 1, 1, NULL, NULL, NULL),
(2098, 'Awrabunia', 231, 1, 1, NULL, NULL, NULL),
(2099, 'Chenchrirampur', 231, 1, 1, NULL, NULL, NULL),
(2100, 'Kanthalia', 231, 1, 1, NULL, NULL, NULL),
(2101, 'Patikhalghata', 231, 1, 1, NULL, NULL, NULL),
(2102, 'Shaulajalia', 231, 1, 1, NULL, NULL, NULL),
(2103, 'Subidpur', 232, 1, 1, NULL, NULL, NULL),
(2104, 'Siddhakati', 232, 1, 1, NULL, NULL, NULL),
(2105, 'Ranapasha', 232, 1, 1, NULL, NULL, NULL),
(2106, 'Nachanmohal', 232, 1, 1, NULL, NULL, NULL),
(2107, 'Mollahat', 232, 1, 1, NULL, NULL, NULL),
(2108, 'Magar', 232, 1, 1, NULL, NULL, NULL),
(2109, 'Kusanghal', 232, 1, 1, NULL, NULL, NULL),
(2110, 'Kulkathi', 232, 1, 1, NULL, NULL, NULL),
(2111, 'Dapdapia', 232, 1, 1, NULL, NULL, NULL),
(2112, 'Bharabpasha', 232, 1, 1, NULL, NULL, NULL),
(2113, 'Suktagarh', 233, 1, 1, NULL, NULL, NULL),
(2114, 'Saturia', 233, 1, 1, NULL, NULL, NULL),
(2115, 'Mathbari', 233, 1, 1, NULL, NULL, NULL),
(2116, 'Galua', 233, 1, 1, NULL, NULL, NULL),
(2117, 'Baraia', 233, 1, 1, NULL, NULL, NULL),
(2118, 'Rajapur', 233, 1, 1, NULL, NULL, NULL),
(2119, 'Adabaria', 234, 1, 1, NULL, NULL, NULL),
(2120, 'Bauphal', 234, 1, 1, NULL, NULL, NULL),
(2121, 'Daspara', 234, 1, 1, NULL, NULL, NULL),
(2122, 'Kalaiya', 234, 1, 1, NULL, NULL, NULL),
(2123, 'Nawmala', 234, 1, 1, NULL, NULL, NULL),
(2124, 'Najirpur', 234, 1, 1, NULL, NULL, NULL),
(2125, 'Madanpura', 234, 1, 1, NULL, NULL, NULL),
(2126, 'Boga', 234, 1, 1, NULL, NULL, NULL),
(2127, 'Kanakdia', 234, 1, 1, NULL, NULL, NULL),
(2128, 'Shurjamoni', 234, 1, 1, NULL, NULL, NULL),
(2129, 'Keshabpur', 234, 1, 1, NULL, NULL, NULL);
INSERT INTO `unions` (`id`, `name`, `upa_zillas_id`, `business_id`, `users_id`, `deleted_at`, `created_at`, `updated_at`) VALUES
(2130, 'Dhulia', 234, 1, 1, NULL, NULL, NULL),
(2131, 'Kalisuri', 234, 1, 1, NULL, NULL, NULL),
(2132, 'Kachipara', 234, 1, 1, NULL, NULL, NULL),
(2133, 'Laukathi', 235, 1, 1, NULL, NULL, NULL),
(2134, 'Lohalia', 235, 1, 1, NULL, NULL, NULL),
(2135, 'Kamalapur', 235, 1, 1, NULL, NULL, NULL),
(2136, 'Jainkathi', 235, 1, 1, NULL, NULL, NULL),
(2137, 'Kalikapur', 235, 1, 1, NULL, NULL, NULL),
(2138, 'Badarpur', 235, 1, 1, NULL, NULL, NULL),
(2139, 'Itbaria', 235, 1, 1, NULL, NULL, NULL),
(2140, 'Marichbunia', 235, 1, 1, NULL, NULL, NULL),
(2141, 'Auliapur', 235, 1, 1, NULL, NULL, NULL),
(2142, 'Chotobighai', 235, 1, 1, NULL, NULL, NULL),
(2143, 'Borobighai', 235, 1, 1, NULL, NULL, NULL),
(2144, 'Madarbunia', 235, 1, 1, NULL, NULL, NULL),
(2145, 'Pangasia', 236, 1, 1, NULL, NULL, NULL),
(2146, 'Muradia', 236, 1, 1, NULL, NULL, NULL),
(2147, 'Labukhali', 236, 1, 1, NULL, NULL, NULL),
(2148, 'Angaria', 236, 1, 1, NULL, NULL, NULL),
(2149, 'Sreerampur', 236, 1, 1, NULL, NULL, NULL),
(2150, 'Bashbaria', 237, 1, 1, NULL, NULL, NULL),
(2151, 'Rangopaldi', 237, 1, 1, NULL, NULL, NULL),
(2152, 'Alipur', 237, 1, 1, NULL, NULL, NULL),
(2153, 'Betagi Shankipur', 237, 1, 1, NULL, NULL, NULL),
(2154, 'Dashmina', 237, 1, 1, NULL, NULL, NULL),
(2155, 'Baharampur', 237, 1, 1, NULL, NULL, NULL),
(2156, 'Chakamaia', 238, 1, 1, NULL, NULL, NULL),
(2157, 'Tiakhali', 238, 1, 1, NULL, NULL, NULL),
(2158, 'Lalua', 238, 1, 1, NULL, NULL, NULL),
(2159, 'Dhankhali', 238, 1, 1, NULL, NULL, NULL),
(2160, 'Mithagonj', 238, 1, 1, NULL, NULL, NULL),
(2161, 'Nilgonj', 238, 1, 1, NULL, NULL, NULL),
(2162, 'Dulaser', 238, 1, 1, NULL, NULL, NULL),
(2163, 'Latachapli', 238, 1, 1, NULL, NULL, NULL),
(2164, 'Mahipur', 238, 1, 1, NULL, NULL, NULL),
(2165, 'Dalbugonj', 238, 1, 1, NULL, NULL, NULL),
(2166, 'Baliatali', 238, 1, 1, NULL, NULL, NULL),
(2167, 'Champapur', 238, 1, 1, NULL, NULL, NULL),
(2168, 'Madhabkhali', 239, 1, 1, NULL, NULL, NULL),
(2169, 'Mirzaganj', 239, 1, 1, NULL, NULL, NULL),
(2170, 'Amragachia', 239, 1, 1, NULL, NULL, NULL),
(2171, 'Deuli Subidkhali', 239, 1, 1, NULL, NULL, NULL),
(2172, 'Kakrabunia', 239, 1, 1, NULL, NULL, NULL),
(2173, 'Majidbaria', 239, 1, 1, NULL, NULL, NULL),
(2174, 'Amkhola', 240, 1, 1, NULL, NULL, NULL),
(2175, 'Golkhali', 240, 1, 1, NULL, NULL, NULL),
(2176, 'Galachipa', 240, 1, 1, NULL, NULL, NULL),
(2177, 'Panpatty', 240, 1, 1, NULL, NULL, NULL),
(2178, 'Ratandi Taltali', 240, 1, 1, NULL, NULL, NULL),
(2179, 'Dakua', 240, 1, 1, NULL, NULL, NULL),
(2180, 'Chiknikandi', 240, 1, 1, NULL, NULL, NULL),
(2181, 'Gazalia', 240, 1, 1, NULL, NULL, NULL),
(2182, 'Charkajol', 240, 1, 1, NULL, NULL, NULL),
(2183, 'Charbiswas', 240, 1, 1, NULL, NULL, NULL),
(2184, 'Bakulbaria', 240, 1, 1, NULL, NULL, NULL),
(2185, 'Kalagachhia', 240, 1, 1, NULL, NULL, NULL),
(2186, 'Rangabali', 241, 1, 1, NULL, NULL, NULL),
(2187, 'Barobaisdia', 241, 1, 1, NULL, NULL, NULL),
(2188, 'Chattobaisdia', 241, 1, 1, NULL, NULL, NULL),
(2189, 'Charmontaz', 241, 1, 1, NULL, NULL, NULL),
(2190, 'Chalitabunia', 241, 1, 1, NULL, NULL, NULL),
(2191, 'Shikder Mallik', 242, 1, 1, NULL, NULL, NULL),
(2192, 'Kodomtala', 242, 1, 1, NULL, NULL, NULL),
(2193, 'Durgapur', 242, 1, 1, NULL, NULL, NULL),
(2194, 'Kolakhali', 242, 1, 1, NULL, NULL, NULL),
(2195, 'Tona', 242, 1, 1, NULL, NULL, NULL),
(2196, 'Shariktola', 242, 1, 1, NULL, NULL, NULL),
(2197, 'Shankorpasa', 242, 1, 1, NULL, NULL, NULL),
(2198, 'Mativangga', 243, 1, 1, NULL, NULL, NULL),
(2199, 'Malikhali', 243, 1, 1, NULL, NULL, NULL),
(2200, 'Daulbari Dobra', 243, 1, 1, NULL, NULL, NULL),
(2201, 'Dirgha', 243, 1, 1, NULL, NULL, NULL),
(2202, 'Kolardoania', 243, 1, 1, NULL, NULL, NULL),
(2203, 'Sriramkathi', 243, 1, 1, NULL, NULL, NULL),
(2204, 'Shakhmatia', 243, 1, 1, NULL, NULL, NULL),
(2205, 'Nazirpur Sadar', 243, 1, 1, NULL, NULL, NULL),
(2206, 'Shakharikathi', 243, 1, 1, NULL, NULL, NULL),
(2207, 'Sayna Rogunathpur', 244, 1, 1, NULL, NULL, NULL),
(2208, 'Amrazuri', 244, 1, 1, NULL, NULL, NULL),
(2209, 'Kawkhali Sadar', 244, 1, 1, NULL, NULL, NULL),
(2210, 'Chirapara', 244, 1, 1, NULL, NULL, NULL),
(2211, 'Shialkhathi', 244, 1, 1, NULL, NULL, NULL),
(2212, 'Balipara', 245, 1, 1, NULL, NULL, NULL),
(2213, 'Pattashi', 245, 1, 1, NULL, NULL, NULL),
(2214, 'Parerhat', 245, 1, 1, NULL, NULL, NULL),
(2215, 'Vitabaria', 246, 1, 1, NULL, NULL, NULL),
(2216, 'Nodmulla', 246, 1, 1, NULL, NULL, NULL),
(2217, 'Telikhali', 246, 1, 1, NULL, NULL, NULL),
(2218, 'Ekree', 246, 1, 1, NULL, NULL, NULL),
(2219, 'Dhaoa', 246, 1, 1, NULL, NULL, NULL),
(2220, 'Vandaria Sadar', 246, 1, 1, NULL, NULL, NULL),
(2221, 'Gouripur', 246, 1, 1, NULL, NULL, NULL),
(2222, 'Tuskhali', 247, 1, 1, NULL, NULL, NULL),
(2223, 'Dhanisafa', 247, 1, 1, NULL, NULL, NULL),
(2224, 'Mirukhali', 247, 1, 1, NULL, NULL, NULL),
(2225, 'Tikikata', 247, 1, 1, NULL, NULL, NULL),
(2226, 'Betmor Rajpara', 247, 1, 1, NULL, NULL, NULL),
(2227, 'Amragachia', 247, 1, 1, NULL, NULL, NULL),
(2228, 'Shapleza', 247, 1, 1, NULL, NULL, NULL),
(2229, 'Daudkhali', 247, 1, 1, NULL, NULL, NULL),
(2230, 'Mathbaria', 247, 1, 1, NULL, NULL, NULL),
(2231, 'Baramasua', 247, 1, 1, NULL, NULL, NULL),
(2232, 'Haltagulishakhali', 247, 1, 1, NULL, NULL, NULL),
(2233, 'Boldia', 248, 1, 1, NULL, NULL, NULL),
(2234, 'Sohagdal', 248, 1, 1, NULL, NULL, NULL),
(2235, 'Atghorkuriana', 248, 1, 1, NULL, NULL, NULL),
(2236, 'Jolabari', 248, 1, 1, NULL, NULL, NULL),
(2237, 'Doyhary', 248, 1, 1, NULL, NULL, NULL),
(2238, 'Guarekha', 248, 1, 1, NULL, NULL, NULL),
(2239, 'Somudoykathi', 248, 1, 1, NULL, NULL, NULL),
(2240, 'Sutiakathi', 248, 1, 1, NULL, NULL, NULL),
(2241, 'Sarengkathi', 248, 1, 1, NULL, NULL, NULL),
(2242, 'Shorupkathi', 248, 1, 1, NULL, NULL, NULL),
(2243, 'Raipasha Karapur', 249, 1, 1, NULL, NULL, NULL),
(2244, 'Kashipur', 249, 1, 1, NULL, NULL, NULL),
(2245, 'Charbaria', 249, 1, 1, NULL, NULL, NULL),
(2246, 'Shyastabad', 249, 1, 1, NULL, NULL, NULL),
(2247, 'Charmonai', 249, 1, 1, NULL, NULL, NULL),
(2248, 'Zagua', 249, 1, 1, NULL, NULL, NULL),
(2249, 'Charcowa', 249, 1, 1, NULL, NULL, NULL),
(2250, 'Chandpura', 249, 1, 1, NULL, NULL, NULL),
(2251, 'Tungibaria', 249, 1, 1, NULL, NULL, NULL),
(2252, 'Chandramohan', 249, 1, 1, NULL, NULL, NULL),
(2253, 'Charamaddi', 250, 1, 1, NULL, NULL, NULL),
(2254, 'Charade', 250, 1, 1, NULL, NULL, NULL),
(2255, 'Darial', 250, 1, 1, NULL, NULL, NULL),
(2256, 'Dudhal', 250, 1, 1, NULL, NULL, NULL),
(2257, 'Durgapasha', 250, 1, 1, NULL, NULL, NULL),
(2258, 'Faridpur', 250, 1, 1, NULL, NULL, NULL),
(2259, 'Kabai', 250, 1, 1, NULL, NULL, NULL),
(2260, 'Nalua', 250, 1, 1, NULL, NULL, NULL),
(2261, 'Kalashkathi', 250, 1, 1, NULL, NULL, NULL),
(2262, 'Garuria', 250, 1, 1, NULL, NULL, NULL),
(2263, 'Bharpasha', 250, 1, 1, NULL, NULL, NULL),
(2264, 'Rangasree', 250, 1, 1, NULL, NULL, NULL),
(2265, 'Padreeshibpur', 250, 1, 1, NULL, NULL, NULL),
(2266, 'Niamoti', 250, 1, 1, NULL, NULL, NULL),
(2267, 'Jahangir Nagar', 251, 1, 1, NULL, NULL, NULL),
(2268, 'Kaderpur', 251, 1, 1, NULL, NULL, NULL),
(2269, 'Deherhoti', 251, 1, 1, NULL, NULL, NULL),
(2270, 'Chandpasha', 251, 1, 1, NULL, NULL, NULL),
(2271, 'Rahamtpur', 251, 1, 1, NULL, NULL, NULL),
(2272, 'Madhbpasha', 251, 1, 1, NULL, NULL, NULL),
(2273, 'Shatla', 252, 1, 1, NULL, NULL, NULL),
(2274, 'Harta', 252, 1, 1, NULL, NULL, NULL),
(2275, 'Jalla', 252, 1, 1, NULL, NULL, NULL),
(2276, 'Otra', 252, 1, 1, NULL, NULL, NULL),
(2277, 'Sholok', 252, 1, 1, NULL, NULL, NULL),
(2278, 'Barakhota', 252, 1, 1, NULL, NULL, NULL),
(2279, 'Bamrail', 252, 1, 1, NULL, NULL, NULL),
(2280, 'Shikerpur Wazirpur', 252, 1, 1, NULL, NULL, NULL),
(2281, 'Gouthia', 252, 1, 1, NULL, NULL, NULL),
(2282, 'Bisharkandi', 253, 1, 1, NULL, NULL, NULL),
(2283, 'Illuhar', 253, 1, 1, NULL, NULL, NULL),
(2284, 'Sayedkathi', 253, 1, 1, NULL, NULL, NULL),
(2285, 'Chakhar', 253, 1, 1, NULL, NULL, NULL),
(2286, 'Saliabakpur', 253, 1, 1, NULL, NULL, NULL),
(2287, 'Baishari', 253, 1, 1, NULL, NULL, NULL),
(2288, 'Banaripara', 253, 1, 1, NULL, NULL, NULL),
(2289, 'Udykhati', 253, 1, 1, NULL, NULL, NULL),
(2290, 'Khanjapur', 254, 1, 1, NULL, NULL, NULL),
(2291, 'Barthi', 254, 1, 1, NULL, NULL, NULL),
(2292, 'Chandshi', 254, 1, 1, NULL, NULL, NULL),
(2293, 'Mahilara', 254, 1, 1, NULL, NULL, NULL),
(2294, 'Nalchira', 254, 1, 1, NULL, NULL, NULL),
(2295, 'Batajore', 254, 1, 1, NULL, NULL, NULL),
(2296, 'Sarikal', 254, 1, 1, NULL, NULL, NULL),
(2297, 'Rajihar', 255, 1, 1, NULL, NULL, NULL),
(2298, 'Bakal', 255, 1, 1, NULL, NULL, NULL),
(2299, 'Bagdha', 255, 1, 1, NULL, NULL, NULL),
(2300, 'Goila', 255, 1, 1, NULL, NULL, NULL),
(2301, 'Ratnapur', 255, 1, 1, NULL, NULL, NULL),
(2302, 'Andarmanik', 256, 1, 1, NULL, NULL, NULL),
(2303, 'Lata', 256, 1, 1, NULL, NULL, NULL),
(2304, 'Charakkorea', 256, 1, 1, NULL, NULL, NULL),
(2305, 'Ulania', 256, 1, 1, NULL, NULL, NULL),
(2306, 'Mehendigong', 256, 1, 1, NULL, NULL, NULL),
(2307, 'Biddanandapur', 256, 1, 1, NULL, NULL, NULL),
(2308, 'Bhashanchar', 256, 1, 1, NULL, NULL, NULL),
(2309, 'Jangalia', 256, 1, 1, NULL, NULL, NULL),
(2310, 'Alimabad', 256, 1, 1, NULL, NULL, NULL),
(2311, 'Chandpur', 256, 1, 1, NULL, NULL, NULL),
(2312, 'Darirchar Khajuria', 256, 1, 1, NULL, NULL, NULL),
(2313, 'Gobindapur', 256, 1, 1, NULL, NULL, NULL),
(2314, 'Chargopalpur', 256, 1, 1, NULL, NULL, NULL),
(2315, 'Batamara', 257, 1, 1, NULL, NULL, NULL),
(2316, 'Nazirpur', 257, 1, 1, NULL, NULL, NULL),
(2317, 'Safipur', 257, 1, 1, NULL, NULL, NULL),
(2318, 'Gaschua', 257, 1, 1, NULL, NULL, NULL),
(2319, 'Charkalekha', 257, 1, 1, NULL, NULL, NULL),
(2320, 'Muladi', 257, 1, 1, NULL, NULL, NULL),
(2321, 'Kazirchar', 257, 1, 1, NULL, NULL, NULL),
(2322, 'Harinathpur', 258, 1, 1, NULL, NULL, NULL),
(2323, 'Memania', 258, 1, 1, NULL, NULL, NULL),
(2324, 'Guabaria', 258, 1, 1, NULL, NULL, NULL),
(2325, 'Barjalia', 258, 1, 1, NULL, NULL, NULL),
(2326, 'Hizla Gourabdi', 258, 1, 1, NULL, NULL, NULL),
(2327, 'Dhulkhola', 258, 1, 1, NULL, NULL, NULL),
(2328, 'Razapur', 259, 1, 1, NULL, NULL, NULL),
(2329, 'Ilisha', 259, 1, 1, NULL, NULL, NULL),
(2330, 'Westilisa', 259, 1, 1, NULL, NULL, NULL),
(2331, 'Kachia', 259, 1, 1, NULL, NULL, NULL),
(2332, 'Bapta', 259, 1, 1, NULL, NULL, NULL),
(2333, 'Dhania', 259, 1, 1, NULL, NULL, NULL),
(2334, 'Shibpur', 259, 1, 1, NULL, NULL, NULL),
(2335, 'Alinagor', 259, 1, 1, NULL, NULL, NULL),
(2336, 'Charshamya', 259, 1, 1, NULL, NULL, NULL),
(2337, 'Vhelumia', 259, 1, 1, NULL, NULL, NULL),
(2338, 'Vheduria', 259, 1, 1, NULL, NULL, NULL),
(2339, 'North Digholdi', 259, 1, 1, NULL, NULL, NULL),
(2340, 'South Digholdi', 259, 1, 1, NULL, NULL, NULL),
(2341, 'Boromanika', 260, 1, 1, NULL, NULL, NULL),
(2342, 'Deula', 260, 1, 1, NULL, NULL, NULL),
(2343, 'Kutuba', 260, 1, 1, NULL, NULL, NULL),
(2344, 'Pakshia', 260, 1, 1, NULL, NULL, NULL),
(2345, 'Kachia', 260, 1, 1, NULL, NULL, NULL),
(2346, 'Osmangonj', 261, 1, 1, NULL, NULL, NULL),
(2347, 'Aslampur', 261, 1, 1, NULL, NULL, NULL),
(2348, 'Zinnagor', 261, 1, 1, NULL, NULL, NULL),
(2349, 'Aminabad', 261, 1, 1, NULL, NULL, NULL),
(2350, 'Nilkomol', 261, 1, 1, NULL, NULL, NULL),
(2351, 'Charmadraj', 261, 1, 1, NULL, NULL, NULL),
(2352, 'Awajpur', 261, 1, 1, NULL, NULL, NULL),
(2353, 'Awajpur', 261, 1, 1, NULL, NULL, NULL),
(2354, 'Charkolmi', 261, 1, 1, NULL, NULL, NULL),
(2355, 'Charmanika', 261, 1, 1, NULL, NULL, NULL),
(2356, 'Hazarigonj', 261, 1, 1, NULL, NULL, NULL),
(2357, 'Jahanpur', 261, 1, 1, NULL, NULL, NULL),
(2358, 'Nurabad', 261, 1, 1, NULL, NULL, NULL),
(2359, 'Rasulpur', 261, 1, 1, NULL, NULL, NULL),
(2360, 'Kukrimukri', 261, 1, 1, NULL, NULL, NULL),
(2361, 'Abubakarpur', 261, 1, 1, NULL, NULL, NULL),
(2362, 'Abdullahpur', 261, 1, 1, NULL, NULL, NULL),
(2363, 'Nazrulnagar', 261, 1, 1, NULL, NULL, NULL),
(2364, 'Mujibnagar', 261, 1, 1, NULL, NULL, NULL),
(2365, 'Dalchar', 261, 1, 1, NULL, NULL, NULL),
(2366, 'Madanpur', 262, 1, 1, NULL, NULL, NULL),
(2367, 'Madua', 262, 1, 1, NULL, NULL, NULL),
(2368, 'Charpata', 262, 1, 1, NULL, NULL, NULL),
(2369, 'North Joy Nagar', 262, 1, 1, NULL, NULL, NULL),
(2370, 'South Joy Nagar', 262, 1, 1, NULL, NULL, NULL),
(2371, 'Char Khalipa', 262, 1, 1, NULL, NULL, NULL),
(2372, 'Sayedpur', 262, 1, 1, NULL, NULL, NULL),
(2373, 'Hazipur', 262, 1, 1, NULL, NULL, NULL),
(2374, 'Vhovanipur', 262, 1, 1, NULL, NULL, NULL),
(2375, 'Hazirhat', 263, 1, 1, NULL, NULL, NULL),
(2376, 'Monpura', 263, 1, 1, NULL, NULL, NULL),
(2377, 'North Sakuchia', 263, 1, 1, NULL, NULL, NULL),
(2378, 'South Sakuchia', 263, 1, 1, NULL, NULL, NULL),
(2379, 'Chanchra', 264, 1, 1, NULL, NULL, NULL),
(2380, 'Shambupur', 264, 1, 1, NULL, NULL, NULL),
(2381, 'Sonapur', 264, 1, 1, NULL, NULL, NULL),
(2382, 'Chadpur', 264, 1, 1, NULL, NULL, NULL),
(2383, 'Baro Molongchora', 264, 1, 1, NULL, NULL, NULL),
(2384, 'Badarpur', 265, 1, 1, NULL, NULL, NULL),
(2385, 'Charbhuta', 265, 1, 1, NULL, NULL, NULL),
(2386, 'Kalma', 265, 1, 1, NULL, NULL, NULL),
(2387, 'Dholigour Nagar', 265, 1, 1, NULL, NULL, NULL),
(2388, 'Lalmohan', 265, 1, 1, NULL, NULL, NULL),
(2389, 'Lord Hardinge', 265, 1, 1, NULL, NULL, NULL),
(2390, 'Ramagonj', 265, 1, 1, NULL, NULL, NULL),
(2391, 'Paschim Char Umed', 265, 1, 1, NULL, NULL, NULL),
(2392, 'Farajgonj', 265, 1, 1, NULL, NULL, NULL),
(2393, 'Amtali', 266, 1, 1, NULL, NULL, NULL),
(2394, 'Gulishakhali', 266, 1, 1, NULL, NULL, NULL),
(2395, 'Athrogasia', 266, 1, 1, NULL, NULL, NULL),
(2396, 'Kukua', 266, 1, 1, NULL, NULL, NULL),
(2397, 'Haldia', 266, 1, 1, NULL, NULL, NULL),
(2398, 'Chotobogi', 266, 1, 1, NULL, NULL, NULL),
(2399, 'Arpangasia', 266, 1, 1, NULL, NULL, NULL),
(2400, 'Chowra', 266, 1, 1, NULL, NULL, NULL),
(2401, 'M. Baliatali', 267, 1, 1, NULL, NULL, NULL),
(2402, 'Noltona', 267, 1, 1, NULL, NULL, NULL),
(2403, 'Bodorkhali', 267, 1, 1, NULL, NULL, NULL),
(2404, 'Gowrichanna', 267, 1, 1, NULL, NULL, NULL),
(2405, 'Fuljhuri', 267, 1, 1, NULL, NULL, NULL),
(2406, 'Keorabunia', 267, 1, 1, NULL, NULL, NULL),
(2407, 'Ayla Patakata', 267, 1, 1, NULL, NULL, NULL),
(2408, 'Burirchor', 267, 1, 1, NULL, NULL, NULL),
(2409, 'Dhalua', 267, 1, 1, NULL, NULL, NULL),
(2410, 'Barguna', 267, 1, 1, NULL, NULL, NULL),
(2411, 'Bibichini', 268, 1, 1, NULL, NULL, NULL),
(2412, 'Betagi', 268, 1, 1, NULL, NULL, NULL),
(2413, 'Hosnabad', 268, 1, 1, NULL, NULL, NULL),
(2414, 'Mokamia', 268, 1, 1, NULL, NULL, NULL),
(2415, 'Buramajumder', 268, 1, 1, NULL, NULL, NULL),
(2416, 'Kazirabad', 268, 1, 1, NULL, NULL, NULL),
(2417, 'Sarisamuri', 268, 1, 1, NULL, NULL, NULL),
(2418, 'Bukabunia', 269, 1, 1, NULL, NULL, NULL),
(2419, 'Bamna', 269, 1, 1, NULL, NULL, NULL),
(2420, 'Ramna', 269, 1, 1, NULL, NULL, NULL),
(2421, 'Doutola', 269, 1, 1, NULL, NULL, NULL),
(2422, 'Raihanpur', 270, 1, 1, NULL, NULL, NULL),
(2423, 'Nachnapara', 270, 1, 1, NULL, NULL, NULL),
(2424, 'Charduany', 270, 1, 1, NULL, NULL, NULL),
(2425, 'Patharghata', 270, 1, 1, NULL, NULL, NULL),
(2426, 'Kalmegha', 270, 1, 1, NULL, NULL, NULL),
(2427, 'Kakchira', 270, 1, 1, NULL, NULL, NULL),
(2428, 'Kathaltali', 270, 1, 1, NULL, NULL, NULL),
(2429, 'Karibaria', 271, 1, 1, NULL, NULL, NULL),
(2430, 'Panchakoralia', 271, 1, 1, NULL, NULL, NULL),
(2431, 'Barabagi', 271, 1, 1, NULL, NULL, NULL),
(2432, 'Chhotabagi', 271, 1, 1, NULL, NULL, NULL),
(2433, 'Nishanbaria', 271, 1, 1, NULL, NULL, NULL),
(2434, 'Sarikkhali', 271, 1, 1, NULL, NULL, NULL),
(2435, 'Sonakata', 271, 1, 1, NULL, NULL, NULL),
(2436, 'Tazpur', 284, 1, 1, NULL, NULL, NULL),
(2437, 'Umorpur', 284, 1, 1, NULL, NULL, NULL),
(2438, 'West Poilanpur', 284, 1, 1, NULL, NULL, NULL),
(2439, 'East Poilanpur', 272, 1, 1, NULL, NULL, NULL),
(2440, 'Boaljur', 272, 1, 1, NULL, NULL, NULL),
(2441, 'Burungabazar', 284, 1, 1, NULL, NULL, NULL),
(2442, 'Goalabazar', 284, 1, 1, NULL, NULL, NULL),
(2443, 'Doyamir', 284, 1, 1, NULL, NULL, NULL),
(2444, 'Usmanpur', 284, 1, 1, NULL, NULL, NULL),
(2445, 'Dewanbazar', 272, 1, 1, NULL, NULL, NULL),
(2446, 'West Gouripur', 272, 1, 1, NULL, NULL, NULL),
(2447, 'East Gouripur', 272, 1, 1, NULL, NULL, NULL),
(2448, 'Balaganj', 272, 1, 1, NULL, NULL, NULL),
(2449, 'Sadipur', 284, 1, 1, NULL, NULL, NULL),
(2450, 'Tilpara', 273, 1, 1, NULL, NULL, NULL),
(2451, 'Alinagar', 273, 1, 1, NULL, NULL, NULL),
(2452, 'Charkhai', 273, 1, 1, NULL, NULL, NULL),
(2453, 'Dubag', 273, 1, 1, NULL, NULL, NULL),
(2454, 'Sheola', 273, 1, 1, NULL, NULL, NULL),
(2455, 'Kurarbazar', 273, 1, 1, NULL, NULL, NULL),
(2456, 'Mathiura', 273, 1, 1, NULL, NULL, NULL),
(2457, 'Mullapur', 273, 1, 1, NULL, NULL, NULL),
(2458, 'Muria', 273, 1, 1, NULL, NULL, NULL),
(2459, 'Lauta', 273, 1, 1, NULL, NULL, NULL),
(2460, 'Rampasha', 274, 1, 1, NULL, NULL, NULL),
(2461, 'Lamakazi', 274, 1, 1, NULL, NULL, NULL),
(2462, 'Khajanchi', 274, 1, 1, NULL, NULL, NULL),
(2463, 'Alankari', 274, 1, 1, NULL, NULL, NULL),
(2464, 'Dewkalash', 274, 1, 1, NULL, NULL, NULL),
(2465, 'Bishwanath', 274, 1, 1, NULL, NULL, NULL),
(2466, 'Doshghar', 274, 1, 1, NULL, NULL, NULL),
(2467, 'Daulatpur', 274, 1, 1, NULL, NULL, NULL),
(2468, 'Telikhal', 275, 1, 1, NULL, NULL, NULL),
(2469, 'Islampur Paschim', 275, 1, 1, NULL, NULL, NULL),
(2470, 'Islampur Purba', 275, 1, 1, NULL, NULL, NULL),
(2471, 'Isakalas', 275, 1, 1, NULL, NULL, NULL),
(2472, 'Uttor Ronikhai', 275, 1, 1, NULL, NULL, NULL),
(2473, 'Dakkin Ronikhai', 275, 1, 1, NULL, NULL, NULL),
(2474, 'Ghilachora', 276, 1, 1, NULL, NULL, NULL),
(2475, 'Fenchuganj', 276, 1, 1, NULL, NULL, NULL),
(2476, 'Uttar Kushiara', 276, 1, 1, NULL, NULL, NULL),
(2477, 'Uttar Fenchuganj', 276, 1, 1, NULL, NULL, NULL),
(2478, 'Maijgaon', 276, 1, 1, NULL, NULL, NULL),
(2479, 'Golapganj', 277, 1, 1, NULL, NULL, NULL),
(2480, 'Fulbari', 277, 1, 1, NULL, NULL, NULL),
(2481, 'Lakshmipasha', 277, 1, 1, NULL, NULL, NULL),
(2482, 'Budhbaribazar', 277, 1, 1, NULL, NULL, NULL),
(2483, 'Dhakadakshin', 277, 1, 1, NULL, NULL, NULL),
(2484, 'Sharifganj', 277, 1, 1, NULL, NULL, NULL),
(2485, 'Uttar Badepasha', 277, 1, 1, NULL, NULL, NULL),
(2486, 'Lakshanaband', 277, 1, 1, NULL, NULL, NULL),
(2487, 'Bhadeshwar', 277, 1, 1, NULL, NULL, NULL),
(2488, 'West Amura', 277, 1, 1, NULL, NULL, NULL),
(2489, 'Fothepur', 278, 1, 1, NULL, NULL, NULL),
(2490, 'Rustampur', 278, 1, 1, NULL, NULL, NULL),
(2491, 'Paschim Jaflong', 278, 1, 1, NULL, NULL, NULL),
(2492, 'Purba Jaflong', 278, 1, 1, NULL, NULL, NULL),
(2493, 'Lengura', 278, 1, 1, NULL, NULL, NULL),
(2494, 'Alirgaon', 278, 1, 1, NULL, NULL, NULL),
(2495, 'Nandirgaon', 278, 1, 1, NULL, NULL, NULL),
(2496, 'Towakul', 278, 1, 1, NULL, NULL, NULL),
(2497, 'Daubari', 278, 1, 1, NULL, NULL, NULL),
(2498, 'Nijpat', 279, 1, 1, NULL, NULL, NULL),
(2499, 'Jaintapur', 279, 1, 1, NULL, NULL, NULL),
(2500, 'Charikatha', 279, 1, 1, NULL, NULL, NULL),
(2501, 'Darbast', 279, 1, 1, NULL, NULL, NULL),
(2502, 'Fatehpur', 279, 1, 1, NULL, NULL, NULL),
(2503, 'Chiknagul', 279, 1, 1, NULL, NULL, NULL),
(2504, 'Rajagonj', 280, 1, 1, NULL, NULL, NULL),
(2505, 'Lakshiprashad Purbo', 280, 1, 1, NULL, NULL, NULL),
(2506, 'Lakshiprashad Pashim', 280, 1, 1, NULL, NULL, NULL),
(2507, 'Digirpar Purbo', 280, 1, 1, NULL, NULL, NULL),
(2508, 'Satbakh', 280, 1, 1, NULL, NULL, NULL),
(2509, 'Barachotul', 280, 1, 1, NULL, NULL, NULL),
(2510, 'Kanaighat', 280, 1, 1, NULL, NULL, NULL),
(2511, 'Dakhin Banigram', 280, 1, 1, NULL, NULL, NULL),
(2512, 'Jinghabari', 280, 1, 1, NULL, NULL, NULL),
(2513, 'Jalalabad', 281, 1, 1, NULL, NULL, NULL),
(2514, 'Hatkhula', 281, 1, 1, NULL, NULL, NULL),
(2515, 'Khadimnagar', 281, 1, 1, NULL, NULL, NULL),
(2516, 'Khadimpara', 281, 1, 1, NULL, NULL, NULL),
(2517, 'Tultikor', 281, 1, 1, NULL, NULL, NULL),
(2518, 'Tukerbazar', 281, 1, 1, NULL, NULL, NULL),
(2519, 'Mugolgaon', 281, 1, 1, NULL, NULL, NULL),
(2520, 'Kandigaon', 281, 1, 1, NULL, NULL, NULL),
(2521, 'Manikpur', 282, 1, 1, NULL, NULL, NULL),
(2522, 'Sultanpur', 282, 1, 1, NULL, NULL, NULL),
(2523, 'Barohal', 282, 1, 1, NULL, NULL, NULL),
(2524, 'Birorsri', 282, 1, 1, NULL, NULL, NULL),
(2525, 'Kajalshah', 282, 1, 1, NULL, NULL, NULL),
(2526, 'Kolachora', 282, 1, 1, NULL, NULL, NULL),
(2527, 'Zakiganj', 282, 1, 1, NULL, NULL, NULL),
(2528, 'Barothakuri', 282, 1, 1, NULL, NULL, NULL),
(2529, 'Kaskanakpur', 282, 1, 1, NULL, NULL, NULL),
(2530, 'Lalabazar', 283, 1, 1, NULL, NULL, NULL),
(2531, 'Moglabazar', 283, 1, 1, NULL, NULL, NULL),
(2532, 'Boroikandi', 283, 1, 1, NULL, NULL, NULL),
(2533, 'Silam', 283, 1, 1, NULL, NULL, NULL),
(2534, 'Daudpur', 283, 1, 1, NULL, NULL, NULL),
(2535, 'Mollargaon', 283, 1, 1, NULL, NULL, NULL),
(2536, 'Kuchai', 283, 1, 1, NULL, NULL, NULL),
(2537, 'Kamalbazar', 283, 1, 1, NULL, NULL, NULL),
(2538, 'Jalalpur', 283, 1, 1, NULL, NULL, NULL),
(2539, 'Tetli', 283, 1, 1, NULL, NULL, NULL),
(2540, 'Talimpur', 285, 1, 1, NULL, NULL, NULL),
(2541, 'Borni', 285, 1, 1, NULL, NULL, NULL),
(2542, 'Dasherbazar', 285, 1, 1, NULL, NULL, NULL),
(2543, 'Nizbahadurpur', 285, 1, 1, NULL, NULL, NULL),
(2544, 'Uttar Shahbajpur', 285, 1, 1, NULL, NULL, NULL),
(2545, 'Dakkhin Shahbajpur', 285, 1, 1, NULL, NULL, NULL),
(2546, 'Talimpur', 285, 1, 1, NULL, NULL, NULL),
(2547, 'Baralekha', 285, 1, 1, NULL, NULL, NULL),
(2548, 'Dakshinbhag Uttar', 285, 1, 1, NULL, NULL, NULL),
(2549, 'Dakshinbhag Dakkhin', 285, 1, 1, NULL, NULL, NULL),
(2550, 'Sujanagar', 285, 1, 1, NULL, NULL, NULL),
(2551, 'Adampur', 286, 1, 1, NULL, NULL, NULL),
(2552, 'Patanushar', 286, 1, 1, NULL, NULL, NULL),
(2553, 'Madhabpur', 286, 1, 1, NULL, NULL, NULL),
(2554, 'Rahimpur', 286, 1, 1, NULL, NULL, NULL),
(2555, 'Shamshernagar', 286, 1, 1, NULL, NULL, NULL),
(2556, 'Kamalgonj', 286, 1, 1, NULL, NULL, NULL),
(2557, 'Islampur', 286, 1, 1, NULL, NULL, NULL),
(2558, 'Munshibazar', 286, 1, 1, NULL, NULL, NULL),
(2559, 'Alinagar', 286, 1, 1, NULL, NULL, NULL),
(2560, 'Baramchal', 287, 1, 1, NULL, NULL, NULL),
(2561, 'Bhukshimail', 287, 1, 1, NULL, NULL, NULL),
(2562, 'Joychandi', 287, 1, 1, NULL, NULL, NULL),
(2563, 'Brammanbazar', 287, 1, 1, NULL, NULL, NULL),
(2564, 'Kadipur', 287, 1, 1, NULL, NULL, NULL),
(2565, 'Kulaura', 287, 1, 1, NULL, NULL, NULL),
(2566, 'Rauthgaon', 287, 1, 1, NULL, NULL, NULL),
(2567, 'Tilagaon', 287, 1, 1, NULL, NULL, NULL),
(2568, 'Sharifpur', 287, 1, 1, NULL, NULL, NULL),
(2569, 'Prithimpassa', 287, 1, 1, NULL, NULL, NULL),
(2570, 'Kormodha', 287, 1, 1, NULL, NULL, NULL),
(2571, 'Bhatera', 287, 1, 1, NULL, NULL, NULL),
(2572, 'Hazipur', 287, 1, 1, NULL, NULL, NULL),
(2573, 'Amtail', 288, 1, 1, NULL, NULL, NULL),
(2574, 'Khalilpur', 288, 1, 1, NULL, NULL, NULL),
(2575, 'Monumukh', 288, 1, 1, NULL, NULL, NULL),
(2576, 'Kamalpur', 288, 1, 1, NULL, NULL, NULL),
(2577, 'Apar Kagabala', 288, 1, 1, NULL, NULL, NULL),
(2578, 'Akhailkura', 288, 1, 1, NULL, NULL, NULL),
(2579, 'Ekatuna', 288, 1, 1, NULL, NULL, NULL),
(2580, 'Chadnighat', 288, 1, 1, NULL, NULL, NULL),
(2581, 'Konokpur', 288, 1, 1, NULL, NULL, NULL),
(2582, 'Nazirabad', 288, 1, 1, NULL, NULL, NULL),
(2583, 'Mostafapur', 288, 1, 1, NULL, NULL, NULL),
(2584, 'Giasnagar', 288, 1, 1, NULL, NULL, NULL),
(2585, 'Fotepur', 289, 1, 1, NULL, NULL, NULL),
(2586, 'Uttorbhag', 289, 1, 1, NULL, NULL, NULL),
(2587, 'Munsibazar', 289, 1, 1, NULL, NULL, NULL),
(2588, 'Panchgaon', 289, 1, 1, NULL, NULL, NULL),
(2589, 'Rajnagar', 289, 1, 1, NULL, NULL, NULL),
(2590, 'Tengra', 289, 1, 1, NULL, NULL, NULL),
(2591, 'Kamarchak', 289, 1, 1, NULL, NULL, NULL),
(2592, 'Munsurnagar', 289, 1, 1, NULL, NULL, NULL),
(2593, 'Mirzapur', 290, 1, 1, NULL, NULL, NULL),
(2594, 'Bhunabir', 290, 1, 1, NULL, NULL, NULL),
(2595, 'Sreemangal', 290, 1, 1, NULL, NULL, NULL),
(2596, 'Sindurkhan', 290, 1, 1, NULL, NULL, NULL),
(2597, 'Kalapur', 290, 1, 1, NULL, NULL, NULL),
(2598, 'Ashidron', 290, 1, 1, NULL, NULL, NULL),
(2599, 'Rajghat', 290, 1, 1, NULL, NULL, NULL),
(2600, 'Kalighat', 290, 1, 1, NULL, NULL, NULL),
(2601, 'Satgaon', 290, 1, 1, NULL, NULL, NULL),
(2602, 'Jafornagar', 291, 1, 1, NULL, NULL, NULL),
(2603, 'West Juri', 291, 1, 1, NULL, NULL, NULL),
(2604, 'Gualbari', 291, 1, 1, NULL, NULL, NULL),
(2605, 'Sagornal', 291, 1, 1, NULL, NULL, NULL),
(2606, 'Fultola', 291, 1, 1, NULL, NULL, NULL),
(2607, 'Eastjuri', 291, 1, 1, NULL, NULL, NULL),
(2608, 'Barabhakoir Paschim', 292, 1, 1, NULL, NULL, NULL),
(2609, 'Barabhakoir Purba', 292, 1, 1, NULL, NULL, NULL),
(2610, 'Inatganj', 292, 1, 1, NULL, NULL, NULL),
(2611, 'Digholbak', 292, 1, 1, NULL, NULL, NULL),
(2612, 'Aushkandi', 292, 1, 1, NULL, NULL, NULL),
(2613, 'Kurshi', 292, 1, 1, NULL, NULL, NULL),
(2614, 'Kargoan', 292, 1, 1, NULL, NULL, NULL),
(2615, 'Nabiganj Sadar', 292, 1, 1, NULL, NULL, NULL),
(2616, 'Bausha', 292, 1, 1, NULL, NULL, NULL),
(2617, 'Debparra', 292, 1, 1, NULL, NULL, NULL),
(2618, 'Gaznaipur', 292, 1, 1, NULL, NULL, NULL),
(2619, 'Kaliarbhanga', 292, 1, 1, NULL, NULL, NULL),
(2620, 'Paniumda', 292, 1, 1, NULL, NULL, NULL),
(2621, 'Snanghat', 293, 1, 1, NULL, NULL, NULL),
(2622, 'Putijuri', 293, 1, 1, NULL, NULL, NULL),
(2623, 'Satkapon', 293, 1, 1, NULL, NULL, NULL),
(2624, 'Bahubal Sadar', 293, 1, 1, NULL, NULL, NULL),
(2625, 'Lamatashi', 293, 1, 1, NULL, NULL, NULL),
(2626, 'Mirpur', 293, 1, 1, NULL, NULL, NULL),
(2627, 'Bhadeshwar', 293, 1, 1, NULL, NULL, NULL),
(2628, 'Shibpasha', 294, 1, 1, NULL, NULL, NULL),
(2629, 'Kakailsao', 294, 1, 1, NULL, NULL, NULL),
(2630, 'Ajmiriganj Sadar', 294, 1, 1, NULL, NULL, NULL),
(2631, 'Badolpur', 294, 1, 1, NULL, NULL, NULL),
(2632, 'Jolsuka', 294, 1, 1, NULL, NULL, NULL),
(2633, 'Baniachong North East', 295, 1, 1, NULL, NULL, NULL),
(2634, 'Baniachong North West', 295, 1, 1, NULL, NULL, NULL),
(2635, 'Baniachong South East', 295, 1, 1, NULL, NULL, NULL),
(2636, 'Baniachong South West', 295, 1, 1, NULL, NULL, NULL),
(2637, 'Daulatpur', 295, 1, 1, NULL, NULL, NULL),
(2638, 'Khagaura', 295, 1, 1, NULL, NULL, NULL),
(2639, 'Baraiuri', 295, 1, 1, NULL, NULL, NULL),
(2640, 'Kagapasha', 295, 1, 1, NULL, NULL, NULL),
(2641, 'Pukra', 295, 1, 1, NULL, NULL, NULL),
(2642, 'Subidpur', 295, 1, 1, NULL, NULL, NULL),
(2643, 'Makrampur', 295, 1, 1, NULL, NULL, NULL),
(2644, 'Sujatpur', 295, 1, 1, NULL, NULL, NULL),
(2645, 'Mandari', 295, 1, 1, NULL, NULL, NULL),
(2646, 'Muradpur', 295, 1, 1, NULL, NULL, NULL),
(2647, 'Pailarkandi', 295, 1, 1, NULL, NULL, NULL),
(2648, 'Lakhai', 296, 1, 1, NULL, NULL, NULL),
(2649, 'Murakari', 296, 1, 1, NULL, NULL, NULL),
(2650, 'Muriauk', 296, 1, 1, NULL, NULL, NULL),
(2651, 'Bamoi', 296, 1, 1, NULL, NULL, NULL),
(2652, 'Karab', 296, 1, 1, NULL, NULL, NULL),
(2653, 'Bulla', 296, 1, 1, NULL, NULL, NULL),
(2654, 'Gazipur', 297, 1, 1, NULL, NULL, NULL),
(2655, 'Ahammadabad', 297, 1, 1, NULL, NULL, NULL),
(2656, 'Deorgach', 297, 1, 1, NULL, NULL, NULL),
(2657, 'Paikpara', 297, 1, 1, NULL, NULL, NULL),
(2658, 'Shankhala', 297, 1, 1, NULL, NULL, NULL),
(2659, 'Chunarughat', 297, 1, 1, NULL, NULL, NULL),
(2660, 'Ubahata', 297, 1, 1, NULL, NULL, NULL),
(2661, 'Shatiajuri', 297, 1, 1, NULL, NULL, NULL),
(2662, 'Ranigaon', 297, 1, 1, NULL, NULL, NULL),
(2663, 'Mirashi', 297, 1, 1, NULL, NULL, NULL),
(2664, 'Lukra', 298, 1, 1, NULL, NULL, NULL),
(2665, 'Richi', 298, 1, 1, NULL, NULL, NULL),
(2666, 'Teghoria', 298, 1, 1, NULL, NULL, NULL),
(2667, 'Poil', 298, 1, 1, NULL, NULL, NULL),
(2668, 'Gopaya', 298, 1, 1, NULL, NULL, NULL),
(2669, 'Rajiura', 298, 1, 1, NULL, NULL, NULL),
(2670, 'Nurpur', 298, 1, 1, NULL, NULL, NULL),
(2671, 'Shayestaganj', 298, 1, 1, NULL, NULL, NULL),
(2672, 'Nijampur', 298, 1, 1, NULL, NULL, NULL),
(2673, 'Laskerpur', 298, 1, 1, NULL, NULL, NULL),
(2674, 'Dharmaghar', 299, 1, 1, NULL, NULL, NULL),
(2675, 'Choumohani', 299, 1, 1, NULL, NULL, NULL),
(2676, 'Bahara', 299, 1, 1, NULL, NULL, NULL),
(2677, 'Adaoir', 299, 1, 1, NULL, NULL, NULL),
(2678, 'Andiura', 299, 1, 1, NULL, NULL, NULL),
(2679, 'Shahjahanpur', 299, 1, 1, NULL, NULL, NULL),
(2680, 'Jagadishpur', 299, 1, 1, NULL, NULL, NULL),
(2681, 'Bulla', 299, 1, 1, NULL, NULL, NULL),
(2682, 'Noapara', 299, 1, 1, NULL, NULL, NULL),
(2683, 'Chhatiain', 299, 1, 1, NULL, NULL, NULL),
(2684, 'Bagashura', 299, 1, 1, NULL, NULL, NULL),
(2685, 'Jahangirnagar', 300, 1, 1, NULL, NULL, NULL),
(2686, 'Rangarchar', 300, 1, 1, NULL, NULL, NULL),
(2687, 'Aptabnagar', 300, 1, 1, NULL, NULL, NULL),
(2688, 'Gourarang', 300, 1, 1, NULL, NULL, NULL),
(2689, 'Mollapara', 300, 1, 1, NULL, NULL, NULL),
(2690, 'Laxmansree', 300, 1, 1, NULL, NULL, NULL),
(2691, 'Kathair', 300, 1, 1, NULL, NULL, NULL),
(2692, 'Surma', 300, 1, 1, NULL, NULL, NULL),
(2693, 'Mohonpur', 300, 1, 1, NULL, NULL, NULL),
(2694, 'Shimulbak', 301, 1, 1, NULL, NULL, NULL),
(2695, 'Paschim Pagla', 301, 1, 1, NULL, NULL, NULL),
(2696, 'Joykalash', 301, 1, 1, NULL, NULL, NULL),
(2697, 'Purba Pagla', 301, 1, 1, NULL, NULL, NULL),
(2698, 'Patharia', 301, 1, 1, NULL, NULL, NULL),
(2699, 'Purba Birgaon', 301, 1, 1, NULL, NULL, NULL),
(2700, 'Dargapasha', 301, 1, 1, NULL, NULL, NULL),
(2701, 'Paschim Birgaon', 301, 1, 1, NULL, NULL, NULL),
(2702, 'Palash', 302, 1, 1, NULL, NULL, NULL),
(2703, 'Solukabad', 302, 1, 1, NULL, NULL, NULL),
(2704, 'Dhanpur', 302, 1, 1, NULL, NULL, NULL),
(2705, 'Badaghat South', 302, 1, 1, NULL, NULL, NULL),
(2706, 'Fatepur', 302, 1, 1, NULL, NULL, NULL),
(2707, 'Islampur', 303, 1, 1, NULL, NULL, NULL),
(2708, 'Noarai', 303, 1, 1, NULL, NULL, NULL),
(2709, 'Chhatak Sadar', 303, 1, 1, NULL, NULL, NULL),
(2710, 'Kalaruka', 303, 1, 1, NULL, NULL, NULL),
(2711, 'Gobindganj-Syedergaon', 303, 1, 1, NULL, NULL, NULL),
(2712, 'Chhaila Afjalabad', 303, 1, 1, NULL, NULL, NULL),
(2713, 'Khurma North', 303, 1, 1, NULL, NULL, NULL),
(2714, 'Khurma South', 303, 1, 1, NULL, NULL, NULL),
(2715, 'Chormohalla', 303, 1, 1, NULL, NULL, NULL),
(2716, 'Jauwabazar', 303, 1, 1, NULL, NULL, NULL),
(2717, 'Singchapair', 303, 1, 1, NULL, NULL, NULL),
(2718, 'Dolarbazar', 303, 1, 1, NULL, NULL, NULL),
(2719, 'Bhatgaon', 303, 1, 1, NULL, NULL, NULL),
(2720, 'Kolkolia', 304, 1, 1, NULL, NULL, NULL),
(2721, 'Patli', 304, 1, 1, NULL, NULL, NULL),
(2722, 'Mirpur', 304, 1, 1, NULL, NULL, NULL),
(2723, 'Chilaura Holdipur', 304, 1, 1, NULL, NULL, NULL),
(2724, 'Raniganj', 304, 1, 1, NULL, NULL, NULL),
(2725, 'Syedpur Shaharpara', 304, 1, 1, NULL, NULL, NULL),
(2726, 'Asharkandi', 304, 1, 1, NULL, NULL, NULL),
(2727, 'Pailgaon', 304, 1, 1, NULL, NULL, NULL),
(2728, 'Banglabazar', 305, 1, 1, NULL, NULL, NULL),
(2729, 'Norsingpur', 305, 1, 1, NULL, NULL, NULL),
(2730, 'Dowarabazar', 305, 1, 1, NULL, NULL, NULL),
(2731, 'Mannargaon', 305, 1, 1, NULL, NULL, NULL),
(2732, 'Pandargaon', 305, 1, 1, NULL, NULL, NULL),
(2733, 'Dohalia', 305, 1, 1, NULL, NULL, NULL),
(2734, 'Laxmipur', 305, 1, 1, NULL, NULL, NULL),
(2735, 'Boglabazar', 305, 1, 1, NULL, NULL, NULL),
(2736, 'Surma', 305, 1, 1, NULL, NULL, NULL),
(2737, 'Sreepur North', 306, 1, 1, NULL, NULL, NULL),
(2738, 'Sreepur South', 306, 1, 1, NULL, NULL, NULL),
(2739, 'Bordal South', 306, 1, 1, NULL, NULL, NULL),
(2740, 'Bordal North', 306, 1, 1, NULL, NULL, NULL),
(2741, 'Badaghat', 306, 1, 1, NULL, NULL, NULL),
(2742, 'Tahirpur Sadar', 306, 1, 1, NULL, NULL, NULL),
(2743, 'Balijuri', 306, 1, 1, NULL, NULL, NULL),
(2744, 'Bongshikunda North', 307, 1, 1, NULL, NULL, NULL),
(2745, 'Bongshikunda South', 307, 1, 1, NULL, NULL, NULL),
(2746, 'Chamordani', 307, 1, 1, NULL, NULL, NULL),
(2747, 'Madhyanagar', 307, 1, 1, NULL, NULL, NULL),
(2748, 'Paikurati', 307, 1, 1, NULL, NULL, NULL),
(2749, 'Selbarash', 307, 1, 1, NULL, NULL, NULL),
(2750, 'Dharmapasha Sadar', 307, 1, 1, NULL, NULL, NULL),
(2751, 'Joyasree', 307, 1, 1, NULL, NULL, NULL),
(2752, 'Sukhair Rajapur North', 307, 1, 1, NULL, NULL, NULL),
(2753, 'Sukhair Rajapur South', 307, 1, 1, NULL, NULL, NULL),
(2754, 'Beheli', 308, 1, 1, NULL, NULL, NULL),
(2755, 'Sachnabazar', 308, 1, 1, NULL, NULL, NULL),
(2756, 'Bhimkhali', 308, 1, 1, NULL, NULL, NULL),
(2757, 'Fenerbak', 308, 1, 1, NULL, NULL, NULL),
(2758, 'Jamalganj Sadar', 308, 1, 1, NULL, NULL, NULL),
(2759, 'Atgaon', 309, 1, 1, NULL, NULL, NULL),
(2760, 'Habibpur', 309, 1, 1, NULL, NULL, NULL),
(2761, 'Bahara', 309, 1, 1, NULL, NULL, NULL),
(2762, 'Shalla Sadar', 309, 1, 1, NULL, NULL, NULL),
(2763, 'Rafinagar', 310, 1, 1, NULL, NULL, NULL),
(2764, 'Bhatipara', 310, 1, 1, NULL, NULL, NULL),
(2765, 'Rajanagar', 310, 1, 1, NULL, NULL, NULL),
(2766, 'Charnarchar', 310, 1, 1, NULL, NULL, NULL),
(2767, 'Derai Sarmangal', 310, 1, 1, NULL, NULL, NULL),
(2768, 'Karimpur', 310, 1, 1, NULL, NULL, NULL),
(2769, 'Jagddol', 310, 1, 1, NULL, NULL, NULL),
(2770, 'Taral', 310, 1, 1, NULL, NULL, NULL),
(2771, 'Kulanj', 310, 1, 1, NULL, NULL, NULL),
(2772, 'Amlaba', 311, 1, 1, NULL, NULL, NULL),
(2773, 'Bajnaba', 311, 1, 1, NULL, NULL, NULL),
(2774, 'Belabo', 311, 1, 1, NULL, NULL, NULL),
(2775, 'Binnabayd', 311, 1, 1, NULL, NULL, NULL),
(2776, 'Charuzilab', 311, 1, 1, NULL, NULL, NULL),
(2777, 'Naraynpur', 311, 1, 1, NULL, NULL, NULL),
(2778, 'Sallabad', 311, 1, 1, NULL, NULL, NULL),
(2779, 'Patuli', 311, 1, 1, NULL, NULL, NULL),
(2780, 'Diara', 311, 1, 1, NULL, NULL, NULL),
(2781, 'Barachapa', 312, 1, 1, NULL, NULL, NULL),
(2782, 'Chalakchar', 312, 1, 1, NULL, NULL, NULL),
(2783, 'Charmandalia', 312, 1, 1, NULL, NULL, NULL),
(2784, 'Ekduaria', 312, 1, 1, NULL, NULL, NULL),
(2785, 'Gotashia', 312, 1, 1, NULL, NULL, NULL),
(2786, 'Kanchikata', 312, 1, 1, NULL, NULL, NULL),
(2787, 'Khidirpur', 312, 1, 1, NULL, NULL, NULL),
(2788, 'Shukundi', 312, 1, 1, NULL, NULL, NULL),
(2789, 'Dawlatpur', 312, 1, 1, NULL, NULL, NULL),
(2790, 'Krisnopur', 312, 1, 1, NULL, NULL, NULL),
(2791, 'Labutala', 312, 1, 1, NULL, NULL, NULL),
(2792, 'Chandanbari', 312, 1, 1, NULL, NULL, NULL),
(2793, 'Alokbali', 313, 1, 1, NULL, NULL, NULL),
(2794, 'Chardighaldi', 313, 1, 1, NULL, NULL, NULL),
(2795, 'Chinishpur', 313, 1, 1, NULL, NULL, NULL),
(2796, 'Hajipur', 313, 1, 1, NULL, NULL, NULL),
(2797, 'Karimpur', 313, 1, 1, NULL, NULL, NULL),
(2798, 'Khathalia', 313, 1, 1, NULL, NULL, NULL),
(2799, 'Nuralapur', 313, 1, 1, NULL, NULL, NULL),
(2800, 'Mahishasura', 313, 1, 1, NULL, NULL, NULL),
(2801, 'Meherpara', 313, 1, 1, NULL, NULL, NULL),
(2802, 'Nazarpur', 313, 1, 1, NULL, NULL, NULL),
(2803, 'Paikarchar', 313, 1, 1, NULL, NULL, NULL),
(2804, 'Panchdona', 313, 1, 1, NULL, NULL, NULL),
(2805, 'Silmandi', 313, 1, 1, NULL, NULL, NULL),
(2806, 'Amdia', 313, 1, 1, NULL, NULL, NULL),
(2807, 'Danga', 314, 1, 1, NULL, NULL, NULL),
(2808, 'Charsindur', 314, 1, 1, NULL, NULL, NULL),
(2809, 'Jinardi', 314, 1, 1, NULL, NULL, NULL),
(2810, 'Gazaria', 314, 1, 1, NULL, NULL, NULL),
(2811, 'Chanpur', 315, 1, 1, NULL, NULL, NULL),
(2812, 'Alipura', 315, 1, 1, NULL, NULL, NULL),
(2813, 'Amirganj', 315, 1, 1, NULL, NULL, NULL),
(2814, 'Adiabad', 315, 1, 1, NULL, NULL, NULL),
(2815, 'Banshgari', 315, 1, 1, NULL, NULL, NULL),
(2816, 'Chanderkandi', 315, 1, 1, NULL, NULL, NULL),
(2817, 'Chararalia', 315, 1, 1, NULL, NULL, NULL),
(2818, 'Charmadhua', 315, 1, 1, NULL, NULL, NULL),
(2819, 'Charsubuddi', 315, 1, 1, NULL, NULL, NULL),
(2820, 'Daukarchar', 315, 1, 1, NULL, NULL, NULL),
(2821, 'Hairmara', 315, 1, 1, NULL, NULL, NULL),
(2822, 'Maheshpur', 315, 1, 1, NULL, NULL, NULL),
(2823, 'Mirzanagar', 315, 1, 1, NULL, NULL, NULL),
(2824, 'Mirzarchar', 315, 1, 1, NULL, NULL, NULL),
(2825, 'Nilakhya', 315, 1, 1, NULL, NULL, NULL),
(2826, 'Palashtali', 315, 1, 1, NULL, NULL, NULL),
(2827, 'Paratali', 315, 1, 1, NULL, NULL, NULL),
(2828, 'Sreenagar', 315, 1, 1, NULL, NULL, NULL),
(2829, 'Roypura', 315, 1, 1, NULL, NULL, NULL),
(2830, 'Musapur', 315, 1, 1, NULL, NULL, NULL),
(2831, 'Uttar Bakharnagar', 315, 1, 1, NULL, NULL, NULL),
(2832, 'Marjal', 315, 1, 1, NULL, NULL, NULL),
(2833, 'Dulalpur', 316, 1, 1, NULL, NULL, NULL),
(2834, 'Joynagar', 316, 1, 1, NULL, NULL, NULL),
(2835, 'Sadharchar', 316, 1, 1, NULL, NULL, NULL),
(2836, 'Masimpur', 316, 1, 1, NULL, NULL, NULL),
(2837, 'Chakradha', 316, 1, 1, NULL, NULL, NULL),
(2838, 'Joshar', 316, 1, 1, NULL, NULL, NULL),
(2839, 'Baghabo', 316, 1, 1, NULL, NULL, NULL),
(2840, 'Ayubpur', 316, 1, 1, NULL, NULL, NULL),
(2841, 'Putia', 316, 1, 1, NULL, NULL, NULL),
(2842, 'Bahadursadi', 317, 1, 1, NULL, NULL, NULL),
(2843, 'Baktarpur', 317, 1, 1, NULL, NULL, NULL),
(2844, 'Jamalpurnew', 317, 1, 1, NULL, NULL, NULL),
(2845, 'Jangalia', 317, 1, 1, NULL, NULL, NULL),
(2846, 'Moktarpur', 317, 1, 1, NULL, NULL, NULL),
(2847, 'Nagari', 317, 1, 1, NULL, NULL, NULL),
(2848, 'Tumulia', 317, 1, 1, NULL, NULL, NULL),
(2849, 'Atabaha', 318, 1, 1, NULL, NULL, NULL),
(2850, 'Boali', 318, 1, 1, NULL, NULL, NULL),
(2851, 'Chapair', 318, 1, 1, NULL, NULL, NULL),
(2852, 'Dhaliora', 318, 1, 1, NULL, NULL, NULL),
(2853, 'Fulbaria', 318, 1, 1, NULL, NULL, NULL),
(2854, 'Madhyapara', 318, 1, 1, NULL, NULL, NULL),
(2855, 'Mouchak', 318, 1, 1, NULL, NULL, NULL),
(2856, 'Sutrapur', 318, 1, 1, NULL, NULL, NULL),
(2857, 'Srifaltali', 318, 1, 1, NULL, NULL, NULL),
(2858, 'Barishaba', 319, 1, 1, NULL, NULL, NULL),
(2859, 'Ghagotia', 319, 1, 1, NULL, NULL, NULL),
(2860, 'Kapasia', 319, 1, 1, NULL, NULL, NULL),
(2861, 'Chandpur', 319, 1, 1, NULL, NULL, NULL),
(2862, 'Targoan', 319, 1, 1, NULL, NULL, NULL),
(2863, 'Karihata', 319, 1, 1, NULL, NULL, NULL),
(2864, 'Tokh', 319, 1, 1, NULL, NULL, NULL),
(2865, 'Sinhasree', 319, 1, 1, NULL, NULL, NULL),
(2866, 'Durgapur', 319, 1, 1, NULL, NULL, NULL),
(2867, 'Sonmania', 319, 1, 1, NULL, NULL, NULL),
(2868, 'Rayed', 319, 1, 1, NULL, NULL, NULL),
(2869, 'Baria', 320, 1, 1, NULL, NULL, NULL),
(2870, 'Basan', 320, 1, 1, NULL, NULL, NULL),
(2871, 'Gachha', 320, 1, 1, NULL, NULL, NULL),
(2872, 'Kashimpur', 320, 1, 1, NULL, NULL, NULL),
(2873, 'Kayaltia', 320, 1, 1, NULL, NULL, NULL),
(2874, 'Konabari', 320, 1, 1, NULL, NULL, NULL),
(2875, 'Mirzapur', 320, 1, 1, NULL, NULL, NULL),
(2876, 'Pubail', 320, 1, 1, NULL, NULL, NULL),
(2877, 'Barmi', 321, 1, 1, NULL, NULL, NULL),
(2878, 'Gazipur', 321, 1, 1, NULL, NULL, NULL),
(2879, 'Gosinga', 321, 1, 1, NULL, NULL, NULL),
(2880, 'Maona', 321, 1, 1, NULL, NULL, NULL),
(2881, 'Kaoraid', 321, 1, 1, NULL, NULL, NULL),
(2882, 'Prahladpur', 321, 1, 1, NULL, NULL, NULL),
(2883, 'Rajabari', 321, 1, 1, NULL, NULL, NULL),
(2884, 'Telihati', 321, 1, 1, NULL, NULL, NULL),
(2885, 'Binodpur', 322, 1, 1, NULL, NULL, NULL),
(2886, 'Tulasar', 322, 1, 1, NULL, NULL, NULL),
(2887, 'Palong', 322, 1, 1, NULL, NULL, NULL),
(2888, 'Domshar', 322, 1, 1, NULL, NULL, NULL),
(2889, 'Rudrakar', 322, 1, 1, NULL, NULL, NULL),
(2890, 'Angaria', 322, 1, 1, NULL, NULL, NULL),
(2891, 'Chitolia', 322, 1, 1, NULL, NULL, NULL),
(2892, 'Mahmudpur', 322, 1, 1, NULL, NULL, NULL),
(2893, 'Chikondi', 322, 1, 1, NULL, NULL, NULL),
(2894, 'Chandrapur', 322, 1, 1, NULL, NULL, NULL),
(2895, 'Shulpara', 322, 1, 1, NULL, NULL, NULL),
(2896, 'Kedarpur', 323, 1, 1, NULL, NULL, NULL),
(2897, 'Dingamanik', 323, 1, 1, NULL, NULL, NULL),
(2898, 'Garishar', 323, 1, 1, NULL, NULL, NULL),
(2899, 'Nowpara', 323, 1, 1, NULL, NULL, NULL),
(2900, 'Moktererchar', 323, 1, 1, NULL, NULL, NULL),
(2901, 'Charatra', 323, 1, 1, NULL, NULL, NULL),
(2902, 'Rajnagar', 323, 1, 1, NULL, NULL, NULL),
(2903, 'Japsa', 323, 1, 1, NULL, NULL, NULL),
(2904, 'Vojeshwar', 323, 1, 1, NULL, NULL, NULL),
(2905, 'Fategongpur', 323, 1, 1, NULL, NULL, NULL),
(2906, 'Bijari', 323, 1, 1, NULL, NULL, NULL),
(2907, 'Vumkhara', 323, 1, 1, NULL, NULL, NULL),
(2908, 'Nashason', 323, 1, 1, NULL, NULL, NULL),
(2909, 'Zajira Sadar', 324, 1, 1, NULL, NULL, NULL),
(2910, 'Mulna', 324, 1, 1, NULL, NULL, NULL),
(2911, 'Barokandi', 324, 1, 1, NULL, NULL, NULL),
(2912, 'Bilaspur', 324, 1, 1, NULL, NULL, NULL),
(2913, 'Kundarchar', 324, 1, 1, NULL, NULL, NULL),
(2914, 'Palerchar', 324, 1, 1, NULL, NULL, NULL),
(2915, 'Purba Nawdoba', 324, 1, 1, NULL, NULL, NULL),
(2916, 'Nawdoba', 324, 1, 1, NULL, NULL, NULL),
(2917, 'Shenerchar', 324, 1, 1, NULL, NULL, NULL),
(2918, 'Bknagar', 324, 1, 1, NULL, NULL, NULL),
(2919, 'Barogopalpur', 324, 1, 1, NULL, NULL, NULL),
(2920, 'Jaynagor', 324, 1, 1, NULL, NULL, NULL),
(2921, 'Nager Para', 325, 1, 1, NULL, NULL, NULL),
(2922, 'Alaolpur', 325, 1, 1, NULL, NULL, NULL),
(2923, 'Kodalpur', 325, 1, 1, NULL, NULL, NULL),
(2924, 'Goshairhat', 325, 1, 1, NULL, NULL, NULL),
(2925, 'Edilpur', 325, 1, 1, NULL, NULL, NULL),
(2926, 'Nalmuri', 325, 1, 1, NULL, NULL, NULL),
(2927, 'Samontasar', 325, 1, 1, NULL, NULL, NULL),
(2928, 'Kuchipatti', 325, 1, 1, NULL, NULL, NULL),
(2929, 'Ramvadrapur', 326, 1, 1, NULL, NULL, NULL),
(2930, 'Mahisar', 326, 1, 1, NULL, NULL, NULL),
(2931, 'Saygaon', 326, 1, 1, NULL, NULL, NULL),
(2932, 'Narayanpur', 326, 1, 1, NULL, NULL, NULL),
(2933, 'D.M Khali', 326, 1, 1, NULL, NULL, NULL),
(2934, 'Charkumaria', 326, 1, 1, NULL, NULL, NULL),
(2935, 'Sakhipur', 326, 1, 1, NULL, NULL, NULL),
(2936, 'Kachikata', 326, 1, 1, NULL, NULL, NULL),
(2937, 'North Tarabunia', 326, 1, 1, NULL, NULL, NULL),
(2938, 'Charvaga', 326, 1, 1, NULL, NULL, NULL),
(2939, 'Arsinagar', 326, 1, 1, NULL, NULL, NULL),
(2940, 'South Tarabunia', 326, 1, 1, NULL, NULL, NULL),
(2941, 'Charsensas', 326, 1, 1, NULL, NULL, NULL),
(2942, 'Shidulkura', 327, 1, 1, NULL, NULL, NULL),
(2943, 'Kaneshar', 327, 1, 1, NULL, NULL, NULL),
(2944, 'Purba Damudya', 327, 1, 1, NULL, NULL, NULL),
(2945, 'Islampur', 327, 1, 1, NULL, NULL, NULL),
(2946, 'Dankati', 327, 1, 1, NULL, NULL, NULL),
(2947, 'Sidya', 327, 1, 1, NULL, NULL, NULL),
(2948, 'Darulaman', 327, 1, 1, NULL, NULL, NULL),
(2949, 'Satgram', 328, 1, 1, NULL, NULL, NULL),
(2950, 'Duptara', 328, 1, 1, NULL, NULL, NULL),
(2951, 'Brahammandi', 328, 1, 1, NULL, NULL, NULL),
(2952, 'Fatepur', 328, 1, 1, NULL, NULL, NULL),
(2953, 'Bishnandi', 328, 1, 1, NULL, NULL, NULL),
(2954, 'Mahmudpur', 328, 1, 1, NULL, NULL, NULL),
(2955, 'Highjadi', 328, 1, 1, NULL, NULL, NULL),
(2956, 'Uchitpura', 328, 1, 1, NULL, NULL, NULL),
(2957, 'Kalapaharia', 328, 1, 1, NULL, NULL, NULL),
(2958, 'Kagkanda', 328, 1, 1, NULL, NULL, NULL),
(2959, 'Musapur', 329, 1, 1, NULL, NULL, NULL),
(2960, 'Modonpur', 329, 1, 1, NULL, NULL, NULL),
(2961, 'Bandar', 329, 1, 1, NULL, NULL, NULL),
(2962, 'Dhamgar', 329, 1, 1, NULL, NULL, NULL),
(2963, 'Kolagathia', 329, 1, 1, NULL, NULL, NULL),
(2964, 'Alirtek', 330, 1, 1, NULL, NULL, NULL),
(2965, 'Kashipur', 330, 1, 1, NULL, NULL, NULL),
(2966, 'Kutubpur', 330, 1, 1, NULL, NULL, NULL),
(2967, 'Gognagar', 330, 1, 1, NULL, NULL, NULL),
(2968, 'Baktaboli', 330, 1, 1, NULL, NULL, NULL),
(2969, 'Enayetnagor', 330, 1, 1, NULL, NULL, NULL),
(2970, 'Murapara', 331, 1, 1, NULL, NULL, NULL),
(2971, 'Bhulta', 331, 1, 1, NULL, NULL, NULL),
(2972, 'Golakandail', 331, 1, 1, NULL, NULL, NULL),
(2973, 'Daudpur', 331, 1, 1, NULL, NULL, NULL),
(2974, 'Rupganj', 331, 1, 1, NULL, NULL, NULL),
(2975, 'Kayetpara', 331, 1, 1, NULL, NULL, NULL),
(2976, 'Bholobo', 331, 1, 1, NULL, NULL, NULL),
(2977, 'Pirojpur', 332, 1, 1, NULL, NULL, NULL),
(2978, 'Shambhupura', 332, 1, 1, NULL, NULL, NULL),
(2979, 'Mograpara', 332, 1, 1, NULL, NULL, NULL),
(2980, 'Baidyerbazar', 332, 1, 1, NULL, NULL, NULL),
(2981, 'Baradi', 332, 1, 1, NULL, NULL, NULL),
(2982, 'Noagaon', 332, 1, 1, NULL, NULL, NULL),
(2983, 'Jampur', 332, 1, 1, NULL, NULL, NULL),
(2984, 'Sadipur', 332, 1, 1, NULL, NULL, NULL),
(2985, 'Sonmandi', 332, 1, 1, NULL, NULL, NULL),
(2986, 'Kanchpur', 332, 1, 1, NULL, NULL, NULL),
(2987, 'Basail', 333, 1, 1, NULL, NULL, NULL),
(2988, 'Kanchanpur', 333, 1, 1, NULL, NULL, NULL),
(2989, 'Habla', 333, 1, 1, NULL, NULL, NULL),
(2990, 'Kashil', 333, 1, 1, NULL, NULL, NULL),
(2991, 'Fulki', 333, 1, 1, NULL, NULL, NULL),
(2992, 'Kauljani', 333, 1, 1, NULL, NULL, NULL),
(2993, 'Arjuna', 334, 1, 1, NULL, NULL, NULL),
(2994, 'Gabshara', 334, 1, 1, NULL, NULL, NULL),
(2995, 'Falda', 334, 1, 1, NULL, NULL, NULL),
(2996, 'Gobindashi', 334, 1, 1, NULL, NULL, NULL),
(2997, 'Aloa', 334, 1, 1, NULL, NULL, NULL),
(2998, 'Nikrail', 334, 1, 1, NULL, NULL, NULL),
(2999, 'Deuli', 335, 1, 1, NULL, NULL, NULL),
(3000, 'Lauhati', 335, 1, 1, NULL, NULL, NULL),
(3001, 'Patharail', 335, 1, 1, NULL, NULL, NULL),
(3002, 'Delduar', 335, 1, 1, NULL, NULL, NULL),
(3003, 'Fazilhati', 335, 1, 1, NULL, NULL, NULL),
(3004, 'Elasin', 335, 1, 1, NULL, NULL, NULL),
(3005, 'Atia', 335, 1, 1, NULL, NULL, NULL),
(3006, 'Dubail', 335, 1, 1, NULL, NULL, NULL),
(3007, 'Deulabari', 336, 1, 1, NULL, NULL, NULL),
(3008, 'Ghatail', 336, 1, 1, NULL, NULL, NULL),
(3009, 'Jamuria', 336, 1, 1, NULL, NULL, NULL),
(3010, 'Lokerpara', 336, 1, 1, NULL, NULL, NULL),
(3011, 'Anehola', 336, 1, 1, NULL, NULL, NULL),
(3012, 'Dighalkandia', 336, 1, 1, NULL, NULL, NULL),
(3013, 'Digar', 336, 1, 1, NULL, NULL, NULL),
(3014, 'Deopara', 336, 1, 1, NULL, NULL, NULL),
(3015, 'Sandhanpur', 336, 1, 1, NULL, NULL, NULL),
(3016, 'Rasulpur', 336, 1, 1, NULL, NULL, NULL),
(3017, 'Dhalapara', 336, 1, 1, NULL, NULL, NULL),
(3018, 'Hadera', 337, 1, 1, NULL, NULL, NULL),
(3019, 'Jhawail', 337, 1, 1, NULL, NULL, NULL),
(3020, 'Nagdashimla', 337, 1, 1, NULL, NULL, NULL),
(3021, 'Dhopakandi', 337, 1, 1, NULL, NULL, NULL),
(3022, 'Alamnagor', 337, 1, 1, NULL, NULL, NULL),
(3023, 'Hemnagor', 337, 1, 1, NULL, NULL, NULL),
(3024, 'Mirzapur', 337, 1, 1, NULL, NULL, NULL),
(3025, 'Alokdia', 338, 1, 1, NULL, NULL, NULL),
(3026, 'Aushnara', 338, 1, 1, NULL, NULL, NULL),
(3027, 'Aronkhola', 338, 1, 1, NULL, NULL, NULL),
(3028, 'Sholakuri', 338, 1, 1, NULL, NULL, NULL),
(3029, 'Golabari', 338, 1, 1, NULL, NULL, NULL),
(3030, 'Mirjabari', 338, 1, 1, NULL, NULL, NULL),
(3031, 'Mahera', 339, 1, 1, NULL, NULL, NULL),
(3032, 'Jamurki', 339, 1, 1, NULL, NULL, NULL),
(3033, 'Fatepur', 339, 1, 1, NULL, NULL, NULL),
(3034, 'Banail', 339, 1, 1, NULL, NULL, NULL),
(3035, 'Anaitara', 339, 1, 1, NULL, NULL, NULL),
(3036, 'Warshi', 339, 1, 1, NULL, NULL, NULL),
(3037, 'Bhatram', 339, 1, 1, NULL, NULL, NULL),
(3038, 'Bahuria', 339, 1, 1, NULL, NULL, NULL),
(3039, 'Gorai', 339, 1, 1, NULL, NULL, NULL),
(3040, 'Ajgana', 339, 1, 1, NULL, NULL, NULL),
(3041, 'Tarafpur', 339, 1, 1, NULL, NULL, NULL),
(3042, 'Bastail', 339, 1, 1, NULL, NULL, NULL),
(3043, 'Baora', 339, 1, 1, NULL, NULL, NULL),
(3044, 'Latifpur', 339, 1, 1, NULL, NULL, NULL),
(3045, 'Bharra', 340, 1, 1, NULL, NULL, NULL),
(3046, 'Sahabathpur', 340, 1, 1, NULL, NULL, NULL),
(3047, 'Goyhata', 340, 1, 1, NULL, NULL, NULL),
(3048, 'Solimabad', 340, 1, 1, NULL, NULL, NULL),
(3049, 'Nagorpur', 340, 1, 1, NULL, NULL, NULL),
(3050, 'Mamudnagor', 340, 1, 1, NULL, NULL, NULL),
(3051, 'Mokna', 340, 1, 1, NULL, NULL, NULL),
(3052, 'Pakutia', 340, 1, 1, NULL, NULL, NULL),
(3053, 'Bekrah Atgram', 340, 1, 1, NULL, NULL, NULL),
(3054, 'Dhuburia', 340, 1, 1, NULL, NULL, NULL),
(3055, 'Bhadra', 340, 1, 1, NULL, NULL, NULL),
(3056, 'Doptior', 340, 1, 1, NULL, NULL, NULL),
(3057, 'Kakrajan', 341, 1, 1, NULL, NULL, NULL),
(3058, 'Gajaria', 341, 1, 1, NULL, NULL, NULL),
(3059, 'Jaduppur', 341, 1, 1, NULL, NULL, NULL),
(3060, 'Hatibandha', 341, 1, 1, NULL, NULL, NULL),
(3061, 'Kalia', 341, 1, 1, NULL, NULL, NULL),
(3062, 'Dariapur', 341, 1, 1, NULL, NULL, NULL),
(3063, 'Kalmegha', 341, 1, 1, NULL, NULL, NULL),
(3064, 'Baharatoil', 341, 1, 1, NULL, NULL, NULL),
(3065, 'Mogra', 342, 1, 1, NULL, NULL, NULL),
(3066, 'Gala', 342, 1, 1, NULL, NULL, NULL),
(3067, 'Gharinda', 342, 1, 1, NULL, NULL, NULL),
(3068, 'Karatia', 342, 1, 1, NULL, NULL, NULL),
(3069, 'Silimpur', 342, 1, 1, NULL, NULL, NULL),
(3070, 'Porabari', 342, 1, 1, NULL, NULL, NULL),
(3071, 'Dyenna', 342, 1, 1, NULL, NULL, NULL),
(3072, 'Baghil', 342, 1, 1, NULL, NULL, NULL),
(3073, 'Kakua', 342, 1, 1, NULL, NULL, NULL),
(3074, 'Hugra', 342, 1, 1, NULL, NULL, NULL),
(3075, 'Katuli', 342, 1, 1, NULL, NULL, NULL),
(3076, 'Mahamudnagar', 342, 1, 1, NULL, NULL, NULL),
(3077, 'Durgapur', 343, 1, 1, NULL, NULL, NULL),
(3078, 'Birbashinda', 343, 1, 1, NULL, NULL, NULL),
(3079, 'Narandia', 343, 1, 1, NULL, NULL, NULL),
(3080, 'Shahadebpur', 343, 1, 1, NULL, NULL, NULL),
(3081, 'Kokdahara', 343, 1, 1, NULL, NULL, NULL),
(3082, 'Balla', 343, 1, 1, NULL, NULL, NULL),
(3083, 'Salla', 343, 1, 1, NULL, NULL, NULL),
(3084, 'Nagbari', 343, 1, 1, NULL, NULL, NULL),
(3085, 'Bangra', 343, 1, 1, NULL, NULL, NULL),
(3086, 'Paikora', 343, 1, 1, NULL, NULL, NULL),
(3087, 'Dashokia', 343, 1, 1, NULL, NULL, NULL),
(3088, 'Parkhi', 343, 1, 1, NULL, NULL, NULL),
(3089, 'Gohaliabari', 343, 1, 1, NULL, NULL, NULL),
(3090, 'Dhopakhali', 344, 1, 1, NULL, NULL, NULL),
(3091, 'Paiska', 344, 1, 1, NULL, NULL, NULL),
(3092, 'Mushuddi', 344, 1, 1, NULL, NULL, NULL),
(3093, 'Bolibodrow', 344, 1, 1, NULL, NULL, NULL),
(3094, 'Birtara', 344, 1, 1, NULL, NULL, NULL),
(3095, 'Baniajan', 344, 1, 1, NULL, NULL, NULL),
(3096, 'Jadunathpur', 344, 1, 1, NULL, NULL, NULL),
(3097, 'Chawganga', 345, 1, 1, NULL, NULL, NULL),
(3098, 'Joysiddi', 345, 1, 1, NULL, NULL, NULL),
(3099, 'Alonjori', 345, 1, 1, NULL, NULL, NULL),
(3100, 'Badla', 345, 1, 1, NULL, NULL, NULL),
(3101, 'Boribari', 345, 1, 1, NULL, NULL, NULL),
(3102, 'Itna', 345, 1, 1, NULL, NULL, NULL),
(3103, 'Mriga', 345, 1, 1, NULL, NULL, NULL),
(3104, 'Dhonpur', 345, 1, 1, NULL, NULL, NULL),
(3105, 'Raytoti', 345, 1, 1, NULL, NULL, NULL),
(3106, 'Banagram', 346, 1, 1, NULL, NULL, NULL),
(3107, 'Shahasram Dhuldia', 346, 1, 1, NULL, NULL, NULL),
(3108, 'Kargaon', 346, 1, 1, NULL, NULL, NULL),
(3109, 'Chandpur', 346, 1, 1, NULL, NULL, NULL),
(3110, 'Mumurdia', 346, 1, 1, NULL, NULL, NULL),
(3111, 'Acmita', 346, 1, 1, NULL, NULL, NULL),
(3112, 'Mosua', 346, 1, 1, NULL, NULL, NULL),
(3113, 'Lohajuree', 346, 1, 1, NULL, NULL, NULL),
(3114, 'Jalalpur', 346, 1, 1, NULL, NULL, NULL),
(3115, 'Sadekpur', 347, 1, 1, NULL, NULL, NULL),
(3116, 'Aganagar', 347, 1, 1, NULL, NULL, NULL),
(3117, 'Shimulkandi', 347, 1, 1, NULL, NULL, NULL),
(3118, 'Gajaria', 347, 1, 1, NULL, NULL, NULL),
(3119, 'Kalika Prashad', 347, 1, 1, NULL, NULL, NULL),
(3120, 'Sreenagar', 347, 1, 1, NULL, NULL, NULL),
(3121, 'Shibpur', 347, 1, 1, NULL, NULL, NULL),
(3122, 'Taljanga', 348, 1, 1, NULL, NULL, NULL),
(3123, 'Rauti', 348, 1, 1, NULL, NULL, NULL),
(3124, 'Dhola', 348, 1, 1, NULL, NULL, NULL),
(3125, 'Jawar', 348, 1, 1, NULL, NULL, NULL),
(3126, 'Damiha', 348, 1, 1, NULL, NULL, NULL),
(3127, 'Digdair', 348, 1, 1, NULL, NULL, NULL),
(3128, 'Tarail-Sachail', 348, 1, 1, NULL, NULL, NULL),
(3129, 'Jinari', 349, 1, 1, NULL, NULL, NULL),
(3130, 'Gobindapur', 349, 1, 1, NULL, NULL, NULL),
(3131, 'Sidhla', 349, 1, 1, NULL, NULL, NULL),
(3132, 'Araibaria', 349, 1, 1, NULL, NULL, NULL),
(3133, 'Sahedal', 349, 1, 1, NULL, NULL, NULL),
(3134, 'Pumdi', 349, 1, 1, NULL, NULL, NULL),
(3135, 'Jangalia', 350, 1, 1, NULL, NULL, NULL),
(3136, 'Hosendi', 350, 1, 1, NULL, NULL, NULL),
(3137, 'Narandi', 350, 1, 1, NULL, NULL, NULL),
(3138, 'Shukhia', 350, 1, 1, NULL, NULL, NULL),
(3139, 'Patuavabga', 350, 1, 1, NULL, NULL, NULL),
(3140, 'Chandipasha', 350, 1, 1, NULL, NULL, NULL),
(3141, 'Charfaradi', 350, 1, 1, NULL, NULL, NULL),
(3142, 'Burudia', 350, 1, 1, NULL, NULL, NULL),
(3143, 'Egarasindur', 350, 1, 1, NULL, NULL, NULL),
(3144, 'Pakundia', 350, 1, 1, NULL, NULL, NULL),
(3145, 'Ramdi', 351, 1, 1, NULL, NULL, NULL),
(3146, 'Osmanpur', 351, 1, 1, NULL, NULL, NULL),
(3147, 'Chhaysuti', 351, 1, 1, NULL, NULL, NULL),
(3148, 'Salua', 351, 1, 1, NULL, NULL, NULL),
(3149, 'Gobaria Abdullahpur', 351, 1, 1, NULL, NULL, NULL),
(3150, 'Faridpur', 351, 1, 1, NULL, NULL, NULL),
(3151, 'Rashidabad', 352, 1, 1, NULL, NULL, NULL),
(3152, 'Latibabad', 352, 1, 1, NULL, NULL, NULL),
(3153, 'Maizkhapan', 352, 1, 1, NULL, NULL, NULL),
(3154, 'Mohinanda', 352, 1, 1, NULL, NULL, NULL),
(3155, 'Joshodal', 352, 1, 1, NULL, NULL, NULL),
(3156, 'Bowlai', 352, 1, 1, NULL, NULL, NULL),
(3157, 'Binnati', 352, 1, 1, NULL, NULL, NULL),
(3158, 'Maria', 352, 1, 1, NULL, NULL, NULL),
(3159, 'Chowddoshata', 352, 1, 1, NULL, NULL, NULL),
(3160, 'Karshakarial', 352, 1, 1, NULL, NULL, NULL),
(3161, 'Danapatuli', 352, 1, 1, NULL, NULL, NULL),
(3162, 'Kadirjangal', 353, 1, 1, NULL, NULL, NULL),
(3163, 'Gujadia', 353, 1, 1, NULL, NULL, NULL),
(3164, 'Kiraton', 353, 1, 1, NULL, NULL, NULL),
(3165, 'Barogharia', 353, 1, 1, NULL, NULL, NULL),
(3166, 'Niamatpur', 353, 1, 1, NULL, NULL, NULL),
(3167, 'Dehunda', 353, 1, 1, NULL, NULL, NULL),
(3168, 'Sutarpara', 353, 1, 1, NULL, NULL, NULL),
(3169, 'Gunodhar', 353, 1, 1, NULL, NULL, NULL),
(3170, 'Joyka', 353, 1, 1, NULL, NULL, NULL);
INSERT INTO `unions` (`id`, `name`, `upa_zillas_id`, `business_id`, `users_id`, `deleted_at`, `created_at`, `updated_at`) VALUES
(3171, 'Zafrabad', 353, 1, 1, NULL, NULL, NULL),
(3172, 'Noabad', 353, 1, 1, NULL, NULL, NULL),
(3173, 'Kailag', 354, 1, 1, NULL, NULL, NULL),
(3174, 'Pirijpur', 354, 1, 1, NULL, NULL, NULL),
(3175, 'Gazirchar', 354, 1, 1, NULL, NULL, NULL),
(3176, 'Hilochia', 354, 1, 1, NULL, NULL, NULL),
(3177, 'Maijchar9', 354, 1, 1, NULL, NULL, NULL),
(3178, 'Homypur', 354, 1, 1, NULL, NULL, NULL),
(3179, 'Halimpur', 354, 1, 1, NULL, NULL, NULL),
(3180, 'Sararchar', 354, 1, 1, NULL, NULL, NULL),
(3181, 'Dilalpur', 354, 1, 1, NULL, NULL, NULL),
(3182, 'Dighirpar', 354, 1, 1, NULL, NULL, NULL),
(3183, 'Boliardi', 354, 1, 1, NULL, NULL, NULL),
(3184, 'Dewghar', 355, 1, 1, NULL, NULL, NULL),
(3185, 'Kastul', 355, 1, 1, NULL, NULL, NULL),
(3186, 'Austagram Sadar', 355, 1, 1, NULL, NULL, NULL),
(3187, 'Bangalpara', 355, 1, 1, NULL, NULL, NULL),
(3188, 'Kalma', 355, 1, 1, NULL, NULL, NULL),
(3189, 'Adampur', 355, 1, 1, NULL, NULL, NULL),
(3190, 'Khyerpur-Abdullahpur', 355, 1, 1, NULL, NULL, NULL),
(3191, 'Purba Austagram', 355, 1, 1, NULL, NULL, NULL),
(3192, 'Gopdighi', 356, 1, 1, NULL, NULL, NULL),
(3193, 'Mithamoin', 356, 1, 1, NULL, NULL, NULL),
(3194, 'Dhaki', 356, 1, 1, NULL, NULL, NULL),
(3195, 'Ghagra', 356, 1, 1, NULL, NULL, NULL),
(3196, 'Keoarjore', 356, 1, 1, NULL, NULL, NULL),
(3197, 'Katkhal', 356, 1, 1, NULL, NULL, NULL),
(3198, 'Bairati', 356, 1, 1, NULL, NULL, NULL),
(3199, 'Chatirchar', 357, 1, 1, NULL, NULL, NULL),
(3200, 'Guroi', 357, 1, 1, NULL, NULL, NULL),
(3201, 'Jaraitala', 357, 1, 1, NULL, NULL, NULL),
(3202, 'Nikli Sadar', 357, 1, 1, NULL, NULL, NULL),
(3203, 'Karpasa', 357, 1, 1, NULL, NULL, NULL),
(3204, 'Dampara', 357, 1, 1, NULL, NULL, NULL),
(3205, 'Singpur', 357, 1, 1, NULL, NULL, NULL),
(3206, 'Balla', 358, 1, 1, NULL, NULL, NULL),
(3207, 'Gala', 358, 1, 1, NULL, NULL, NULL),
(3208, 'Chala', 358, 1, 1, NULL, NULL, NULL),
(3209, 'Blara', 358, 1, 1, NULL, NULL, NULL),
(3210, 'Harukandi', 358, 1, 1, NULL, NULL, NULL),
(3211, 'Baira', 358, 1, 1, NULL, NULL, NULL),
(3212, 'Ramkrishnapur', 358, 1, 1, NULL, NULL, NULL),
(3213, 'Gopinathpur', 358, 1, 1, NULL, NULL, NULL),
(3214, 'Kanchanpur', 358, 1, 1, NULL, NULL, NULL),
(3215, 'Lacharagonj', 358, 1, 1, NULL, NULL, NULL),
(3216, 'Sutalorie', 358, 1, 1, NULL, NULL, NULL),
(3217, 'Dhulsura', 358, 1, 1, NULL, NULL, NULL),
(3218, 'Azimnagar', 358, 1, 1, NULL, NULL, NULL),
(3219, 'Baried', 359, 1, 1, NULL, NULL, NULL),
(3220, 'Dighulia', 359, 1, 1, NULL, NULL, NULL),
(3221, 'Baliyati', 359, 1, 1, NULL, NULL, NULL),
(3222, 'Dargram', 359, 1, 1, NULL, NULL, NULL),
(3223, 'Tilli', 359, 1, 1, NULL, NULL, NULL),
(3224, 'Hargaj', 359, 1, 1, NULL, NULL, NULL),
(3225, 'Saturia', 359, 1, 1, NULL, NULL, NULL),
(3226, 'Dhankora', 359, 1, 1, NULL, NULL, NULL),
(3227, 'Fukurhati', 359, 1, 1, NULL, NULL, NULL),
(3228, 'Betila-Mitara', 360, 1, 1, NULL, NULL, NULL),
(3229, 'Jagir', 360, 1, 1, NULL, NULL, NULL),
(3230, 'Atigram', 360, 1, 1, NULL, NULL, NULL),
(3231, 'Dighi', 360, 1, 1, NULL, NULL, NULL),
(3232, 'Putile', 360, 1, 1, NULL, NULL, NULL),
(3233, 'Hatipara', 360, 1, 1, NULL, NULL, NULL),
(3234, 'Vararia', 360, 1, 1, NULL, NULL, NULL),
(3235, 'Nbogram', 360, 1, 1, NULL, NULL, NULL),
(3236, 'Garpara', 360, 1, 1, NULL, NULL, NULL),
(3237, 'Krishnapur', 360, 1, 1, NULL, NULL, NULL),
(3238, 'Paila', 361, 1, 1, NULL, NULL, NULL),
(3239, 'Shingzuri', 361, 1, 1, NULL, NULL, NULL),
(3240, 'Baliyakhora', 361, 1, 1, NULL, NULL, NULL),
(3241, 'Gior', 361, 1, 1, NULL, NULL, NULL),
(3242, 'Bartia', 361, 1, 1, NULL, NULL, NULL),
(3243, 'Baniazuri', 361, 1, 1, NULL, NULL, NULL),
(3244, 'Nalee', 361, 1, 1, NULL, NULL, NULL),
(3245, 'Teota', 362, 1, 1, NULL, NULL, NULL),
(3246, 'Utholi', 362, 1, 1, NULL, NULL, NULL),
(3247, 'Shibaloy', 362, 1, 1, NULL, NULL, NULL),
(3248, 'Ulayel', 362, 1, 1, NULL, NULL, NULL),
(3249, 'Aruoa', 362, 1, 1, NULL, NULL, NULL),
(3250, 'Mohadebpur', 362, 1, 1, NULL, NULL, NULL),
(3251, 'Shimulia', 362, 1, 1, NULL, NULL, NULL),
(3252, 'Charkataree', 363, 1, 1, NULL, NULL, NULL),
(3253, 'Bachamara', 363, 1, 1, NULL, NULL, NULL),
(3254, 'Baghutia', 363, 1, 1, NULL, NULL, NULL),
(3255, 'Zionpur', 363, 1, 1, NULL, NULL, NULL),
(3256, 'Khalshi', 363, 1, 1, NULL, NULL, NULL),
(3257, 'Chakmirpur', 363, 1, 1, NULL, NULL, NULL),
(3258, 'Klia', 363, 1, 1, NULL, NULL, NULL),
(3259, 'Dhamswar', 363, 1, 1, NULL, NULL, NULL),
(3260, 'Buyra', 364, 1, 1, NULL, NULL, NULL),
(3261, 'Talebpur', 364, 1, 1, NULL, NULL, NULL),
(3262, 'Singiar', 364, 1, 1, NULL, NULL, NULL),
(3263, 'Baldhara', 364, 1, 1, NULL, NULL, NULL),
(3264, 'Zamsha', 364, 1, 1, NULL, NULL, NULL),
(3265, 'Charigram', 364, 1, 1, NULL, NULL, NULL),
(3266, 'Shayesta', 364, 1, 1, NULL, NULL, NULL),
(3267, 'Joymonto', 364, 1, 1, NULL, NULL, NULL),
(3268, 'Dhalla', 364, 1, 1, NULL, NULL, NULL),
(3269, 'Jamirta', 364, 1, 1, NULL, NULL, NULL),
(3270, 'Chandhar', 364, 1, 1, NULL, NULL, NULL),
(3271, 'Savar', 365, 1, 1, NULL, NULL, NULL),
(3272, 'Birulia', 365, 1, 1, NULL, NULL, NULL),
(3273, 'Dhamsona', 365, 1, 1, NULL, NULL, NULL),
(3274, 'Shimulia', 365, 1, 1, NULL, NULL, NULL),
(3275, 'Ashulia', 365, 1, 1, NULL, NULL, NULL),
(3276, 'Yearpur', 365, 1, 1, NULL, NULL, NULL),
(3277, 'Vakurta', 365, 1, 1, NULL, NULL, NULL),
(3278, 'Pathalia', 365, 1, 1, NULL, NULL, NULL),
(3279, 'Bongaon', 365, 1, 1, NULL, NULL, NULL),
(3280, 'Kaundia', 365, 1, 1, NULL, NULL, NULL),
(3281, 'Tetuljhora', 365, 1, 1, NULL, NULL, NULL),
(3282, 'Aminbazar', 365, 1, 1, NULL, NULL, NULL),
(3283, 'Chauhat', 366, 1, 1, NULL, NULL, NULL),
(3284, 'Amta', 366, 1, 1, NULL, NULL, NULL),
(3285, 'Balia', 366, 1, 1, NULL, NULL, NULL),
(3286, 'Jadabpur', 366, 1, 1, NULL, NULL, NULL),
(3287, 'Baisakanda', 366, 1, 1, NULL, NULL, NULL),
(3288, 'Kushura', 366, 1, 1, NULL, NULL, NULL),
(3289, 'Gangutia', 366, 1, 1, NULL, NULL, NULL),
(3290, 'Sanora', 366, 1, 1, NULL, NULL, NULL),
(3291, 'Sutipara', 366, 1, 1, NULL, NULL, NULL),
(3292, 'Sombhag', 366, 1, 1, NULL, NULL, NULL),
(3293, 'Vararia', 366, 1, 1, NULL, NULL, NULL),
(3294, 'Dhamrai', 366, 1, 1, NULL, NULL, NULL),
(3295, 'Kulla', 366, 1, 1, NULL, NULL, NULL),
(3296, 'Rowail', 366, 1, 1, NULL, NULL, NULL),
(3297, 'Suapur', 366, 1, 1, NULL, NULL, NULL),
(3298, 'Nannar', 366, 1, 1, NULL, NULL, NULL),
(3299, 'Hazratpur', 367, 1, 1, NULL, NULL, NULL),
(3300, 'Kalatia', 367, 1, 1, NULL, NULL, NULL),
(3301, 'Taranagar', 367, 1, 1, NULL, NULL, NULL),
(3302, 'Sakta', 367, 1, 1, NULL, NULL, NULL),
(3303, 'Ruhitpur', 367, 1, 1, NULL, NULL, NULL),
(3304, 'Basta', 367, 1, 1, NULL, NULL, NULL),
(3305, 'Kalindi', 367, 1, 1, NULL, NULL, NULL),
(3306, 'Zinzira', 367, 1, 1, NULL, NULL, NULL),
(3307, 'Suvadda', 367, 1, 1, NULL, NULL, NULL),
(3308, 'Taghoria', 367, 1, 1, NULL, NULL, NULL),
(3309, 'Konda', 367, 1, 1, NULL, NULL, NULL),
(3310, 'Aganagar', 367, 1, 1, NULL, NULL, NULL),
(3311, 'Shikaripara', 368, 1, 1, NULL, NULL, NULL),
(3312, 'Joykrishnapur', 368, 1, 1, NULL, NULL, NULL),
(3313, 'Baruakhali', 368, 1, 1, NULL, NULL, NULL),
(3314, 'Nayansree', 368, 1, 1, NULL, NULL, NULL),
(3315, 'Sholla', 368, 1, 1, NULL, NULL, NULL),
(3316, 'Jantrail', 368, 1, 1, NULL, NULL, NULL),
(3317, 'Bandura', 368, 1, 1, NULL, NULL, NULL),
(3318, 'Kalakopa', 368, 1, 1, NULL, NULL, NULL),
(3319, 'Bakshanagar', 368, 1, 1, NULL, NULL, NULL),
(3320, 'Barrah', 368, 1, 1, NULL, NULL, NULL),
(3321, 'Kailail', 368, 1, 1, NULL, NULL, NULL),
(3322, 'Agla', 368, 1, 1, NULL, NULL, NULL),
(3323, 'Galimpur', 368, 1, 1, NULL, NULL, NULL),
(3324, 'Churain', 368, 1, 1, NULL, NULL, NULL),
(3325, 'Nayabari', 369, 1, 1, NULL, NULL, NULL),
(3326, 'Kusumhathi', 369, 1, 1, NULL, NULL, NULL),
(3327, 'Raipara', 369, 1, 1, NULL, NULL, NULL),
(3328, 'Sutarpara', 369, 1, 1, NULL, NULL, NULL),
(3329, 'Narisha', 369, 1, 1, NULL, NULL, NULL),
(3330, 'Muksudpur', 369, 1, 1, NULL, NULL, NULL),
(3331, 'Mahmudpur', 369, 1, 1, NULL, NULL, NULL),
(3332, 'Bilaspur', 369, 1, 1, NULL, NULL, NULL),
(3333, 'Rampal', 370, 1, 1, NULL, NULL, NULL),
(3334, 'Panchashar', 370, 1, 1, NULL, NULL, NULL),
(3335, 'Bajrajogini', 370, 1, 1, NULL, NULL, NULL),
(3336, 'Mohakali', 370, 1, 1, NULL, NULL, NULL),
(3337, 'Charkewar', 370, 1, 1, NULL, NULL, NULL),
(3338, 'Mollakandi', 370, 1, 1, NULL, NULL, NULL),
(3339, 'Adhara', 370, 1, 1, NULL, NULL, NULL),
(3340, 'Shiloy', 370, 1, 1, NULL, NULL, NULL),
(3341, 'Banglabazar', 370, 1, 1, NULL, NULL, NULL),
(3342, 'Baraikhali', 371, 1, 1, NULL, NULL, NULL),
(3343, 'Hashara', 371, 1, 1, NULL, NULL, NULL),
(3344, 'Birtara', 371, 1, 1, NULL, NULL, NULL),
(3345, 'Shologhor', 371, 1, 1, NULL, NULL, NULL),
(3346, 'Sreenagar', 371, 1, 1, NULL, NULL, NULL),
(3347, 'Patabhog', 371, 1, 1, NULL, NULL, NULL),
(3348, 'Shamshiddi', 371, 1, 1, NULL, NULL, NULL),
(3349, 'Kolapara', 371, 1, 1, NULL, NULL, NULL),
(3350, 'Vaggakol', 371, 1, 1, NULL, NULL, NULL),
(3351, 'Bagra', 371, 1, 1, NULL, NULL, NULL),
(3352, 'Rarikhal', 371, 1, 1, NULL, NULL, NULL),
(3353, 'Kukutia', 371, 1, 1, NULL, NULL, NULL),
(3354, 'Atpara', 371, 1, 1, NULL, NULL, NULL),
(3355, 'Tantor', 371, 1, 1, NULL, NULL, NULL),
(3356, 'Chitracoat', 372, 1, 1, NULL, NULL, NULL),
(3357, 'Sekhornagar', 372, 1, 1, NULL, NULL, NULL),
(3358, 'Rajanagar', 372, 1, 1, NULL, NULL, NULL),
(3359, 'Keyain', 372, 1, 1, NULL, NULL, NULL),
(3360, 'Basail', 372, 1, 1, NULL, NULL, NULL),
(3361, 'Baluchar', 372, 1, 1, NULL, NULL, NULL),
(3362, 'Latabdi', 372, 1, 1, NULL, NULL, NULL),
(3363, 'Rasunia', 372, 1, 1, NULL, NULL, NULL),
(3364, 'Ichhapura', 372, 1, 1, NULL, NULL, NULL),
(3365, 'Bairagadi', 372, 1, 1, NULL, NULL, NULL),
(3366, 'Malkhanagar', 372, 1, 1, NULL, NULL, NULL),
(3367, 'Madhypara', 372, 1, 1, NULL, NULL, NULL),
(3368, 'Kola', 372, 1, 1, NULL, NULL, NULL),
(3369, 'Joyinshar', 372, 1, 1, NULL, NULL, NULL),
(3370, 'Medinimandal', 373, 1, 1, NULL, NULL, NULL),
(3371, 'Kumarbhog', 373, 1, 1, NULL, NULL, NULL),
(3372, 'Haldia', 373, 1, 1, NULL, NULL, NULL),
(3373, 'Kanaksar', 373, 1, 1, NULL, NULL, NULL),
(3374, 'Lohajang-Teotia', 373, 1, 1, NULL, NULL, NULL),
(3375, 'Bejgaon', 373, 1, 1, NULL, NULL, NULL),
(3376, 'Baultoli', 373, 1, 1, NULL, NULL, NULL),
(3377, 'Khidirpara', 373, 1, 1, NULL, NULL, NULL),
(3378, 'Gaodia', 373, 1, 1, NULL, NULL, NULL),
(3379, 'Kalma', 373, 1, 1, NULL, NULL, NULL),
(3380, 'Gajaria', 374, 1, 1, NULL, NULL, NULL),
(3381, 'Baushia', 374, 1, 1, NULL, NULL, NULL),
(3382, 'Vaberchar', 374, 1, 1, NULL, NULL, NULL),
(3383, 'Baluakandi', 374, 1, 1, NULL, NULL, NULL),
(3384, 'Tengarchar', 374, 1, 1, NULL, NULL, NULL),
(3385, 'Hosendee', 374, 1, 1, NULL, NULL, NULL),
(3386, 'Guagachia', 374, 1, 1, NULL, NULL, NULL),
(3387, 'Imampur', 374, 1, 1, NULL, NULL, NULL),
(3388, 'Betka', 375, 1, 1, NULL, NULL, NULL),
(3389, 'Abdullapur', 375, 1, 1, NULL, NULL, NULL),
(3390, 'Sonarong Tongibari', 375, 1, 1, NULL, NULL, NULL),
(3391, 'Autshahi', 375, 1, 1, NULL, NULL, NULL),
(3392, 'Arial Baligaon', 375, 1, 1, NULL, NULL, NULL),
(3393, 'Dhipur', 375, 1, 1, NULL, NULL, NULL),
(3394, 'Kathadia Shimolia', 375, 1, 1, NULL, NULL, NULL),
(3395, 'Joslong', 375, 1, 1, NULL, NULL, NULL),
(3396, 'Panchgaon', 375, 1, 1, NULL, NULL, NULL),
(3397, 'Kamarkhara', 375, 1, 1, NULL, NULL, NULL),
(3398, 'Hasailbanari', 375, 1, 1, NULL, NULL, NULL),
(3399, 'Dighirpar', 375, 1, 1, NULL, NULL, NULL),
(3400, 'Mijanpur', 376, 1, 1, NULL, NULL, NULL),
(3401, 'Borat', 376, 1, 1, NULL, NULL, NULL),
(3402, 'Chandoni', 376, 1, 1, NULL, NULL, NULL),
(3403, 'Khangonj', 376, 1, 1, NULL, NULL, NULL),
(3404, 'Banibaha', 376, 1, 1, NULL, NULL, NULL),
(3405, 'Dadshee', 376, 1, 1, NULL, NULL, NULL),
(3406, 'Mulghar', 376, 1, 1, NULL, NULL, NULL),
(3407, 'Basantapur', 376, 1, 1, NULL, NULL, NULL),
(3408, 'Khankhanapur', 376, 1, 1, NULL, NULL, NULL),
(3409, 'Alipur', 376, 1, 1, NULL, NULL, NULL),
(3410, 'Ramkantapur', 376, 1, 1, NULL, NULL, NULL),
(3411, 'Shahidwahabpur', 376, 1, 1, NULL, NULL, NULL),
(3412, 'Panchuria', 376, 1, 1, NULL, NULL, NULL),
(3413, 'Sultanpur', 376, 1, 1, NULL, NULL, NULL),
(3414, 'Doulatdia', 377, 1, 1, NULL, NULL, NULL),
(3415, 'Debugram', 377, 1, 1, NULL, NULL, NULL),
(3416, 'Uzancar', 377, 1, 1, NULL, NULL, NULL),
(3417, 'Chotovakla', 377, 1, 1, NULL, NULL, NULL),
(3418, 'Bahadurpur', 378, 1, 1, NULL, NULL, NULL),
(3419, 'Habashpur', 378, 1, 1, NULL, NULL, NULL),
(3420, 'Jashai', 378, 1, 1, NULL, NULL, NULL),
(3421, 'Babupara', 378, 1, 1, NULL, NULL, NULL),
(3422, 'Mourat', 378, 1, 1, NULL, NULL, NULL),
(3423, 'Patta', 378, 1, 1, NULL, NULL, NULL),
(3424, 'Sarisha', 378, 1, 1, NULL, NULL, NULL),
(3425, 'Kalimahar', 378, 1, 1, NULL, NULL, NULL),
(3426, 'Kasbamajhail', 378, 1, 1, NULL, NULL, NULL),
(3427, 'Machhpara', 378, 1, 1, NULL, NULL, NULL),
(3428, 'Islampur', 379, 1, 1, NULL, NULL, NULL),
(3429, 'Baharpur', 379, 1, 1, NULL, NULL, NULL),
(3430, 'Nawabpur', 379, 1, 1, NULL, NULL, NULL),
(3431, 'Narua', 379, 1, 1, NULL, NULL, NULL),
(3432, 'Baliakandi', 379, 1, 1, NULL, NULL, NULL),
(3433, 'Janjal', 379, 1, 1, NULL, NULL, NULL),
(3434, 'Jamalpur', 379, 1, 1, NULL, NULL, NULL),
(3435, 'Kalukhali', 380, 1, 1, NULL, NULL, NULL),
(3436, 'Ratandia', 380, 1, 1, NULL, NULL, NULL),
(3437, 'Kalikapur', 380, 1, 1, NULL, NULL, NULL),
(3438, 'Boalia', 380, 1, 1, NULL, NULL, NULL),
(3439, 'Majbari', 380, 1, 1, NULL, NULL, NULL),
(3440, 'Madapur', 380, 1, 1, NULL, NULL, NULL),
(3441, 'Shawrail', 380, 1, 1, NULL, NULL, NULL),
(3442, 'Mrigi', 380, 1, 1, NULL, NULL, NULL),
(3443, 'Sirkhara', 381, 1, 1, NULL, NULL, NULL),
(3444, 'Bahadurpur', 381, 1, 1, NULL, NULL, NULL),
(3445, 'Kunia', 381, 1, 1, NULL, NULL, NULL),
(3446, 'Peyarpur', 381, 1, 1, NULL, NULL, NULL),
(3447, 'Kandua', 381, 1, 1, NULL, NULL, NULL),
(3448, 'Mastofapur', 381, 1, 1, NULL, NULL, NULL),
(3449, 'Dudkhali', 381, 1, 1, NULL, NULL, NULL),
(3450, 'Kalikapur', 381, 1, 1, NULL, NULL, NULL),
(3451, 'Chilarchar', 381, 1, 1, NULL, NULL, NULL),
(3452, 'Panchkhola', 381, 1, 1, NULL, NULL, NULL),
(3453, 'Ghatmajhi', 381, 1, 1, NULL, NULL, NULL),
(3454, 'Jhaoudi', 381, 1, 1, NULL, NULL, NULL),
(3455, 'Khoajpur', 381, 1, 1, NULL, NULL, NULL),
(3456, 'Rasti', 381, 1, 1, NULL, NULL, NULL),
(3457, 'Dhurail', 381, 1, 1, NULL, NULL, NULL),
(3458, 'Shibchar', 382, 1, 1, NULL, NULL, NULL),
(3459, 'Ditiyakhando', 382, 1, 1, NULL, NULL, NULL),
(3460, 'Nilokhe', 382, 1, 1, NULL, NULL, NULL),
(3461, 'Bandarkhola', 382, 1, 1, NULL, NULL, NULL),
(3462, 'Charjanazat', 382, 1, 1, NULL, NULL, NULL),
(3463, 'Madbarerchar', 382, 1, 1, NULL, NULL, NULL),
(3464, 'Panchar', 382, 1, 1, NULL, NULL, NULL),
(3465, 'Sannasirchar', 382, 1, 1, NULL, NULL, NULL),
(3466, 'Kathalbari', 382, 1, 1, NULL, NULL, NULL),
(3467, 'Kutubpur', 382, 1, 1, NULL, NULL, NULL),
(3468, 'Kadirpur', 382, 1, 1, NULL, NULL, NULL),
(3469, 'Vhandarikandi', 382, 1, 1, NULL, NULL, NULL),
(3470, 'Bahertala South', 382, 1, 1, NULL, NULL, NULL),
(3471, 'Baheratala North', 382, 1, 1, NULL, NULL, NULL),
(3472, 'Baskandi', 382, 1, 1, NULL, NULL, NULL),
(3473, 'Umedpur', 382, 1, 1, NULL, NULL, NULL),
(3474, 'Vhadrasion', 382, 1, 1, NULL, NULL, NULL),
(3475, 'Shiruail', 382, 1, 1, NULL, NULL, NULL),
(3476, 'Dattapara', 382, 1, 1, NULL, NULL, NULL),
(3477, 'Alinagar', 383, 1, 1, NULL, NULL, NULL),
(3478, 'Baligram', 383, 1, 1, NULL, NULL, NULL),
(3479, 'Basgari', 383, 1, 1, NULL, NULL, NULL),
(3480, 'Chardoulatkhan', 383, 1, 1, NULL, NULL, NULL),
(3481, 'Dashar', 383, 1, 1, NULL, NULL, NULL),
(3482, 'Enayetnagor', 383, 1, 1, NULL, NULL, NULL),
(3483, 'Gopalpur', 383, 1, 1, NULL, NULL, NULL),
(3484, 'Koyaria', 383, 1, 1, NULL, NULL, NULL),
(3485, 'Kazibakai', 383, 1, 1, NULL, NULL, NULL),
(3486, 'Laxmipur', 383, 1, 1, NULL, NULL, NULL),
(3487, 'Nabogram', 383, 1, 1, NULL, NULL, NULL),
(3488, 'Ramjanpur', 383, 1, 1, NULL, NULL, NULL),
(3489, 'Shahebrampur', 383, 1, 1, NULL, NULL, NULL),
(3490, 'Shikarmongol', 383, 1, 1, NULL, NULL, NULL),
(3491, 'Haridasdi-Mahendrodi', 384, 1, 1, NULL, NULL, NULL),
(3492, 'Kadambari', 384, 1, 1, NULL, NULL, NULL),
(3493, 'Bajitpur', 384, 1, 1, NULL, NULL, NULL),
(3494, 'Amgram', 384, 1, 1, NULL, NULL, NULL),
(3495, 'Rajoir', 384, 1, 1, NULL, NULL, NULL),
(3496, 'Khaliya', 384, 1, 1, NULL, NULL, NULL),
(3497, 'Ishibpur', 384, 1, 1, NULL, NULL, NULL),
(3498, 'Badarpasa', 384, 1, 1, NULL, NULL, NULL),
(3499, 'Kabirajpur', 384, 1, 1, NULL, NULL, NULL),
(3500, 'Hosenpur', 384, 1, 1, NULL, NULL, NULL),
(3501, 'Paikpara', 384, 1, 1, NULL, NULL, NULL),
(3502, 'Jalalabad', 385, 1, 1, NULL, NULL, NULL),
(3503, 'Shuktail', 385, 1, 1, NULL, NULL, NULL),
(3504, 'Chandradighalia', 385, 1, 1, NULL, NULL, NULL),
(3505, 'Gopinathpur', 385, 1, 1, NULL, NULL, NULL),
(3506, 'Paikkandi', 385, 1, 1, NULL, NULL, NULL),
(3507, 'Urfi', 385, 1, 1, NULL, NULL, NULL),
(3508, 'Lotifpur', 385, 1, 1, NULL, NULL, NULL),
(3509, 'Satpar', 385, 1, 1, NULL, NULL, NULL),
(3510, 'Sahapur', 385, 1, 1, NULL, NULL, NULL),
(3511, 'Horidaspur', 385, 1, 1, NULL, NULL, NULL),
(3512, 'Ulpur', 385, 1, 1, NULL, NULL, NULL),
(3513, 'Nizra', 385, 1, 1, NULL, NULL, NULL),
(3514, 'Karpara', 385, 1, 1, NULL, NULL, NULL),
(3515, 'Durgapur', 385, 1, 1, NULL, NULL, NULL),
(3516, 'Kajulia', 385, 1, 1, NULL, NULL, NULL),
(3517, 'Majhigati', 385, 1, 1, NULL, NULL, NULL),
(3518, 'Roghunathpur', 385, 1, 1, NULL, NULL, NULL),
(3519, 'Gobra', 385, 1, 1, NULL, NULL, NULL),
(3520, 'Borashi', 385, 1, 1, NULL, NULL, NULL),
(3521, 'Kati', 385, 1, 1, NULL, NULL, NULL),
(3522, 'Boultali', 385, 1, 1, NULL, NULL, NULL),
(3523, 'Kashiani', 386, 1, 1, NULL, NULL, NULL),
(3524, 'Hatiara', 386, 1, 1, NULL, NULL, NULL),
(3525, 'Fukura', 386, 1, 1, NULL, NULL, NULL),
(3526, 'Rajpat', 386, 1, 1, NULL, NULL, NULL),
(3527, 'Bethuri', 386, 1, 1, NULL, NULL, NULL),
(3528, 'Nijamkandi', 386, 1, 1, NULL, NULL, NULL),
(3529, 'Sajail', 386, 1, 1, NULL, NULL, NULL),
(3530, 'Mamudpur', 386, 1, 1, NULL, NULL, NULL),
(3531, 'Maheshpur', 386, 1, 1, NULL, NULL, NULL),
(3532, 'Orakandia', 386, 1, 1, NULL, NULL, NULL),
(3533, 'Parulia', 386, 1, 1, NULL, NULL, NULL),
(3534, 'Ratail', 386, 1, 1, NULL, NULL, NULL),
(3535, 'Puisur', 386, 1, 1, NULL, NULL, NULL),
(3536, 'Singa', 386, 1, 1, NULL, NULL, NULL),
(3537, 'Kushli', 387, 1, 1, NULL, NULL, NULL),
(3538, 'Gopalpur', 387, 1, 1, NULL, NULL, NULL),
(3539, 'Patgati', 387, 1, 1, NULL, NULL, NULL),
(3540, 'Borni', 387, 1, 1, NULL, NULL, NULL),
(3541, 'Dumaria', 387, 1, 1, NULL, NULL, NULL),
(3542, 'Sadullapur', 388, 1, 1, NULL, NULL, NULL),
(3543, 'Ramshil', 388, 1, 1, NULL, NULL, NULL),
(3544, 'Bandhabari', 388, 1, 1, NULL, NULL, NULL),
(3545, 'Kolabari', 388, 1, 1, NULL, NULL, NULL),
(3546, 'Kushla', 388, 1, 1, NULL, NULL, NULL),
(3547, 'Amtoli', 388, 1, 1, NULL, NULL, NULL),
(3548, 'Pinjuri', 388, 1, 1, NULL, NULL, NULL),
(3549, 'Ghaghor', 388, 1, 1, NULL, NULL, NULL),
(3550, 'Radhaganj', 388, 1, 1, NULL, NULL, NULL),
(3551, 'Hiron', 388, 1, 1, NULL, NULL, NULL),
(3552, 'Kandi', 388, 1, 1, NULL, NULL, NULL),
(3553, 'Ujani', 389, 1, 1, NULL, NULL, NULL),
(3554, 'Nanikhir', 389, 1, 1, NULL, NULL, NULL),
(3555, 'Dignagar', 389, 1, 1, NULL, NULL, NULL),
(3556, 'Poshargati', 389, 1, 1, NULL, NULL, NULL),
(3557, 'Gobindopur', 389, 1, 1, NULL, NULL, NULL),
(3558, 'Khandarpara', 389, 1, 1, NULL, NULL, NULL),
(3559, 'Bohugram', 389, 1, 1, NULL, NULL, NULL),
(3560, 'Banshbaria', 389, 1, 1, NULL, NULL, NULL),
(3561, 'Vabrashur', 389, 1, 1, NULL, NULL, NULL),
(3562, 'Moharajpur', 389, 1, 1, NULL, NULL, NULL),
(3563, 'Batikamari', 389, 1, 1, NULL, NULL, NULL),
(3564, 'Jalirpar', 389, 1, 1, NULL, NULL, NULL),
(3565, 'Raghdi', 389, 1, 1, NULL, NULL, NULL),
(3566, 'Gohala', 389, 1, 1, NULL, NULL, NULL),
(3567, 'Mochna', 389, 1, 1, NULL, NULL, NULL),
(3568, 'Kashalia', 389, 1, 1, NULL, NULL, NULL),
(3569, 'Ishangopalpur', 390, 1, 1, NULL, NULL, NULL),
(3570, 'Charmadbdia', 390, 1, 1, NULL, NULL, NULL),
(3571, 'Aliabad', 390, 1, 1, NULL, NULL, NULL),
(3572, 'Uttarchannel', 390, 1, 1, NULL, NULL, NULL),
(3573, 'Decreerchar', 390, 1, 1, NULL, NULL, NULL),
(3574, 'Majchar', 390, 1, 1, NULL, NULL, NULL),
(3575, 'Krishnanagar', 390, 1, 1, NULL, NULL, NULL),
(3576, 'Ambikapur', 390, 1, 1, NULL, NULL, NULL),
(3577, 'Kanaipur', 390, 1, 1, NULL, NULL, NULL),
(3578, 'Kaijuri', 390, 1, 1, NULL, NULL, NULL),
(3579, 'Greda', 390, 1, 1, NULL, NULL, NULL),
(3580, 'Buraich', 391, 1, 1, NULL, NULL, NULL),
(3581, 'Alfadanga', 391, 1, 1, NULL, NULL, NULL),
(3582, 'Tagarbanda', 391, 1, 1, NULL, NULL, NULL),
(3583, 'Bana', 391, 1, 1, NULL, NULL, NULL),
(3584, 'Panchuria', 391, 1, 1, NULL, NULL, NULL),
(3585, 'Gopalpur', 391, 1, 1, NULL, NULL, NULL),
(3586, 'Boalmari', 392, 1, 1, NULL, NULL, NULL),
(3587, 'Dadpur', 392, 1, 1, NULL, NULL, NULL),
(3588, 'Chatul', 392, 1, 1, NULL, NULL, NULL),
(3589, 'Ghoshpur', 392, 1, 1, NULL, NULL, NULL),
(3590, 'Gunbaha', 392, 1, 1, NULL, NULL, NULL),
(3591, 'Chandpur', 392, 1, 1, NULL, NULL, NULL),
(3592, 'Parameshwardi', 392, 1, 1, NULL, NULL, NULL),
(3593, 'Satair', 392, 1, 1, NULL, NULL, NULL),
(3594, 'Rupapat', 392, 1, 1, NULL, NULL, NULL),
(3595, 'Shekhar', 392, 1, 1, NULL, NULL, NULL),
(3596, 'Moyna', 392, 1, 1, NULL, NULL, NULL),
(3597, 'Char Bisnopur', 393, 1, 1, NULL, NULL, NULL),
(3598, 'Akoter Char', 393, 1, 1, NULL, NULL, NULL),
(3599, 'Char Nasirpur', 393, 1, 1, NULL, NULL, NULL),
(3600, 'Narikel Bariya', 393, 1, 1, NULL, NULL, NULL),
(3601, 'Bhashanchar', 393, 1, 1, NULL, NULL, NULL),
(3602, 'Krishnapur', 393, 1, 1, NULL, NULL, NULL),
(3603, 'Sadarpur', 393, 1, 1, NULL, NULL, NULL),
(3604, 'Char Manair', 393, 1, 1, NULL, NULL, NULL),
(3605, 'Dhaukhali', 393, 1, 1, NULL, NULL, NULL),
(3606, 'Charjashordi', 394, 1, 1, NULL, NULL, NULL),
(3607, 'Purapara', 394, 1, 1, NULL, NULL, NULL),
(3608, 'Laskardia', 394, 1, 1, NULL, NULL, NULL),
(3609, 'Ramnagar', 394, 1, 1, NULL, NULL, NULL),
(3610, 'Kaichail', 394, 1, 1, NULL, NULL, NULL),
(3611, 'Talma', 394, 1, 1, NULL, NULL, NULL),
(3612, 'Fulsuti', 394, 1, 1, NULL, NULL, NULL),
(3613, 'Dangi', 394, 1, 1, NULL, NULL, NULL),
(3614, 'Kodalia Shohidnagar', 394, 1, 1, NULL, NULL, NULL),
(3615, 'Gharua', 395, 1, 1, NULL, NULL, NULL),
(3616, 'Nurullagonj', 395, 1, 1, NULL, NULL, NULL),
(3617, 'Manikdha', 395, 1, 1, NULL, NULL, NULL),
(3618, 'Kawlibera', 395, 1, 1, NULL, NULL, NULL),
(3619, 'Nasirabad', 395, 1, 1, NULL, NULL, NULL),
(3620, 'Tujerpur', 395, 1, 1, NULL, NULL, NULL),
(3621, 'Algi', 395, 1, 1, NULL, NULL, NULL),
(3622, 'Chumurdi', 395, 1, 1, NULL, NULL, NULL),
(3623, 'Kalamridha', 395, 1, 1, NULL, NULL, NULL),
(3624, 'Azimnagor', 395, 1, 1, NULL, NULL, NULL),
(3625, 'Chandra', 395, 1, 1, NULL, NULL, NULL),
(3626, 'Hamirdi', 395, 1, 1, NULL, NULL, NULL),
(3627, 'Gazirtek', 396, 1, 1, NULL, NULL, NULL),
(3628, 'Char Bhadrasan', 396, 1, 1, NULL, NULL, NULL),
(3629, 'Char Harirampur', 396, 1, 1, NULL, NULL, NULL),
(3630, 'Char Jahukanda', 396, 1, 1, NULL, NULL, NULL),
(3631, 'Madhukhali', 397, 1, 1, NULL, NULL, NULL),
(3632, 'Jahapur', 397, 1, 1, NULL, NULL, NULL),
(3633, 'Gazna', 397, 1, 1, NULL, NULL, NULL),
(3634, 'Megchami', 397, 1, 1, NULL, NULL, NULL),
(3635, 'Raipur', 397, 1, 1, NULL, NULL, NULL),
(3636, 'Bagat', 397, 1, 1, NULL, NULL, NULL),
(3637, 'Dumain', 397, 1, 1, NULL, NULL, NULL),
(3638, 'Nowpara', 397, 1, 1, NULL, NULL, NULL),
(3639, 'Kamarkhali', 397, 1, 1, NULL, NULL, NULL),
(3640, 'Bhawal', 398, 1, 1, NULL, NULL, NULL),
(3641, 'Atghar', 398, 1, 1, NULL, NULL, NULL),
(3642, 'Mazadia', 398, 1, 1, NULL, NULL, NULL),
(3643, 'Ballabhdi', 398, 1, 1, NULL, NULL, NULL),
(3644, 'Gatti', 398, 1, 1, NULL, NULL, NULL),
(3645, 'Jadunandi', 398, 1, 1, NULL, NULL, NULL),
(3646, 'Ramkantapur', 398, 1, 1, NULL, NULL, NULL),
(3647, 'Sonapur', 398, 1, 1, NULL, NULL, NULL),
(3648, 'Panchagarh Sadar', 399, 1, 1, NULL, NULL, NULL),
(3649, 'Satmara', 399, 1, 1, NULL, NULL, NULL),
(3650, 'Amarkhana', 399, 1, 1, NULL, NULL, NULL),
(3651, 'Haribhasa', 399, 1, 1, NULL, NULL, NULL),
(3652, 'Chaklahat', 399, 1, 1, NULL, NULL, NULL),
(3653, 'Hafizabad', 399, 1, 1, NULL, NULL, NULL),
(3654, 'Kamat Kajol Dighi', 399, 1, 1, NULL, NULL, NULL),
(3655, 'Dhakkamara', 399, 1, 1, NULL, NULL, NULL),
(3656, 'Magura', 399, 1, 1, NULL, NULL, NULL),
(3657, 'Garinabari', 399, 1, 1, NULL, NULL, NULL),
(3658, 'Chilahati', 400, 1, 1, NULL, NULL, NULL),
(3659, 'Shaldanga', 400, 1, 1, NULL, NULL, NULL),
(3660, 'Debiganj Sadar', 400, 1, 1, NULL, NULL, NULL),
(3661, 'Pamuli', 400, 1, 1, NULL, NULL, NULL),
(3662, 'Sundardighi', 400, 1, 1, NULL, NULL, NULL),
(3663, 'Sonahar Mollikadaha', 400, 1, 1, NULL, NULL, NULL),
(3664, 'Tepriganj', 400, 1, 1, NULL, NULL, NULL),
(3665, 'Dandopal', 400, 1, 1, NULL, NULL, NULL),
(3666, 'Debiduba', 400, 1, 1, NULL, NULL, NULL),
(3667, 'Chengthi Hazra Danga', 400, 1, 1, NULL, NULL, NULL),
(3668, 'Jholaishal Shiri', 401, 1, 1, NULL, NULL, NULL),
(3669, 'Moidandighi', 401, 1, 1, NULL, NULL, NULL),
(3670, 'Banghari', 401, 1, 1, NULL, NULL, NULL),
(3671, 'Kajoldighi Kaligonj', 401, 1, 1, NULL, NULL, NULL),
(3672, 'Boroshoshi', 401, 1, 1, NULL, NULL, NULL),
(3673, 'Chandanbari', 401, 1, 1, NULL, NULL, NULL),
(3674, 'Marea Bamonhat', 401, 1, 1, NULL, NULL, NULL),
(3675, 'Boda', 401, 1, 1, NULL, NULL, NULL),
(3676, 'Sakoa', 401, 1, 1, NULL, NULL, NULL),
(3677, 'Pachpir', 401, 1, 1, NULL, NULL, NULL),
(3678, 'Mirgapur', 402, 1, 1, NULL, NULL, NULL),
(3679, 'Radhanagar', 402, 1, 1, NULL, NULL, NULL),
(3680, 'Toria', 402, 1, 1, NULL, NULL, NULL),
(3681, 'Balarampur', 402, 1, 1, NULL, NULL, NULL),
(3682, 'Alowakhowa', 402, 1, 1, NULL, NULL, NULL),
(3683, 'Dhamor', 402, 1, 1, NULL, NULL, NULL),
(3684, 'Banglabandha', 403, 1, 1, NULL, NULL, NULL),
(3685, 'Bhojoanpur', 403, 1, 1, NULL, NULL, NULL),
(3686, 'Bhojoanpur', 403, 1, 1, NULL, NULL, NULL),
(3687, 'Buraburi', 403, 1, 1, NULL, NULL, NULL),
(3688, 'Debnagar', 403, 1, 1, NULL, NULL, NULL),
(3689, 'Salbahan', 403, 1, 1, NULL, NULL, NULL),
(3690, 'Tentulia', 403, 1, 1, NULL, NULL, NULL),
(3691, 'Timaihat', 403, 1, 1, NULL, NULL, NULL),
(3692, 'Joypur', 404, 1, 1, NULL, NULL, NULL),
(3693, 'Binodnagar', 404, 1, 1, NULL, NULL, NULL),
(3694, 'Golapgonj', 404, 1, 1, NULL, NULL, NULL),
(3695, 'Shalkhuria', 404, 1, 1, NULL, NULL, NULL),
(3696, 'Putimara', 404, 1, 1, NULL, NULL, NULL),
(3697, 'Bhaduria', 404, 1, 1, NULL, NULL, NULL),
(3698, 'Daudpur', 404, 1, 1, NULL, NULL, NULL),
(3699, 'Mahmudpur', 404, 1, 1, NULL, NULL, NULL),
(3700, 'Kushdaha', 404, 1, 1, NULL, NULL, NULL),
(3701, 'Shibrampur', 405, 1, 1, NULL, NULL, NULL),
(3702, 'Polashbari', 405, 1, 1, NULL, NULL, NULL),
(3703, 'Shatagram', 405, 1, 1, NULL, NULL, NULL),
(3704, 'Paltapur', 405, 1, 1, NULL, NULL, NULL),
(3705, 'Sujalpur', 405, 1, 1, NULL, NULL, NULL),
(3706, 'Nijpara', 405, 1, 1, NULL, NULL, NULL),
(3707, 'Mohammadpur', 405, 1, 1, NULL, NULL, NULL),
(3708, 'Bhognagar', 405, 1, 1, NULL, NULL, NULL),
(3709, 'Sator', 405, 1, 1, NULL, NULL, NULL),
(3710, 'Mohonpur', 405, 1, 1, NULL, NULL, NULL),
(3711, 'Moricha', 405, 1, 1, NULL, NULL, NULL),
(3712, 'Bulakipur', 406, 1, 1, NULL, NULL, NULL),
(3713, 'Palsha', 406, 1, 1, NULL, NULL, NULL),
(3714, 'Singra', 406, 1, 1, NULL, NULL, NULL),
(3715, 'Ghoraghat', 406, 1, 1, NULL, NULL, NULL),
(3716, 'Mukundopur', 407, 1, 1, NULL, NULL, NULL),
(3717, 'Katla', 407, 1, 1, NULL, NULL, NULL),
(3718, 'Khanpur', 407, 1, 1, NULL, NULL, NULL),
(3719, 'Dior', 407, 1, 1, NULL, NULL, NULL),
(3720, 'Binail', 407, 1, 1, NULL, NULL, NULL),
(3721, 'Jatbani', 407, 1, 1, NULL, NULL, NULL),
(3722, 'Poliproyagpur', 407, 1, 1, NULL, NULL, NULL),
(3723, 'Belaichandi', 408, 1, 1, NULL, NULL, NULL),
(3724, 'Monmothopur', 408, 1, 1, NULL, NULL, NULL),
(3725, 'Rampur', 408, 1, 1, NULL, NULL, NULL),
(3726, 'Polashbari', 408, 1, 1, NULL, NULL, NULL),
(3727, 'Chandipur', 408, 1, 1, NULL, NULL, NULL),
(3728, 'Mominpur', 408, 1, 1, NULL, NULL, NULL),
(3729, 'Mostofapur', 408, 1, 1, NULL, NULL, NULL),
(3730, 'Habra', 408, 1, 1, NULL, NULL, NULL),
(3731, 'Hamidpur', 408, 1, 1, NULL, NULL, NULL),
(3732, 'Harirampur', 408, 1, 1, NULL, NULL, NULL),
(3733, 'Nafanagar', 409, 1, 1, NULL, NULL, NULL),
(3734, 'Eshania', 409, 1, 1, NULL, NULL, NULL),
(3735, 'Atgaon', 409, 1, 1, NULL, NULL, NULL),
(3736, 'Shatail', 409, 1, 1, NULL, NULL, NULL),
(3737, 'Rongaon', 409, 1, 1, NULL, NULL, NULL),
(3738, 'Murshidhat', 409, 1, 1, NULL, NULL, NULL),
(3739, 'Dabor', 410, 1, 1, NULL, NULL, NULL),
(3740, 'Rasulpur', 410, 1, 1, NULL, NULL, NULL),
(3741, 'Mukundapur', 410, 1, 1, NULL, NULL, NULL),
(3742, 'Targao', 410, 1, 1, NULL, NULL, NULL),
(3743, 'Ramchandrapur', 410, 1, 1, NULL, NULL, NULL),
(3744, 'Sundarpur', 410, 1, 1, NULL, NULL, NULL),
(3745, 'Aloary', 411, 1, 1, NULL, NULL, NULL),
(3746, 'Aladipur', 411, 1, 1, NULL, NULL, NULL),
(3747, 'Kagihal', 411, 1, 1, NULL, NULL, NULL),
(3748, 'Bethdighi', 411, 1, 1, NULL, NULL, NULL),
(3749, 'Khairbari', 411, 1, 1, NULL, NULL, NULL),
(3750, 'Daulatpur', 411, 1, 1, NULL, NULL, NULL),
(3751, 'Shibnagor', 411, 1, 1, NULL, NULL, NULL),
(3752, 'Chealgazi', 412, 1, 1, NULL, NULL, NULL),
(3753, 'Sundorbon', 412, 1, 1, NULL, NULL, NULL),
(3754, 'Fazilpur', 412, 1, 1, NULL, NULL, NULL),
(3755, 'Shekpura', 412, 1, 1, NULL, NULL, NULL),
(3756, 'Shashora', 412, 1, 1, NULL, NULL, NULL),
(3757, 'Auliapur', 412, 1, 1, NULL, NULL, NULL),
(3758, 'Uthrail', 412, 1, 1, NULL, NULL, NULL),
(3759, 'Sankarpur', 412, 1, 1, NULL, NULL, NULL),
(3760, 'Askorpur', 412, 1, 1, NULL, NULL, NULL),
(3761, 'Kamalpur', 412, 1, 1, NULL, NULL, NULL),
(3762, 'Alihat', 413, 1, 1, NULL, NULL, NULL),
(3763, 'Khattamadobpara', 413, 1, 1, NULL, NULL, NULL),
(3764, 'Boalder', 413, 1, 1, NULL, NULL, NULL),
(3765, 'Alokjhari', 414, 1, 1, NULL, NULL, NULL),
(3766, 'Bherbheri', 414, 1, 1, NULL, NULL, NULL),
(3767, 'Angarpara', 414, 1, 1, NULL, NULL, NULL),
(3768, 'Goaldihi', 414, 1, 1, NULL, NULL, NULL),
(3769, 'Bhabki', 414, 1, 1, NULL, NULL, NULL),
(3770, 'Khamarpara', 414, 1, 1, NULL, NULL, NULL),
(3771, 'Azimpur', 415, 1, 1, NULL, NULL, NULL),
(3772, 'Farakkabad', 415, 1, 1, NULL, NULL, NULL),
(3773, 'Dhamoir', 415, 1, 1, NULL, NULL, NULL),
(3774, 'Shohorgram', 415, 1, 1, NULL, NULL, NULL),
(3775, 'Birol', 415, 1, 1, NULL, NULL, NULL),
(3776, 'Bhandra', 415, 1, 1, NULL, NULL, NULL),
(3777, 'Bijora', 415, 1, 1, NULL, NULL, NULL),
(3778, 'Dharmapur', 415, 1, 1, NULL, NULL, NULL),
(3779, 'Mongalpur', 415, 1, 1, NULL, NULL, NULL),
(3780, 'Ranipukur', 415, 1, 1, NULL, NULL, NULL),
(3781, 'Rajarampur', 415, 1, 1, NULL, NULL, NULL),
(3782, 'Nashratpur', 416, 1, 1, NULL, NULL, NULL),
(3783, 'Satnala', 416, 1, 1, NULL, NULL, NULL),
(3784, 'Fatejangpur', 416, 1, 1, NULL, NULL, NULL),
(3785, 'Isobpur', 416, 1, 1, NULL, NULL, NULL),
(3786, 'Abdulpur', 416, 1, 1, NULL, NULL, NULL),
(3787, 'Amarpur', 416, 1, 1, NULL, NULL, NULL),
(3788, 'Auliapukur', 416, 1, 1, NULL, NULL, NULL),
(3789, 'Saitara', 416, 1, 1, NULL, NULL, NULL),
(3790, 'Viail', 416, 1, 1, NULL, NULL, NULL),
(3791, 'Punotti', 416, 1, 1, NULL, NULL, NULL),
(3792, 'Tetulia', 416, 1, 1, NULL, NULL, NULL),
(3793, 'Alokdihi', 416, 1, 1, NULL, NULL, NULL),
(3794, 'Rajpur', 417, 1, 1, NULL, NULL, NULL),
(3795, 'Harati', 417, 1, 1, NULL, NULL, NULL),
(3796, 'Mogolhat', 417, 1, 1, NULL, NULL, NULL),
(3797, 'Gokunda', 417, 1, 1, NULL, NULL, NULL),
(3798, 'Barobari', 417, 1, 1, NULL, NULL, NULL),
(3799, 'Kulaghat', 417, 1, 1, NULL, NULL, NULL),
(3800, 'Mohendranagar', 417, 1, 1, NULL, NULL, NULL),
(3801, 'Khuniagachh', 417, 1, 1, NULL, NULL, NULL),
(3802, 'Panchagram', 417, 1, 1, NULL, NULL, NULL),
(3803, 'Bhotmari', 418, 1, 1, NULL, NULL, NULL),
(3804, 'Modati', 418, 1, 1, NULL, NULL, NULL),
(3805, 'Dologram', 418, 1, 1, NULL, NULL, NULL),
(3806, 'Tushbhandar', 418, 1, 1, NULL, NULL, NULL),
(3807, 'Goral', 418, 1, 1, NULL, NULL, NULL),
(3808, 'Chondropur', 418, 1, 1, NULL, NULL, NULL),
(3809, 'Cholbola', 418, 1, 1, NULL, NULL, NULL),
(3810, 'Kakina', 418, 1, 1, NULL, NULL, NULL),
(3811, 'Barokhata', 419, 1, 1, NULL, NULL, NULL),
(3812, 'Goddimari', 419, 1, 1, NULL, NULL, NULL),
(3813, 'Singimari', 419, 1, 1, NULL, NULL, NULL),
(3814, 'Tongvhanga', 419, 1, 1, NULL, NULL, NULL),
(3815, 'Sindurna', 419, 1, 1, NULL, NULL, NULL),
(3816, 'Paticapara', 419, 1, 1, NULL, NULL, NULL),
(3817, 'Nowdabas', 419, 1, 1, NULL, NULL, NULL),
(3818, 'Gotamari', 419, 1, 1, NULL, NULL, NULL),
(3819, 'Vhelaguri', 419, 1, 1, NULL, NULL, NULL),
(3820, 'Shaniajan', 419, 1, 1, NULL, NULL, NULL),
(3821, 'Fakirpara', 419, 1, 1, NULL, NULL, NULL),
(3822, 'Dawabari', 419, 1, 1, NULL, NULL, NULL),
(3823, 'Sreerampur', 420, 1, 1, NULL, NULL, NULL),
(3824, 'Patgram', 420, 1, 1, NULL, NULL, NULL),
(3825, 'Jagatber', 420, 1, 1, NULL, NULL, NULL),
(3826, 'Kuchlibari', 420, 1, 1, NULL, NULL, NULL),
(3827, 'Jongra', 420, 1, 1, NULL, NULL, NULL),
(3828, 'Baura', 420, 1, 1, NULL, NULL, NULL),
(3829, 'Dahagram', 420, 1, 1, NULL, NULL, NULL),
(3830, 'Burimari', 420, 1, 1, NULL, NULL, NULL),
(3831, 'Bhelabari', 421, 1, 1, NULL, NULL, NULL),
(3832, 'Bhadai', 421, 1, 1, NULL, NULL, NULL),
(3833, 'Kamlabari', 421, 1, 1, NULL, NULL, NULL),
(3834, 'Durgapur', 421, 1, 1, NULL, NULL, NULL),
(3835, 'Sarpukur', 421, 1, 1, NULL, NULL, NULL),
(3836, 'Saptibari', 421, 1, 1, NULL, NULL, NULL),
(3837, 'Palashi', 421, 1, 1, NULL, NULL, NULL),
(3838, 'Mohishkhocha', 421, 1, 1, NULL, NULL, NULL),
(3839, 'Kamarpukur', 422, 1, 1, NULL, NULL, NULL),
(3840, 'Kasiram Belpukur', 422, 1, 1, NULL, NULL, NULL),
(3841, 'Bangalipur', 422, 1, 1, NULL, NULL, NULL),
(3842, 'Botlagari', 422, 1, 1, NULL, NULL, NULL),
(3843, 'Khata Madhupur', 422, 1, 1, NULL, NULL, NULL),
(3844, 'Gomnati', 423, 1, 1, NULL, NULL, NULL),
(3845, 'Bhogdaburi', 423, 1, 1, NULL, NULL, NULL),
(3846, 'Ketkibari', 423, 1, 1, NULL, NULL, NULL),
(3847, 'Jorabari', 423, 1, 1, NULL, NULL, NULL),
(3848, 'Bamunia', 423, 1, 1, NULL, NULL, NULL),
(3849, 'Panga Motukpur', 423, 1, 1, NULL, NULL, NULL),
(3850, 'Boragari', 423, 1, 1, NULL, NULL, NULL),
(3851, 'Domar', 423, 1, 1, NULL, NULL, NULL),
(3852, 'Sonaray', 423, 1, 1, NULL, NULL, NULL),
(3853, 'Harinchara', 423, 1, 1, NULL, NULL, NULL),
(3854, 'Paschim Chhatnay', 424, 1, 1, NULL, NULL, NULL),
(3855, 'Balapara', 424, 1, 1, NULL, NULL, NULL),
(3856, 'Dimla Sadar', 424, 1, 1, NULL, NULL, NULL),
(3857, 'Khogakharibari', 424, 1, 1, NULL, NULL, NULL),
(3858, 'Gayabari', 424, 1, 1, NULL, NULL, NULL),
(3859, 'Noutara', 424, 1, 1, NULL, NULL, NULL),
(3860, 'Khalisha Chapani', 424, 1, 1, NULL, NULL, NULL),
(3861, 'Jhunagach Chapani', 424, 1, 1, NULL, NULL, NULL),
(3862, 'Tepa Khribari', 424, 1, 1, NULL, NULL, NULL),
(3863, 'Purba Chhatnay', 424, 1, 1, NULL, NULL, NULL),
(3864, 'Douabari', 425, 1, 1, NULL, NULL, NULL),
(3865, 'Golmunda', 425, 1, 1, NULL, NULL, NULL),
(3866, 'Balagram', 425, 1, 1, NULL, NULL, NULL),
(3867, 'Golna', 425, 1, 1, NULL, NULL, NULL),
(3868, 'Dharmapal', 425, 1, 1, NULL, NULL, NULL),
(3869, 'Simulbari', 425, 1, 1, NULL, NULL, NULL),
(3870, 'Mirganj', 425, 1, 1, NULL, NULL, NULL),
(3871, 'Kathali', 425, 1, 1, NULL, NULL, NULL),
(3872, 'Khutamara', 425, 1, 1, NULL, NULL, NULL),
(3873, 'Shaulmari', 425, 1, 1, NULL, NULL, NULL),
(3874, 'Kaimari', 425, 1, 1, NULL, NULL, NULL),
(3875, 'Barabhita', 426, 1, 1, NULL, NULL, NULL),
(3876, 'Putimari', 426, 1, 1, NULL, NULL, NULL),
(3877, 'Nitai', 426, 1, 1, NULL, NULL, NULL),
(3878, 'Bahagili', 426, 1, 1, NULL, NULL, NULL),
(3879, 'Chandkhana', 426, 1, 1, NULL, NULL, NULL),
(3880, 'Kishoreganj', 426, 1, 1, NULL, NULL, NULL),
(3881, 'Ranachandi', 426, 1, 1, NULL, NULL, NULL),
(3882, 'Garagram', 426, 1, 1, NULL, NULL, NULL),
(3883, 'Magura', 426, 1, 1, NULL, NULL, NULL),
(3884, 'Chaora Bargacha', 427, 1, 1, NULL, NULL, NULL),
(3885, 'Gorgram', 427, 1, 1, NULL, NULL, NULL),
(3886, 'Khoksabari', 427, 1, 1, NULL, NULL, NULL),
(3887, 'Palasbari', 427, 1, 1, NULL, NULL, NULL),
(3888, 'Ramnagar', 427, 1, 1, NULL, NULL, NULL),
(3889, 'Kachukata', 427, 1, 1, NULL, NULL, NULL),
(3890, 'Panchapukur', 427, 1, 1, NULL, NULL, NULL),
(3891, 'Itakhola', 427, 1, 1, NULL, NULL, NULL),
(3892, 'Kundapukur', 427, 1, 1, NULL, NULL, NULL),
(3893, 'Sonaray', 427, 1, 1, NULL, NULL, NULL),
(3894, 'Songalsi', 427, 1, 1, NULL, NULL, NULL),
(3895, 'Charaikhola', 427, 1, 1, NULL, NULL, NULL),
(3896, 'Chapra Sarnjami', 427, 1, 1, NULL, NULL, NULL),
(3897, 'Lakshmicha', 427, 1, 1, NULL, NULL, NULL),
(3898, 'Tupamari', 427, 1, 1, NULL, NULL, NULL),
(3899, 'Rasulpur', 428, 1, 1, NULL, NULL, NULL),
(3900, 'Noldanga', 428, 1, 1, NULL, NULL, NULL),
(3901, 'Damodorpur', 428, 1, 1, NULL, NULL, NULL),
(3902, 'Jamalpur', 428, 1, 1, NULL, NULL, NULL),
(3903, 'Faridpur', 428, 1, 1, NULL, NULL, NULL),
(3904, 'Dhaperhat', 428, 1, 1, NULL, NULL, NULL),
(3905, 'Idilpur', 428, 1, 1, NULL, NULL, NULL),
(3906, 'Vatgram', 428, 1, 1, NULL, NULL, NULL),
(3907, 'Bongram', 428, 1, 1, NULL, NULL, NULL),
(3908, 'Kamarpara', 428, 1, 1, NULL, NULL, NULL),
(3909, 'Khodkomor', 428, 1, 1, NULL, NULL, NULL),
(3910, 'Laxmipur', 429, 1, 1, NULL, NULL, NULL),
(3911, 'Malibari', 429, 1, 1, NULL, NULL, NULL),
(3912, 'Kuptola', 429, 1, 1, NULL, NULL, NULL),
(3913, 'Shahapara', 429, 1, 1, NULL, NULL, NULL),
(3914, 'Ballamjhar', 429, 1, 1, NULL, NULL, NULL),
(3915, 'Ramchandrapur', 429, 1, 1, NULL, NULL, NULL),
(3916, 'Badiakhali', 429, 1, 1, NULL, NULL, NULL),
(3917, 'Boali', 429, 1, 1, NULL, NULL, NULL),
(3918, 'Ghagoa', 429, 1, 1, NULL, NULL, NULL),
(3919, 'Gidari', 429, 1, 1, NULL, NULL, NULL),
(3920, 'Kholahati', 429, 1, 1, NULL, NULL, NULL),
(3921, 'Mollarchar', 429, 1, 1, NULL, NULL, NULL),
(3922, 'Kamarjani', 429, 1, 1, NULL, NULL, NULL),
(3923, 'Kishoregari', 430, 1, 1, NULL, NULL, NULL),
(3924, 'Hosenpur', 430, 1, 1, NULL, NULL, NULL),
(3925, 'Palashbari', 430, 1, 1, NULL, NULL, NULL),
(3926, 'Barisal', 430, 1, 1, NULL, NULL, NULL),
(3927, 'Mohdipur', 430, 1, 1, NULL, NULL, NULL),
(3928, 'Betkapa', 430, 1, 1, NULL, NULL, NULL),
(3929, 'Pobnapur', 430, 1, 1, NULL, NULL, NULL),
(3930, 'Monohorpur', 430, 1, 1, NULL, NULL, NULL),
(3931, 'Harinathpur', 430, 1, 1, NULL, NULL, NULL),
(3932, 'Padumsahar', 431, 1, 1, NULL, NULL, NULL),
(3933, 'Varotkhali', 431, 1, 1, NULL, NULL, NULL),
(3934, 'Saghata', 431, 1, 1, NULL, NULL, NULL),
(3935, 'Muktinagar', 431, 1, 1, NULL, NULL, NULL),
(3936, 'Kachua', 431, 1, 1, NULL, NULL, NULL),
(3937, 'Ghuridah', 431, 1, 1, NULL, NULL, NULL),
(3938, 'Holdia', 431, 1, 1, NULL, NULL, NULL),
(3939, 'Jumarbari', 431, 1, 1, NULL, NULL, NULL),
(3940, 'Kamalerpara', 431, 1, 1, NULL, NULL, NULL),
(3941, 'Bonarpara', 431, 1, 1, NULL, NULL, NULL),
(3942, 'Kamdia', 432, 1, 1, NULL, NULL, NULL),
(3943, 'Katabari', 432, 1, 1, NULL, NULL, NULL),
(3944, 'Shakhahar', 432, 1, 1, NULL, NULL, NULL),
(3945, 'Rajahar', 432, 1, 1, NULL, NULL, NULL),
(3946, 'Sapmara', 432, 1, 1, NULL, NULL, NULL),
(3947, 'Dorbosto', 432, 1, 1, NULL, NULL, NULL),
(3948, 'Talukkanupur', 432, 1, 1, NULL, NULL, NULL),
(3949, 'Nakai', 432, 1, 1, NULL, NULL, NULL),
(3950, 'Harirampur', 432, 1, 1, NULL, NULL, NULL),
(3951, 'Rakhalburuj', 432, 1, 1, NULL, NULL, NULL),
(3952, 'Phulbari', 432, 1, 1, NULL, NULL, NULL),
(3953, 'Gumaniganj', 432, 1, 1, NULL, NULL, NULL),
(3954, 'Kamardoho', 432, 1, 1, NULL, NULL, NULL),
(3955, 'Kochasahar', 432, 1, 1, NULL, NULL, NULL),
(3956, 'Shibpur', 432, 1, 1, NULL, NULL, NULL),
(3957, 'Mahimaganj', 432, 1, 1, NULL, NULL, NULL),
(3958, 'Shalmara', 432, 1, 1, NULL, NULL, NULL),
(3959, 'Bamondanga', 433, 1, 1, NULL, NULL, NULL),
(3960, 'Sonaroy', 433, 1, 1, NULL, NULL, NULL),
(3961, 'Tarapur', 433, 1, 1, NULL, NULL, NULL),
(3962, 'Belka', 433, 1, 1, NULL, NULL, NULL),
(3963, 'Dohbond', 433, 1, 1, NULL, NULL, NULL),
(3964, 'Sorbanondo', 433, 1, 1, NULL, NULL, NULL),
(3965, 'Ramjibon', 433, 1, 1, NULL, NULL, NULL),
(3966, 'Dhopadanga', 433, 1, 1, NULL, NULL, NULL),
(3967, 'Chaporhati', 433, 1, 1, NULL, NULL, NULL),
(3968, 'Shantiram', 433, 1, 1, NULL, NULL, NULL),
(3969, 'Konchibari', 433, 1, 1, NULL, NULL, NULL),
(3970, 'Sreepur', 433, 1, 1, NULL, NULL, NULL),
(3971, 'Chandipur', 433, 1, 1, NULL, NULL, NULL),
(3972, 'Kapasia', 433, 1, 1, NULL, NULL, NULL),
(3973, 'Haripur', 433, 1, 1, NULL, NULL, NULL),
(3974, 'Kanchipara', 434, 1, 1, NULL, NULL, NULL),
(3975, 'Uria', 434, 1, 1, NULL, NULL, NULL),
(3976, 'Udakhali', 434, 1, 1, NULL, NULL, NULL),
(3977, 'Gazaria', 434, 1, 1, NULL, NULL, NULL),
(3978, 'Phulchari', 434, 1, 1, NULL, NULL, NULL),
(3979, 'Erendabari', 434, 1, 1, NULL, NULL, NULL),
(3980, 'Fazlupur', 434, 1, 1, NULL, NULL, NULL),
(3981, 'Ruhea', 435, 1, 1, NULL, NULL, NULL),
(3982, 'Akhanagar', 435, 1, 1, NULL, NULL, NULL),
(3983, 'Ahcha', 435, 1, 1, NULL, NULL, NULL),
(3984, 'Baragaon', 435, 1, 1, NULL, NULL, NULL),
(3985, 'Balia', 435, 1, 1, NULL, NULL, NULL),
(3986, 'Auliapur', 435, 1, 1, NULL, NULL, NULL),
(3987, 'Chilarang', 435, 1, 1, NULL, NULL, NULL),
(3988, 'Rahimanpur', 435, 1, 1, NULL, NULL, NULL),
(3989, 'Roypur', 435, 1, 1, NULL, NULL, NULL),
(3990, 'Jamalpur', 435, 1, 1, NULL, NULL, NULL),
(3991, 'Mohammadpur', 435, 1, 1, NULL, NULL, NULL),
(3992, 'Salandar', 435, 1, 1, NULL, NULL, NULL),
(3993, 'Gareya', 435, 1, 1, NULL, NULL, NULL),
(3994, 'Rajagaon', 435, 1, 1, NULL, NULL, NULL),
(3995, 'Debipur', 435, 1, 1, NULL, NULL, NULL),
(3996, 'Nargun', 435, 1, 1, NULL, NULL, NULL),
(3997, 'Jagannathpur', 435, 1, 1, NULL, NULL, NULL),
(3998, 'Sukhanpukhari', 435, 1, 1, NULL, NULL, NULL),
(3999, 'Begunbari', 435, 1, 1, NULL, NULL, NULL),
(4000, 'Ruhia Pashchim', 435, 1, 1, NULL, NULL, NULL),
(4001, 'Dholarhat', 435, 1, 1, NULL, NULL, NULL),
(4002, 'Bhomradaha', 436, 1, 1, NULL, NULL, NULL),
(4003, 'Kosharaniganj', 436, 1, 1, NULL, NULL, NULL),
(4004, 'Khangaon', 436, 1, 1, NULL, NULL, NULL),
(4005, 'Saidpur', 436, 1, 1, NULL, NULL, NULL),
(4006, 'Pirganj', 436, 1, 1, NULL, NULL, NULL),
(4007, 'Hajipur', 436, 1, 1, NULL, NULL, NULL),
(4008, 'Daulatpur', 436, 1, 1, NULL, NULL, NULL),
(4009, 'Sengaon', 436, 1, 1, NULL, NULL, NULL),
(4010, 'Jabarhat', 436, 1, 1, NULL, NULL, NULL),
(4011, 'Bairchuna', 436, 1, 1, NULL, NULL, NULL),
(4012, 'Dhormogarh', 437, 1, 1, NULL, NULL, NULL),
(4013, 'Nekmorod', 437, 1, 1, NULL, NULL, NULL),
(4014, 'Hosengaon', 437, 1, 1, NULL, NULL, NULL),
(4015, 'Lehemba', 437, 1, 1, NULL, NULL, NULL),
(4016, 'Bachor', 437, 1, 1, NULL, NULL, NULL),
(4017, 'Kashipur', 437, 1, 1, NULL, NULL, NULL),
(4018, 'Ratore', 437, 1, 1, NULL, NULL, NULL),
(4019, 'Nonduar', 437, 1, 1, NULL, NULL, NULL),
(4020, 'Gedura', 438, 1, 1, NULL, NULL, NULL),
(4021, 'Amgaon', 438, 1, 1, NULL, NULL, NULL),
(4022, 'Bakua', 438, 1, 1, NULL, NULL, NULL),
(4023, 'Dangipara', 438, 1, 1, NULL, NULL, NULL),
(4024, 'Haripur', 438, 1, 1, NULL, NULL, NULL),
(4025, 'Bhaturia', 438, 1, 1, NULL, NULL, NULL),
(4026, 'Paria', 439, 1, 1, NULL, NULL, NULL),
(4027, 'Charol', 439, 1, 1, NULL, NULL, NULL),
(4028, 'Dhontola', 439, 1, 1, NULL, NULL, NULL),
(4029, 'Boropalashbari', 439, 1, 1, NULL, NULL, NULL),
(4030, 'Duosuo', 439, 1, 1, NULL, NULL, NULL),
(4031, 'Vanor', 439, 1, 1, NULL, NULL, NULL),
(4032, 'Amjankhore', 439, 1, 1, NULL, NULL, NULL),
(4033, 'Borobari', 439, 1, 1, NULL, NULL, NULL),
(4034, 'Mominpur', 440, 1, 1, NULL, NULL, NULL),
(4035, 'Horidebpur', 440, 1, 1, NULL, NULL, NULL),
(4036, 'Uttam', 440, 1, 1, NULL, NULL, NULL),
(4037, 'Porshuram', 440, 1, 1, NULL, NULL, NULL),
(4038, 'Topodhan', 440, 1, 1, NULL, NULL, NULL),
(4039, 'Satgara', 440, 1, 1, NULL, NULL, NULL),
(4040, 'Rajendrapur', 440, 1, 1, NULL, NULL, NULL),
(4041, 'Sadwapuskoroni', 440, 1, 1, NULL, NULL, NULL),
(4042, 'Chandanpat', 440, 1, 1, NULL, NULL, NULL),
(4043, 'Dorshona', 440, 1, 1, NULL, NULL, NULL),
(4044, 'Tampat', 440, 1, 1, NULL, NULL, NULL),
(4045, 'Betgari', 441, 1, 1, NULL, NULL, NULL),
(4046, 'Kholeya', 441, 1, 1, NULL, NULL, NULL),
(4047, 'Borobil', 441, 1, 1, NULL, NULL, NULL),
(4048, 'Kolcondo', 441, 1, 1, NULL, NULL, NULL),
(4049, 'Gongachora', 441, 1, 1, NULL, NULL, NULL),
(4050, 'Gojoghonta', 441, 1, 1, NULL, NULL, NULL),
(4051, 'Morneya', 441, 1, 1, NULL, NULL, NULL),
(4052, 'Alambiditor', 441, 1, 1, NULL, NULL, NULL),
(4053, 'Lakkhitari', 441, 1, 1, NULL, NULL, NULL),
(4054, 'Nohali', 441, 1, 1, NULL, NULL, NULL),
(4055, 'Kurshatara', 442, 1, 1, NULL, NULL, NULL),
(4056, 'Alampur', 442, 1, 1, NULL, NULL, NULL),
(4057, 'Soyar', 442, 1, 1, NULL, NULL, NULL),
(4058, 'Ikorchali', 442, 1, 1, NULL, NULL, NULL),
(4059, 'Hariarkuthi', 442, 1, 1, NULL, NULL, NULL),
(4060, 'Radhanagar', 443, 1, 1, NULL, NULL, NULL),
(4061, 'Gopinathpur', 443, 1, 1, NULL, NULL, NULL),
(4062, 'Modhupur', 443, 1, 1, NULL, NULL, NULL),
(4063, 'Kutubpur', 443, 1, 1, NULL, NULL, NULL),
(4064, 'Bishnapur', 443, 1, 1, NULL, NULL, NULL),
(4065, 'Kalupara', 443, 1, 1, NULL, NULL, NULL),
(4066, 'Lohanipara', 443, 1, 1, NULL, NULL, NULL),
(4067, 'Gopalpur', 443, 1, 1, NULL, NULL, NULL),
(4068, 'Damodorpur', 443, 1, 1, NULL, NULL, NULL),
(4069, 'Ramnathpurupb', 443, 1, 1, NULL, NULL, NULL),
(4070, 'Khoragach', 444, 1, 1, NULL, NULL, NULL),
(4071, 'Ranipukur', 444, 1, 1, NULL, NULL, NULL),
(4072, 'Payrabond', 444, 1, 1, NULL, NULL, NULL),
(4073, 'Vangni', 444, 1, 1, NULL, NULL, NULL),
(4074, 'Balarhat', 444, 1, 1, NULL, NULL, NULL),
(4075, 'Kafrikhal', 444, 1, 1, NULL, NULL, NULL),
(4076, 'Latibpur', 444, 1, 1, NULL, NULL, NULL),
(4077, 'Chengmari', 444, 1, 1, NULL, NULL, NULL),
(4078, 'Moyenpur', 444, 1, 1, NULL, NULL, NULL),
(4079, 'Baluya Masimpur', 444, 1, 1, NULL, NULL, NULL),
(4080, 'Borobala', 444, 1, 1, NULL, NULL, NULL),
(4081, 'Mirzapur', 444, 1, 1, NULL, NULL, NULL),
(4082, 'Imadpur', 444, 1, 1, NULL, NULL, NULL),
(4083, 'Milonpur', 444, 1, 1, NULL, NULL, NULL),
(4084, 'Mgopalpur', 444, 1, 1, NULL, NULL, NULL),
(4085, 'Durgapur', 444, 1, 1, NULL, NULL, NULL),
(4086, 'Boro Hazratpur', 444, 1, 1, NULL, NULL, NULL),
(4087, 'Chattracol', 445, 1, 1, NULL, NULL, NULL),
(4088, 'Vendabari', 445, 1, 1, NULL, NULL, NULL),
(4089, 'Borodargah', 445, 1, 1, NULL, NULL, NULL),
(4090, 'Kumedpur', 445, 1, 1, NULL, NULL, NULL),
(4091, 'Modankhali', 445, 1, 1, NULL, NULL, NULL),
(4092, 'Tukuria', 445, 1, 1, NULL, NULL, NULL),
(4093, 'Boro Alampur', 445, 1, 1, NULL, NULL, NULL),
(4094, 'Raypur', 445, 1, 1, NULL, NULL, NULL),
(4095, 'Pirgonj', 445, 1, 1, NULL, NULL, NULL),
(4096, 'Shanerhat', 445, 1, 1, NULL, NULL, NULL),
(4097, 'Mithipur', 445, 1, 1, NULL, NULL, NULL),
(4098, 'Ramnathpur', 445, 1, 1, NULL, NULL, NULL),
(4099, 'Chattra', 445, 1, 1, NULL, NULL, NULL),
(4100, 'Kabilpur', 445, 1, 1, NULL, NULL, NULL),
(4101, 'Pachgachi', 445, 1, 1, NULL, NULL, NULL),
(4102, 'Sarai', 446, 1, 1, NULL, NULL, NULL),
(4103, 'Balapara', 446, 1, 1, NULL, NULL, NULL),
(4104, 'Shahidbag', 446, 1, 1, NULL, NULL, NULL),
(4105, 'Haragach', 446, 1, 1, NULL, NULL, NULL),
(4106, 'Tepamodhupur', 446, 1, 1, NULL, NULL, NULL),
(4107, 'Kurshaupk', 446, 1, 1, NULL, NULL, NULL),
(4108, 'Kollyani', 447, 1, 1, NULL, NULL, NULL),
(4109, 'Parul', 447, 1, 1, NULL, NULL, NULL),
(4110, 'Itakumari', 447, 1, 1, NULL, NULL, NULL),
(4111, 'Saula', 447, 1, 1, NULL, NULL, NULL),
(4112, 'Kandi', 447, 1, 1, NULL, NULL, NULL),
(4113, 'Pirgacha', 447, 1, 1, NULL, NULL, NULL),
(4114, 'Annodanagar', 447, 1, 1, NULL, NULL, NULL),
(4115, 'Tambulpur', 447, 1, 1, NULL, NULL, NULL),
(4116, 'Koikuri', 447, 1, 1, NULL, NULL, NULL),
(4117, 'Holokhana', 448, 1, 1, NULL, NULL, NULL),
(4118, 'Ghogadhoh', 448, 1, 1, NULL, NULL, NULL),
(4119, 'Belgacha', 448, 1, 1, NULL, NULL, NULL),
(4120, 'Mogolbasa', 448, 1, 1, NULL, NULL, NULL),
(4121, 'Panchgachi', 448, 1, 1, NULL, NULL, NULL),
(4122, 'Jatrapur', 448, 1, 1, NULL, NULL, NULL),
(4123, 'Kanthalbari', 448, 1, 1, NULL, NULL, NULL),
(4124, 'Bhogdanga', 448, 1, 1, NULL, NULL, NULL),
(4125, 'Ramkhana', 449, 1, 1, NULL, NULL, NULL),
(4126, 'Raigonj', 449, 1, 1, NULL, NULL, NULL),
(4127, 'Bamondanga', 449, 1, 1, NULL, NULL, NULL),
(4128, 'Berubari', 449, 1, 1, NULL, NULL, NULL),
(4129, 'Sontaspur', 449, 1, 1, NULL, NULL, NULL),
(4130, 'Hasnabad', 449, 1, 1, NULL, NULL, NULL),
(4131, 'Newyashi', 449, 1, 1, NULL, NULL, NULL),
(4132, 'Bhitorbond', 449, 1, 1, NULL, NULL, NULL),
(4133, 'Kaligonj', 449, 1, 1, NULL, NULL, NULL),
(4134, 'Noonkhawa', 449, 1, 1, NULL, NULL, NULL),
(4135, 'Narayanpur', 449, 1, 1, NULL, NULL, NULL),
(4136, 'Kedar', 449, 1, 1, NULL, NULL, NULL),
(4137, 'Kachakata', 449, 1, 1, NULL, NULL, NULL),
(4138, 'Bollobherkhas', 449, 1, 1, NULL, NULL, NULL),
(4139, 'Pathordubi', 450, 1, 1, NULL, NULL, NULL),
(4140, 'Shilkhuri', 450, 1, 1, NULL, NULL, NULL),
(4141, 'Tilai', 450, 1, 1, NULL, NULL, NULL),
(4142, 'Paikarchara', 450, 1, 1, NULL, NULL, NULL),
(4143, 'Bhurungamari', 450, 1, 1, NULL, NULL, NULL),
(4144, 'Joymonirhat', 450, 1, 1, NULL, NULL, NULL),
(4145, 'Andharirjhar', 450, 1, 1, NULL, NULL, NULL),
(4146, 'Char-Bhurungamari', 450, 1, 1, NULL, NULL, NULL),
(4147, 'Bangasonahat', 450, 1, 1, NULL, NULL, NULL),
(4148, 'Boldia', 450, 1, 1, NULL, NULL, NULL),
(4149, 'Nawdanga', 451, 1, 1, NULL, NULL, NULL),
(4150, 'Shimulbari', 451, 1, 1, NULL, NULL, NULL),
(4151, 'Phulbari', 451, 1, 1, NULL, NULL, NULL),
(4152, 'Baravita', 451, 1, 1, NULL, NULL, NULL),
(4153, 'Bhangamor', 451, 1, 1, NULL, NULL, NULL),
(4154, 'Kashipur', 451, 1, 1, NULL, NULL, NULL),
(4155, 'Chinai', 452, 1, 1, NULL, NULL, NULL),
(4156, 'Rajarhat', 452, 1, 1, NULL, NULL, NULL),
(4157, 'Nazimkhan', 452, 1, 1, NULL, NULL, NULL),
(4158, 'Gharialdanga', 452, 1, 1, NULL, NULL, NULL),
(4159, 'Chakirpashar', 452, 1, 1, NULL, NULL, NULL),
(4160, 'Biddanondo', 452, 1, 1, NULL, NULL, NULL),
(4161, 'Umarmajid', 452, 1, 1, NULL, NULL, NULL),
(4162, 'Daldalia', 453, 1, 1, NULL, NULL, NULL),
(4163, 'Durgapur', 453, 1, 1, NULL, NULL, NULL),
(4164, 'Pandul', 453, 1, 1, NULL, NULL, NULL),
(4165, 'Buraburi', 453, 1, 1, NULL, NULL, NULL),
(4166, 'Dharanibari', 453, 1, 1, NULL, NULL, NULL),
(4167, 'Dhamsreni', 453, 1, 1, NULL, NULL, NULL),
(4168, 'Gunaigas', 453, 1, 1, NULL, NULL, NULL),
(4169, 'Bazra', 453, 1, 1, NULL, NULL, NULL),
(4170, 'Tobockpur', 453, 1, 1, NULL, NULL, NULL),
(4171, 'Hatia', 453, 1, 1, NULL, NULL, NULL),
(4172, 'Begumgonj', 453, 1, 1, NULL, NULL, NULL),
(4173, 'Shahabiar Alga', 453, 1, 1, NULL, NULL, NULL),
(4174, 'Thetrai', 453, 1, 1, NULL, NULL, NULL),
(4175, 'Ranigonj', 454, 1, 1, NULL, NULL, NULL),
(4176, 'Nayarhat', 454, 1, 1, NULL, NULL, NULL),
(4177, 'Thanahat', 454, 1, 1, NULL, NULL, NULL),
(4178, 'Ramna', 454, 1, 1, NULL, NULL, NULL),
(4179, 'Chilmari', 454, 1, 1, NULL, NULL, NULL),
(4180, 'Austomirchar', 454, 1, 1, NULL, NULL, NULL),
(4181, 'Dadevanga', 455, 1, 1, NULL, NULL, NULL),
(4182, 'Shoulemari', 455, 1, 1, NULL, NULL, NULL),
(4183, 'Bondober', 455, 1, 1, NULL, NULL, NULL),
(4184, 'Rowmari', 455, 1, 1, NULL, NULL, NULL),
(4185, 'Jadurchar', 455, 1, 1, NULL, NULL, NULL),
(4186, 'Rajibpur', 456, 1, 1, NULL, NULL, NULL),
(4187, 'Kodalkati', 456, 1, 1, NULL, NULL, NULL),
(4188, 'Mohongonj', 456, 1, 1, NULL, NULL, NULL),
(4189, 'Kamararchor', 457, 1, 1, NULL, NULL, NULL),
(4190, 'Chorsherpur', 457, 1, 1, NULL, NULL, NULL),
(4191, 'Bajitkhila', 457, 1, 1, NULL, NULL, NULL),
(4192, 'Gajir Khamar', 457, 1, 1, NULL, NULL, NULL),
(4193, 'Dhola', 457, 1, 1, NULL, NULL, NULL),
(4194, 'Pakuriya', 457, 1, 1, NULL, NULL, NULL),
(4195, 'Vatshala', 457, 1, 1, NULL, NULL, NULL),
(4196, 'Losmonpur', 457, 1, 1, NULL, NULL, NULL),
(4197, 'Rouha', 457, 1, 1, NULL, NULL, NULL),
(4198, 'Kamariya', 457, 1, 1, NULL, NULL, NULL),
(4199, 'Chor Mochoriya', 457, 1, 1, NULL, NULL, NULL),
(4200, 'Chorpokhimari', 457, 1, 1, NULL, NULL, NULL),
(4201, 'Betmari Ghughurakandi', 457, 1, 1, NULL, NULL, NULL),
(4202, 'Balairchar', 457, 1, 1, NULL, NULL, NULL),
(4203, 'Puraga', 458, 1, 1, NULL, NULL, NULL),
(4204, 'Nonni', 458, 1, 1, NULL, NULL, NULL),
(4205, 'Morichpuran', 458, 1, 1, NULL, NULL, NULL),
(4206, 'Rajnogor', 458, 1, 1, NULL, NULL, NULL),
(4207, 'Nayabil', 458, 1, 1, NULL, NULL, NULL),
(4208, 'Ramchondrokura', 458, 1, 1, NULL, NULL, NULL),
(4209, 'Kakorkandhi', 458, 1, 1, NULL, NULL, NULL),
(4210, 'Nalitabari', 458, 1, 1, NULL, NULL, NULL),
(4211, 'Juganiya', 458, 1, 1, NULL, NULL, NULL),
(4212, 'Bagber', 458, 1, 1, NULL, NULL, NULL),
(4213, 'Koloshpar', 458, 1, 1, NULL, NULL, NULL),
(4214, 'Rupnarayankura', 458, 1, 1, NULL, NULL, NULL),
(4215, 'Ranishimul', 459, 1, 1, NULL, NULL, NULL),
(4216, 'Singabaruna', 459, 1, 1, NULL, NULL, NULL),
(4217, 'Kakilakura', 459, 1, 1, NULL, NULL, NULL),
(4218, 'Tatihati', 459, 1, 1, NULL, NULL, NULL),
(4219, 'Gosaipur', 459, 1, 1, NULL, NULL, NULL),
(4220, 'Sreebordi', 459, 1, 1, NULL, NULL, NULL);
INSERT INTO `unions` (`id`, `name`, `upa_zillas_id`, `business_id`, `users_id`, `deleted_at`, `created_at`, `updated_at`) VALUES
(4221, 'Bhelua', 459, 1, 1, NULL, NULL, NULL),
(4222, 'Kharia Kazirchar', 459, 1, 1, NULL, NULL, NULL),
(4223, 'Kurikahonia', 459, 1, 1, NULL, NULL, NULL),
(4224, 'Garjaripa', 459, 1, 1, NULL, NULL, NULL),
(4225, 'Gonopoddi', 460, 1, 1, NULL, NULL, NULL),
(4226, 'Nokla', 460, 1, 1, NULL, NULL, NULL),
(4227, 'Urpha', 460, 1, 1, NULL, NULL, NULL),
(4228, 'Gourdwar', 460, 1, 1, NULL, NULL, NULL),
(4229, 'Baneshwardi', 460, 1, 1, NULL, NULL, NULL),
(4230, 'Pathakata', 460, 1, 1, NULL, NULL, NULL),
(4231, 'Talki', 460, 1, 1, NULL, NULL, NULL),
(4232, 'Choraustadhar', 460, 1, 1, NULL, NULL, NULL),
(4233, 'Chandrakona', 460, 1, 1, NULL, NULL, NULL),
(4234, 'Kansa', 461, 1, 1, NULL, NULL, NULL),
(4235, 'Dansail', 461, 1, 1, NULL, NULL, NULL),
(4236, 'Nolkura', 461, 1, 1, NULL, NULL, NULL),
(4237, 'Gouripur', 461, 1, 1, NULL, NULL, NULL),
(4238, 'Jhenaigati', 461, 1, 1, NULL, NULL, NULL),
(4239, 'Hatibandha', 461, 1, 1, NULL, NULL, NULL),
(4240, 'Malijhikanda', 461, 1, 1, NULL, NULL, NULL),
(4241, 'Deukhola', 462, 1, 1, NULL, NULL, NULL),
(4242, 'Naogaon', 462, 1, 1, NULL, NULL, NULL),
(4243, 'Putijana', 462, 1, 1, NULL, NULL, NULL),
(4244, 'Kushmail', 462, 1, 1, NULL, NULL, NULL),
(4245, 'Fulbaria', 462, 1, 1, NULL, NULL, NULL),
(4246, 'Bakta', 462, 1, 1, NULL, NULL, NULL),
(4247, 'Rangamatia', 462, 1, 1, NULL, NULL, NULL),
(4248, 'Enayetpur', 462, 1, 1, NULL, NULL, NULL),
(4249, 'Kaladaha', 462, 1, 1, NULL, NULL, NULL),
(4250, 'Radhakanai', 462, 1, 1, NULL, NULL, NULL),
(4251, 'Asimpatuli', 462, 1, 1, NULL, NULL, NULL),
(4252, 'Vobanipur', 462, 1, 1, NULL, NULL, NULL),
(4253, 'Balian', 462, 1, 1, NULL, NULL, NULL),
(4254, 'Dhanikhola', 463, 1, 1, NULL, NULL, NULL),
(4255, 'Bailor', 463, 1, 1, NULL, NULL, NULL),
(4256, 'Kanthal', 463, 1, 1, NULL, NULL, NULL),
(4257, 'Kanihari', 463, 1, 1, NULL, NULL, NULL),
(4258, 'Trishal', 463, 1, 1, NULL, NULL, NULL),
(4259, 'Harirampur', 463, 1, 1, NULL, NULL, NULL),
(4260, 'Sakhua', 463, 1, 1, NULL, NULL, NULL),
(4261, 'Balipara', 463, 1, 1, NULL, NULL, NULL),
(4262, 'Mokshapur', 463, 1, 1, NULL, NULL, NULL),
(4263, 'Mathbari', 463, 1, 1, NULL, NULL, NULL),
(4264, 'Amirabari', 463, 1, 1, NULL, NULL, NULL),
(4265, 'Rampur', 463, 1, 1, NULL, NULL, NULL),
(4266, 'Uthura', 464, 1, 1, NULL, NULL, NULL),
(4267, 'Meduari', 464, 1, 1, NULL, NULL, NULL),
(4268, 'Varadoba', 464, 1, 1, NULL, NULL, NULL),
(4269, 'Dhitpur', 464, 1, 1, NULL, NULL, NULL),
(4270, 'Dakatia', 464, 1, 1, NULL, NULL, NULL),
(4271, 'Birunia', 464, 1, 1, NULL, NULL, NULL),
(4272, 'Bhaluka', 464, 1, 1, NULL, NULL, NULL),
(4273, 'Mallikbari', 464, 1, 1, NULL, NULL, NULL),
(4274, 'Kachina', 464, 1, 1, NULL, NULL, NULL),
(4275, 'Habirbari', 464, 1, 1, NULL, NULL, NULL),
(4276, 'Rajoi', 464, 1, 1, NULL, NULL, NULL),
(4277, 'Dulla', 465, 1, 1, NULL, NULL, NULL),
(4278, 'Borogram', 465, 1, 1, NULL, NULL, NULL),
(4279, 'Tarati', 465, 1, 1, NULL, NULL, NULL),
(4280, 'Kumargata', 465, 1, 1, NULL, NULL, NULL),
(4281, 'Basati', 465, 1, 1, NULL, NULL, NULL),
(4282, 'Mankon', 465, 1, 1, NULL, NULL, NULL),
(4283, 'Ghoga', 465, 1, 1, NULL, NULL, NULL),
(4284, 'Daogaon', 465, 1, 1, NULL, NULL, NULL),
(4285, 'Kashimpur', 465, 1, 1, NULL, NULL, NULL),
(4286, 'Kheruajani', 465, 1, 1, NULL, NULL, NULL),
(4287, 'Austadhar', 466, 1, 1, NULL, NULL, NULL),
(4288, 'Bororchar', 466, 1, 1, NULL, NULL, NULL),
(4289, 'Dapunia', 466, 1, 1, NULL, NULL, NULL),
(4290, 'Aqua', 466, 1, 1, NULL, NULL, NULL),
(4291, 'Khagdohor', 466, 1, 1, NULL, NULL, NULL),
(4292, 'Charnilaxmia', 466, 1, 1, NULL, NULL, NULL),
(4293, 'Kushtia', 466, 1, 1, NULL, NULL, NULL),
(4294, 'Paranganj', 466, 1, 1, NULL, NULL, NULL),
(4295, 'Sirta', 466, 1, 1, NULL, NULL, NULL),
(4296, 'Char Ishwardia', 466, 1, 1, NULL, NULL, NULL),
(4297, 'Ghagra', 466, 1, 1, NULL, NULL, NULL),
(4298, 'Vabokhali', 466, 1, 1, NULL, NULL, NULL),
(4299, 'Boyra', 466, 1, 1, NULL, NULL, NULL),
(4300, 'Dakshin Maijpara', 467, 1, 1, NULL, NULL, NULL),
(4301, 'Gamaritola', 467, 1, 1, NULL, NULL, NULL),
(4302, 'Dhobaura', 467, 1, 1, NULL, NULL, NULL),
(4303, 'Porakandulia', 467, 1, 1, NULL, NULL, NULL),
(4304, 'Goatala', 467, 1, 1, NULL, NULL, NULL),
(4305, 'Ghoshgaon', 467, 1, 1, NULL, NULL, NULL),
(4306, 'Baghber', 467, 1, 1, NULL, NULL, NULL),
(4307, 'Rambhadrapur', 468, 1, 1, NULL, NULL, NULL),
(4308, 'Sondhara', 468, 1, 1, NULL, NULL, NULL),
(4309, 'Vaitkandi', 468, 1, 1, NULL, NULL, NULL),
(4310, 'Singheshwar', 468, 1, 1, NULL, NULL, NULL),
(4311, 'Phulpur', 468, 1, 1, NULL, NULL, NULL),
(4312, 'Banihala', 474, 1, 1, NULL, NULL, NULL),
(4313, 'Biska', 474, 1, 1, NULL, NULL, NULL),
(4314, 'Baola', 468, 1, 1, NULL, NULL, NULL),
(4315, 'Payari', 468, 1, 1, NULL, NULL, NULL),
(4316, 'Balia', 468, 1, 1, NULL, NULL, NULL),
(4317, 'Rahimganj', 468, 1, 1, NULL, NULL, NULL),
(4318, 'Balikha', 474, 1, 1, NULL, NULL, NULL),
(4319, 'Kakni', 474, 1, 1, NULL, NULL, NULL),
(4320, 'Dhakua', 474, 1, 1, NULL, NULL, NULL),
(4321, 'Rupasi', 468, 1, 1, NULL, NULL, NULL),
(4322, 'Tarakanda', 474, 1, 1, NULL, NULL, NULL),
(4323, 'Galagaon', 474, 1, 1, NULL, NULL, NULL),
(4324, 'Kamargaon', 474, 1, 1, NULL, NULL, NULL),
(4325, 'Kamaria', 474, 1, 1, NULL, NULL, NULL),
(4326, 'Rampur', 474, 1, 1, NULL, NULL, NULL),
(4327, 'Bhubankura', 469, 1, 1, NULL, NULL, NULL),
(4328, 'Jugli', 469, 1, 1, NULL, NULL, NULL),
(4329, 'Kaichapur', 469, 1, 1, NULL, NULL, NULL),
(4330, 'Haluaghat', 469, 1, 1, NULL, NULL, NULL),
(4331, 'Gazirbhita', 469, 1, 1, NULL, NULL, NULL),
(4332, 'Bildora', 469, 1, 1, NULL, NULL, NULL),
(4333, 'Sakuai', 469, 1, 1, NULL, NULL, NULL),
(4334, 'Narail', 469, 1, 1, NULL, NULL, NULL),
(4335, 'Dhara', 469, 1, 1, NULL, NULL, NULL),
(4336, 'Dhurail', 469, 1, 1, NULL, NULL, NULL),
(4337, 'Amtoil', 469, 1, 1, NULL, NULL, NULL),
(4338, 'Swadeshi', 469, 1, 1, NULL, NULL, NULL),
(4339, 'Sahanati', 470, 1, 1, NULL, NULL, NULL),
(4340, 'Achintapur', 470, 1, 1, NULL, NULL, NULL),
(4341, 'Mailakanda', 470, 1, 1, NULL, NULL, NULL),
(4342, 'Bokainagar', 470, 1, 1, NULL, NULL, NULL),
(4343, 'Gouripur', 470, 1, 1, NULL, NULL, NULL),
(4344, 'Maoha', 470, 1, 1, NULL, NULL, NULL),
(4345, 'Ramgopalpur', 470, 1, 1, NULL, NULL, NULL),
(4346, 'Douhakhola', 470, 1, 1, NULL, NULL, NULL),
(4347, 'Bhangnamari', 470, 1, 1, NULL, NULL, NULL),
(4348, 'Sidhla', 470, 1, 1, NULL, NULL, NULL),
(4349, 'Rasulpur', 471, 1, 1, NULL, NULL, NULL),
(4350, 'Barobaria', 471, 1, 1, NULL, NULL, NULL),
(4351, 'Charalgi', 471, 1, 1, NULL, NULL, NULL),
(4352, 'Saltia', 471, 1, 1, NULL, NULL, NULL),
(4353, 'Raona', 471, 1, 1, NULL, NULL, NULL),
(4354, 'Longair', 471, 1, 1, NULL, NULL, NULL),
(4355, 'Paithol', 471, 1, 1, NULL, NULL, NULL),
(4356, 'Gafargaon', 471, 1, 1, NULL, NULL, NULL),
(4357, 'Josora', 471, 1, 1, NULL, NULL, NULL),
(4358, 'Moshakhali', 471, 1, 1, NULL, NULL, NULL),
(4359, 'Panchbagh', 471, 1, 1, NULL, NULL, NULL),
(4360, 'Usthi', 471, 1, 1, NULL, NULL, NULL),
(4361, 'Dotterbazar', 471, 1, 1, NULL, NULL, NULL),
(4362, 'Niguari', 471, 1, 1, NULL, NULL, NULL),
(4363, 'Tangabo', 471, 1, 1, NULL, NULL, NULL),
(4364, 'Iswarganj', 472, 1, 1, NULL, NULL, NULL),
(4365, 'Sarisha', 472, 1, 1, NULL, NULL, NULL),
(4366, 'Sohagi', 472, 1, 1, NULL, NULL, NULL),
(4367, 'Atharabari', 472, 1, 1, NULL, NULL, NULL),
(4368, 'Rajibpur', 472, 1, 1, NULL, NULL, NULL),
(4369, 'Maijbagh', 472, 1, 1, NULL, NULL, NULL),
(4370, 'Magtula', 472, 1, 1, NULL, NULL, NULL),
(4371, 'Jatia', 472, 1, 1, NULL, NULL, NULL),
(4372, 'Uchakhila', 472, 1, 1, NULL, NULL, NULL),
(4373, 'Tarundia', 472, 1, 1, NULL, NULL, NULL),
(4374, 'Barahit', 472, 1, 1, NULL, NULL, NULL),
(4375, 'Batagoir', 473, 1, 1, NULL, NULL, NULL),
(4376, 'Nandail', 473, 1, 1, NULL, NULL, NULL),
(4377, 'Chandipasha', 473, 1, 1, NULL, NULL, NULL),
(4378, 'Gangail', 473, 1, 1, NULL, NULL, NULL),
(4379, 'Rajgati', 473, 1, 1, NULL, NULL, NULL),
(4380, 'Muajjempur', 473, 1, 1, NULL, NULL, NULL),
(4381, 'Sherpur', 473, 1, 1, NULL, NULL, NULL),
(4382, 'Singroil', 473, 1, 1, NULL, NULL, NULL),
(4383, 'Achargaon', 473, 1, 1, NULL, NULL, NULL),
(4384, 'Mushulli', 473, 1, 1, NULL, NULL, NULL),
(4385, 'Kharua', 473, 1, 1, NULL, NULL, NULL),
(4386, 'Jahangirpur', 473, 1, 1, NULL, NULL, NULL),
(4387, 'Kendua', 475, 1, 1, NULL, NULL, NULL),
(4388, 'Sharifpur', 475, 1, 1, NULL, NULL, NULL),
(4389, 'Laxirchar', 475, 1, 1, NULL, NULL, NULL),
(4390, 'Tolshirchar', 475, 1, 1, NULL, NULL, NULL),
(4391, 'Itail', 475, 1, 1, NULL, NULL, NULL),
(4392, 'Narundi', 475, 1, 1, NULL, NULL, NULL),
(4393, 'Ghorada', 475, 1, 1, NULL, NULL, NULL),
(4394, 'Bashchara', 475, 1, 1, NULL, NULL, NULL),
(4395, 'Ranagacha', 475, 1, 1, NULL, NULL, NULL),
(4396, 'Sheepur', 475, 1, 1, NULL, NULL, NULL),
(4397, 'Shahbajpur', 475, 1, 1, NULL, NULL, NULL),
(4398, 'Titpalla', 475, 1, 1, NULL, NULL, NULL),
(4399, 'Mesta', 475, 1, 1, NULL, NULL, NULL),
(4400, 'Digpait', 475, 1, 1, NULL, NULL, NULL),
(4401, 'Rashidpur', 475, 1, 1, NULL, NULL, NULL),
(4402, 'Durmot', 476, 1, 1, NULL, NULL, NULL),
(4403, 'Kulia', 476, 1, 1, NULL, NULL, NULL),
(4404, 'Mahmudpur', 476, 1, 1, NULL, NULL, NULL),
(4405, 'Nangla', 476, 1, 1, NULL, NULL, NULL),
(4406, 'Nayanagar', 476, 1, 1, NULL, NULL, NULL),
(4407, 'Adra', 476, 1, 1, NULL, NULL, NULL),
(4408, 'Charbani Pakuria', 476, 1, 1, NULL, NULL, NULL),
(4409, 'Fulkucha', 476, 1, 1, NULL, NULL, NULL),
(4410, 'Ghuserpara', 476, 1, 1, NULL, NULL, NULL),
(4411, 'Jhaugara', 476, 1, 1, NULL, NULL, NULL),
(4412, 'Shuampur', 476, 1, 1, NULL, NULL, NULL),
(4413, 'Kulkandi', 477, 1, 1, NULL, NULL, NULL),
(4414, 'Belghacha', 477, 1, 1, NULL, NULL, NULL),
(4415, 'Chinaduli', 477, 1, 1, NULL, NULL, NULL),
(4416, 'Shapdari', 477, 1, 1, NULL, NULL, NULL),
(4417, 'Noarpara', 477, 1, 1, NULL, NULL, NULL),
(4418, 'Islampur', 477, 1, 1, NULL, NULL, NULL),
(4419, 'Partharshi', 477, 1, 1, NULL, NULL, NULL),
(4420, 'Palabandha', 477, 1, 1, NULL, NULL, NULL),
(4421, 'Gualerchar', 477, 1, 1, NULL, NULL, NULL),
(4422, 'Gaibandha', 477, 1, 1, NULL, NULL, NULL),
(4423, 'Charputimari', 477, 1, 1, NULL, NULL, NULL),
(4424, 'Chargualini', 477, 1, 1, NULL, NULL, NULL),
(4425, 'Dungdhara', 478, 1, 1, NULL, NULL, NULL),
(4426, 'Char Amkhawa', 478, 1, 1, NULL, NULL, NULL),
(4427, 'Parram Rampur', 478, 1, 1, NULL, NULL, NULL),
(4428, 'Hatibanga', 478, 1, 1, NULL, NULL, NULL),
(4429, 'Bahadurabad', 478, 1, 1, NULL, NULL, NULL),
(4430, 'Chikajani', 478, 1, 1, NULL, NULL, NULL),
(4431, 'Chukaibari', 478, 1, 1, NULL, NULL, NULL),
(4432, 'Dewangonj', 478, 1, 1, NULL, NULL, NULL),
(4433, 'Satpoa', 479, 1, 1, NULL, NULL, NULL),
(4434, 'Pogaldigha', 479, 1, 1, NULL, NULL, NULL),
(4435, 'Doail', 479, 1, 1, NULL, NULL, NULL),
(4436, 'Aona', 479, 1, 1, NULL, NULL, NULL),
(4437, 'Pingna', 479, 1, 1, NULL, NULL, NULL),
(4438, 'Bhatara', 479, 1, 1, NULL, NULL, NULL),
(4439, 'Kamrabad', 479, 1, 1, NULL, NULL, NULL),
(4440, 'Mahadan', 479, 1, 1, NULL, NULL, NULL),
(4441, 'Char Pakerdah', 480, 1, 1, NULL, NULL, NULL),
(4442, 'Karaichara', 480, 1, 1, NULL, NULL, NULL),
(4443, 'Gunaritala', 480, 1, 1, NULL, NULL, NULL),
(4444, 'Balijuri', 480, 1, 1, NULL, NULL, NULL),
(4445, 'Jorekhali', 480, 1, 1, NULL, NULL, NULL),
(4446, 'Adarvita', 480, 1, 1, NULL, NULL, NULL),
(4447, 'Sidhuli', 480, 1, 1, NULL, NULL, NULL),
(4448, 'Danua', 481, 1, 1, NULL, NULL, NULL),
(4449, 'Bagarchar', 481, 1, 1, NULL, NULL, NULL),
(4450, 'Battajore', 481, 1, 1, NULL, NULL, NULL),
(4451, 'Shadurpara', 481, 1, 1, NULL, NULL, NULL),
(4452, 'Bakshigonj', 481, 1, 1, NULL, NULL, NULL),
(4453, 'Nilakhia', 481, 1, 1, NULL, NULL, NULL),
(4454, 'Merurchar', 481, 1, 1, NULL, NULL, NULL),
(4455, 'Asma', 482, 1, 1, NULL, NULL, NULL),
(4456, 'Chhiram', 482, 1, 1, NULL, NULL, NULL),
(4457, 'Baushi', 482, 1, 1, NULL, NULL, NULL),
(4458, 'Barhatta', 482, 1, 1, NULL, NULL, NULL),
(4459, 'Raypur', 482, 1, 1, NULL, NULL, NULL),
(4460, 'Sahata', 482, 1, 1, NULL, NULL, NULL),
(4461, 'Singdha', 482, 1, 1, NULL, NULL, NULL),
(4462, 'Durgapur', 483, 1, 1, NULL, NULL, NULL),
(4463, 'Kakoirgora', 483, 1, 1, NULL, NULL, NULL),
(4464, 'Kullagora', 483, 1, 1, NULL, NULL, NULL),
(4465, 'Chandigarh', 483, 1, 1, NULL, NULL, NULL),
(4466, 'Birisiri', 483, 1, 1, NULL, NULL, NULL),
(4467, 'Bakaljora', 483, 1, 1, NULL, NULL, NULL),
(4468, 'Gawkandia', 483, 1, 1, NULL, NULL, NULL),
(4469, 'Asujia', 484, 1, 1, NULL, NULL, NULL),
(4470, 'Dalpa', 484, 1, 1, NULL, NULL, NULL),
(4471, 'Goraduba', 484, 1, 1, NULL, NULL, NULL),
(4472, 'Gonda', 484, 1, 1, NULL, NULL, NULL),
(4473, 'Sandikona', 484, 1, 1, NULL, NULL, NULL),
(4474, 'Maska', 484, 1, 1, NULL, NULL, NULL),
(4475, 'Bolaishimul', 484, 1, 1, NULL, NULL, NULL),
(4476, 'Noapara', 484, 1, 1, NULL, NULL, NULL),
(4477, 'Kandiura', 484, 1, 1, NULL, NULL, NULL),
(4478, 'Chirang', 484, 1, 1, NULL, NULL, NULL),
(4479, 'Roailbari Amtala', 484, 1, 1, NULL, NULL, NULL),
(4480, 'Paikura', 484, 1, 1, NULL, NULL, NULL),
(4481, 'Muzafarpur', 484, 1, 1, NULL, NULL, NULL),
(4482, 'Shormushia', 485, 1, 1, NULL, NULL, NULL),
(4483, 'Shunoi', 485, 1, 1, NULL, NULL, NULL),
(4484, 'Lunesshor', 485, 1, 1, NULL, NULL, NULL),
(4485, 'Baniyajan', 485, 1, 1, NULL, NULL, NULL),
(4486, 'Teligati', 485, 1, 1, NULL, NULL, NULL),
(4487, 'Duoj', 485, 1, 1, NULL, NULL, NULL),
(4488, 'Sukhari', 485, 1, 1, NULL, NULL, NULL),
(4489, 'Fathepur', 486, 1, 1, NULL, NULL, NULL),
(4490, 'Nayekpur', 486, 1, 1, NULL, NULL, NULL),
(4491, 'Teosree', 486, 1, 1, NULL, NULL, NULL),
(4492, 'Magan', 486, 1, 1, NULL, NULL, NULL),
(4493, 'Gobindasree', 486, 1, 1, NULL, NULL, NULL),
(4494, 'Madan', 486, 1, 1, NULL, NULL, NULL),
(4495, 'Chandgaw', 486, 1, 1, NULL, NULL, NULL),
(4496, 'Kytail', 486, 1, 1, NULL, NULL, NULL),
(4497, 'Krishnapur', 487, 1, 1, NULL, NULL, NULL),
(4498, 'Nogor', 487, 1, 1, NULL, NULL, NULL),
(4499, 'Chakua', 487, 1, 1, NULL, NULL, NULL),
(4500, 'Khaliajuri', 487, 1, 1, NULL, NULL, NULL),
(4501, 'Mendipur', 487, 1, 1, NULL, NULL, NULL),
(4502, 'Gazipur', 487, 1, 1, NULL, NULL, NULL),
(4503, 'Koilati', 488, 1, 1, NULL, NULL, NULL),
(4504, 'Najirpur', 488, 1, 1, NULL, NULL, NULL),
(4505, 'Pogla', 488, 1, 1, NULL, NULL, NULL),
(4506, 'Kolmakanda', 488, 1, 1, NULL, NULL, NULL),
(4507, 'Rongchati', 488, 1, 1, NULL, NULL, NULL),
(4508, 'Lengura', 488, 1, 1, NULL, NULL, NULL),
(4509, 'Borokhapon', 488, 1, 1, NULL, NULL, NULL),
(4510, 'Kharnoi', 488, 1, 1, NULL, NULL, NULL),
(4511, 'Borokashia Birampur', 489, 1, 1, NULL, NULL, NULL),
(4512, 'Borotoli Banihari', 489, 1, 1, NULL, NULL, NULL),
(4513, 'Tetulia', 489, 1, 1, NULL, NULL, NULL),
(4514, 'Maghan Siadar', 489, 1, 1, NULL, NULL, NULL),
(4515, 'Somaj Sohildeo', 489, 1, 1, NULL, NULL, NULL),
(4516, 'Suair', 489, 1, 1, NULL, NULL, NULL),
(4517, 'Gaglajur', 489, 1, 1, NULL, NULL, NULL),
(4518, 'Khalishaur', 490, 1, 1, NULL, NULL, NULL),
(4519, 'Ghagra', 490, 1, 1, NULL, NULL, NULL),
(4520, 'Jaria', 490, 1, 1, NULL, NULL, NULL),
(4521, 'Narandia', 490, 1, 1, NULL, NULL, NULL),
(4522, 'Bishkakuni', 490, 1, 1, NULL, NULL, NULL),
(4523, 'Bairaty', 490, 1, 1, NULL, NULL, NULL),
(4524, 'Hogla', 490, 1, 1, NULL, NULL, NULL),
(4525, 'Gohalakanda', 490, 1, 1, NULL, NULL, NULL),
(4526, 'Dhalamulgaon', 490, 1, 1, NULL, NULL, NULL),
(4527, 'Agia', 490, 1, 1, NULL, NULL, NULL),
(4528, 'Purbadhala', 490, 1, 1, NULL, NULL, NULL),
(4529, 'Chollisha', 491, 1, 1, NULL, NULL, NULL),
(4530, 'Kailati', 491, 1, 1, NULL, NULL, NULL),
(4531, 'Dokkhin Bishiura', 491, 1, 1, NULL, NULL, NULL),
(4532, 'Modonpur', 491, 1, 1, NULL, NULL, NULL),
(4533, 'Amtola', 491, 1, 1, NULL, NULL, NULL),
(4534, 'Lokkhiganj', 491, 1, 1, NULL, NULL, NULL),
(4535, 'Singher Bangla', 491, 1, 1, NULL, NULL, NULL),
(4536, 'Thakurakona', 491, 1, 1, NULL, NULL, NULL),
(4537, 'Mougati', 491, 1, 1, NULL, NULL, NULL),
(4538, 'Rouha', 491, 1, 1, NULL, NULL, NULL),
(4539, 'Medni', 491, 1, 1, NULL, NULL, NULL),
(4540, 'Kaliara Babragati', 491, 1, 1, NULL, NULL, NULL),
(4541, 'Sylhet City', 281, 1, 1, NULL, NULL, NULL);

-- --------------------------------------------------------

--
-- Table structure for table `units`
--

DROP TABLE IF EXISTS `units`;
CREATE TABLE IF NOT EXISTS `units` (
  `id` bigint(20) UNSIGNED NOT NULL AUTO_INCREMENT,
  `name` varchar(30) COLLATE utf8mb4_unicode_ci NOT NULL,
  `full_name` varchar(150) COLLATE utf8mb4_unicode_ci DEFAULT NULL,
  `allow_decimal` tinyint(1) NOT NULL DEFAULT '0' COMMENT '0 mean not allow',
  `base_unit` bigint(20) DEFAULT NULL,
  `business_id` bigint(20) UNSIGNED NOT NULL,
  `users_id` bigint(20) UNSIGNED DEFAULT NULL,
  `deleted_at` timestamp NULL DEFAULT NULL,
  `created_at` timestamp NULL DEFAULT NULL,
  `updated_at` timestamp NULL DEFAULT NULL,
  PRIMARY KEY (`id`),
  UNIQUE KEY `units_name_full_name_business_id_unique` (`name`,`full_name`,`business_id`),
  KEY `units_business_id_foreign` (`business_id`),
  KEY `units_users_id_foreign` (`users_id`)
) ENGINE=InnoDB AUTO_INCREMENT=5 DEFAULT CHARSET=utf8mb4 COLLATE=utf8mb4_unicode_ci;

--
-- Dumping data for table `units`
--

INSERT INTO `units` (`id`, `name`, `full_name`, `allow_decimal`, `base_unit`, `business_id`, `users_id`, `deleted_at`, `created_at`, `updated_at`) VALUES
(3, 'PCS', 'Basic unit', 0, NULL, 1, 1, NULL, '2020-04-19 01:53:26', '2020-04-26 12:17:05'),
(4, 'Kg', 'Killo Gram', 0, NULL, 1, 1, NULL, '2020-04-26 12:15:12', '2020-04-26 12:15:12');

-- --------------------------------------------------------

--
-- Table structure for table `upa_zillas`
--

DROP TABLE IF EXISTS `upa_zillas`;
CREATE TABLE IF NOT EXISTS `upa_zillas` (
  `id` bigint(20) UNSIGNED NOT NULL AUTO_INCREMENT,
  `name` varchar(191) COLLATE utf8mb4_unicode_ci NOT NULL,
  `zillas_id` bigint(20) UNSIGNED NOT NULL,
  `business_id` bigint(20) UNSIGNED NOT NULL,
  `users_id` bigint(20) UNSIGNED DEFAULT NULL,
  `deleted_at` timestamp NULL DEFAULT NULL,
  `created_at` timestamp NULL DEFAULT NULL,
  `updated_at` timestamp NULL DEFAULT NULL,
  PRIMARY KEY (`id`),
  UNIQUE KEY `upa_zillas_name_zillas_id_business_id_unique` (`name`,`zillas_id`,`business_id`),
  KEY `upa_zillas_zillas_id_foreign` (`zillas_id`),
  KEY `upa_zillas_business_id_foreign` (`business_id`),
  KEY `upa_zillas_users_id_foreign` (`users_id`)
) ENGINE=InnoDB AUTO_INCREMENT=4 DEFAULT CHARSET=utf8mb4 COLLATE=utf8mb4_unicode_ci;

--
-- Dumping data for table `upa_zillas`
--

INSERT INTO `upa_zillas` (`id`, `name`, `zillas_id`, `business_id`, `users_id`, `deleted_at`, `created_at`, `updated_at`) VALUES
(1, 'Bala Gonj', 3, 1, 1, NULL, '2020-07-12 16:19:42', '2020-07-12 16:19:42'),
(2, 'Bor Lekha', 2, 1, 1, NULL, '2020-07-12 16:19:52', '2020-07-12 16:19:52'),
(3, 'Chatok', 3, 1, 1, NULL, '2020-07-12 16:20:26', '2020-07-12 16:20:26');

-- --------------------------------------------------------

--
-- Table structure for table `users`
--

DROP TABLE IF EXISTS `users`;
CREATE TABLE IF NOT EXISTS `users` (
  `id` bigint(20) UNSIGNED NOT NULL AUTO_INCREMENT,
  `name` varchar(191) COLLATE utf8mb4_unicode_ci NOT NULL,
  `email` varchar(191) COLLATE utf8mb4_unicode_ci NOT NULL,
  `email_verified_at` timestamp NULL DEFAULT NULL,
  `password` varchar(191) COLLATE utf8mb4_unicode_ci NOT NULL,
  `remember_token` varchar(100) COLLATE utf8mb4_unicode_ci DEFAULT NULL,
  `warehouses_id` bigint(20) UNSIGNED DEFAULT NULL,
  `account_books_id` bigint(20) UNSIGNED DEFAULT NULL,
  `business_id` bigint(20) UNSIGNED NOT NULL,
  `deleted_at` timestamp NULL DEFAULT NULL,
  `created_at` timestamp NULL DEFAULT NULL,
  `updated_at` timestamp NULL DEFAULT NULL,
  PRIMARY KEY (`id`),
  UNIQUE KEY `users_email_unique` (`email`),
  KEY `users_business_id_foreign` (`business_id`),
  KEY `users_warehouses_id_foreign` (`warehouses_id`),
  KEY `users_account_books_id_foreign` (`account_books_id`)
) ENGINE=InnoDB AUTO_INCREMENT=4 DEFAULT CHARSET=utf8mb4 COLLATE=utf8mb4_unicode_ci;

--
-- Dumping data for table `users`
--

INSERT INTO `users` (`id`, `name`, `email`, `email_verified_at`, `password`, `remember_token`, `warehouses_id`, `account_books_id`, `business_id`, `deleted_at`, `created_at`, `updated_at`) VALUES
(1, 'Admin', 'admin@admin.com', NULL, '$2y$10$GUiRCpWOScycegp1DXZEU.mUNCckG36UOfqCH2njjrUTBLJL2ndkm', NULL, 3, 1, 1, NULL, '2020-04-14 05:19:51', '2020-07-08 21:36:30'),
(2, 'Abir', 'abir@gamil.com', NULL, '$2y$10$S/IdTXf22Bm5.jD2yMsLMO68TBc9c9FgK4wiuC9PHGPkFKHpnf3F2', NULL, 2, 4, 1, NULL, '2020-06-30 16:40:43', '2020-07-08 21:37:01'),
(3, 'Nazmul Islam', 'billionnazmul@gmail.com', NULL, '$2y$10$IVrcUWxMwA6q/6ZpONNPxuhyxcEXdLudlzwCrXW0TtzrxnWZHcv9m', NULL, 3, 4, 1, NULL, '2020-07-01 12:34:50', '2020-07-08 21:37:15');

-- --------------------------------------------------------

--
-- Table structure for table `vet_texes`
--

DROP TABLE IF EXISTS `vet_texes`;
CREATE TABLE IF NOT EXISTS `vet_texes` (
  `id` bigint(20) UNSIGNED NOT NULL AUTO_INCREMENT,
  `name` varchar(191) COLLATE utf8mb4_unicode_ci NOT NULL,
  `amount` double NOT NULL DEFAULT '0' COMMENT 'Always (%)Percentage',
  `business_id` bigint(20) UNSIGNED NOT NULL,
  `users_id` bigint(20) UNSIGNED DEFAULT NULL,
  `deleted_at` timestamp NULL DEFAULT NULL,
  `created_at` timestamp NULL DEFAULT NULL,
  `updated_at` timestamp NULL DEFAULT NULL,
  PRIMARY KEY (`id`),
  UNIQUE KEY `vet_texes_name_business_id_unique` (`name`,`business_id`),
  KEY `vet_texes_business_id_foreign` (`business_id`),
  KEY `vet_texes_users_id_foreign` (`users_id`)
) ENGINE=InnoDB AUTO_INCREMENT=7 DEFAULT CHARSET=utf8mb4 COLLATE=utf8mb4_unicode_ci;

--
-- Dumping data for table `vet_texes`
--

INSERT INTO `vet_texes` (`id`, `name`, `amount`, `business_id`, `users_id`, `deleted_at`, `created_at`, `updated_at`) VALUES
(4, 'Gov Tax', 7.5, 1, 1, NULL, '2020-06-03 00:14:19', '2020-06-03 00:14:19'),
(5, 'GST', 15, 1, 1, NULL, '2020-06-03 00:15:06', '2020-06-03 00:15:06'),
(6, 'Public', 12, 1, 1, NULL, '2020-06-03 00:15:21', '2020-06-03 00:15:38');

-- --------------------------------------------------------

--
-- Table structure for table `warehouses`
--

DROP TABLE IF EXISTS `warehouses`;
CREATE TABLE IF NOT EXISTS `warehouses` (
  `id` bigint(20) UNSIGNED NOT NULL AUTO_INCREMENT,
  `name` varchar(191) COLLATE utf8mb4_unicode_ci NOT NULL,
  `contact` varchar(20) COLLATE utf8mb4_unicode_ci DEFAULT NULL COMMENT 'OR Default from business table',
  `contact_alternate` varchar(20) COLLATE utf8mb4_unicode_ci DEFAULT NULL COMMENT 'OR Default from business table',
  `phone` varchar(20) COLLATE utf8mb4_unicode_ci DEFAULT NULL COMMENT 'OR Default from business table',
  `address` varchar(191) COLLATE utf8mb4_unicode_ci DEFAULT NULL COMMENT 'OR Default from business table',
  `email` varchar(191) COLLATE utf8mb4_unicode_ci DEFAULT NULL COMMENT 'OR Default from business table',
  `website` varchar(191) COLLATE utf8mb4_unicode_ci DEFAULT NULL COMMENT 'OR Default from business table',
  `proprietor` varchar(191) COLLATE utf8mb4_unicode_ci DEFAULT NULL COMMENT 'OR Default from business table',
  `logo` varchar(191) COLLATE utf8mb4_unicode_ci DEFAULT NULL COMMENT 'OR Default from business table',
  `status` tinyint(1) NOT NULL DEFAULT '1' COMMENT '0 mean inactive and 1 means active',
  `business_id` bigint(20) UNSIGNED NOT NULL,
  `users_id` bigint(20) UNSIGNED DEFAULT NULL,
  `deleted_at` timestamp NULL DEFAULT NULL,
  `created_at` timestamp NULL DEFAULT NULL,
  `updated_at` timestamp NULL DEFAULT NULL,
  PRIMARY KEY (`id`),
  UNIQUE KEY `warehouses_name_status_business_id_unique` (`name`,`status`,`business_id`),
  KEY `warehouses_business_id_foreign` (`business_id`),
  KEY `warehouses_users_id_foreign` (`users_id`)
) ENGINE=InnoDB AUTO_INCREMENT=4 DEFAULT CHARSET=utf8mb4 COLLATE=utf8mb4_unicode_ci;

--
-- Dumping data for table `warehouses`
--

INSERT INTO `warehouses` (`id`, `name`, `contact`, `contact_alternate`, `phone`, `address`, `email`, `website`, `proprietor`, `logo`, `status`, `business_id`, `users_id`, `deleted_at`, `created_at`, `updated_at`) VALUES
(1, 'Rikabi Bazar', '01675870047', NULL, '01675870047', 'Rikabi Bazar, Sylhet', 'velos@velostech.com', NULL, 'Kuddus Miah', 'cb19fb9090b5a2bff0e0115ff4d48868.png', 1, 1, 1, NULL, '2020-06-02 04:32:36', '2020-06-02 04:32:36'),
(2, 'Latif Travel', '01675870044', NULL, '01675870047', 'Ahadvilla, Road 02, Lawai, South Surma', 'velos@velostech.com', NULL, 'Alamin Bacchu', '998a7dec7b7833503b3d627d25c91094.png', 1, 1, 1, NULL, '2020-06-02 04:33:21', '2020-06-02 04:33:21'),
(3, 'Infinity Flame Soft', '01675870098', NULL, '01675870047', 'Rongmohol Tower, Bandar Bazar, Sylhet. Sylhet, Sylhet, 3100', 'velos@velostech.com', NULL, 'Nazmul Hossain', 'cf14a2bcab5896e4984ce0bf677e6410.png', 1, 1, 1, NULL, '2020-06-02 04:34:08', '2020-06-02 04:34:08');

-- --------------------------------------------------------

--
-- Table structure for table `zillas`
--

DROP TABLE IF EXISTS `zillas`;
CREATE TABLE IF NOT EXISTS `zillas` (
  `id` bigint(20) UNSIGNED NOT NULL AUTO_INCREMENT,
  `name` varchar(191) COLLATE utf8mb4_unicode_ci NOT NULL,
  `divisions_id` bigint(20) UNSIGNED NOT NULL,
  `business_id` bigint(20) UNSIGNED NOT NULL,
  `users_id` bigint(20) UNSIGNED DEFAULT NULL,
  `deleted_at` timestamp NULL DEFAULT NULL,
  `created_at` timestamp NULL DEFAULT NULL,
  `updated_at` timestamp NULL DEFAULT NULL,
  PRIMARY KEY (`id`),
  UNIQUE KEY `zillas_name_divisions_id_business_id_unique` (`name`,`divisions_id`,`business_id`),
  KEY `zillas_divisions_id_foreign` (`divisions_id`),
  KEY `zillas_business_id_foreign` (`business_id`),
  KEY `zillas_users_id_foreign` (`users_id`)
) ENGINE=InnoDB AUTO_INCREMENT=4 DEFAULT CHARSET=utf8mb4 COLLATE=utf8mb4_unicode_ci;

--
-- Dumping data for table `zillas`
--

INSERT INTO `zillas` (`id`, `name`, `divisions_id`, `business_id`, `users_id`, `deleted_at`, `created_at`, `updated_at`) VALUES
(2, 'Moulobi Bazar', 5, 1, 1, NULL, '2020-07-12 15:54:32', '2020-07-12 15:54:32'),
(3, 'Sylhet Zilla', 5, 1, 1, NULL, '2020-07-12 15:54:51', '2020-07-12 15:54:51');

-- --------------------------------------------------------

--
-- Table structure for table `zones`
--

DROP TABLE IF EXISTS `zones`;
CREATE TABLE IF NOT EXISTS `zones` (
  `id` bigint(20) UNSIGNED NOT NULL AUTO_INCREMENT,
  `name` varchar(191) COLLATE utf8mb4_unicode_ci NOT NULL,
  `address` varchar(191) COLLATE utf8mb4_unicode_ci DEFAULT NULL,
  `business_id` bigint(20) UNSIGNED NOT NULL,
  `users_id` bigint(20) UNSIGNED DEFAULT NULL,
  `deleted_at` timestamp NULL DEFAULT NULL,
  `created_at` timestamp NULL DEFAULT NULL,
  `updated_at` timestamp NULL DEFAULT NULL,
  PRIMARY KEY (`id`),
  UNIQUE KEY `zones_name_business_id_unique` (`name`,`business_id`),
  KEY `zones_business_id_foreign` (`business_id`),
  KEY `zones_users_id_foreign` (`users_id`)
) ENGINE=InnoDB AUTO_INCREMENT=9 DEFAULT CHARSET=utf8mb4 COLLATE=utf8mb4_unicode_ci;

--
-- Dumping data for table `zones`
--

INSERT INTO `zones` (`id`, `name`, `address`, `business_id`, `users_id`, `deleted_at`, `created_at`, `updated_at`) VALUES
(1, 'Nazmul Hossain', 'Bashundara R/A BLock-F Road-10', 1, 1, NULL, '2020-04-14 15:18:43', '2020-04-14 15:19:31'),
(2, 'Swimming Pool', 'Rikabi Bazar, Sylhet', 1, 1, NULL, '2020-04-14 15:18:49', '2020-04-14 15:19:28'),
(3, 'Mihira Gram', 'Bashundara R/A BLock-F Road-10', 1, 1, NULL, '2020-04-14 15:19:37', '2020-06-06 02:48:32'),
(4, 'Kuddus Miah', 'Rongmohol Tower Bopndor Bazar Sylhet', 1, 1, NULL, '2020-04-14 15:19:45', '2020-04-14 15:19:45'),
(7, 'Sultan Avinue', 'South Surma, Sylhet 3100', 1, 1, NULL, '2020-04-15 09:33:06', '2020-04-15 09:33:06'),
(8, 'Nokia', 'Rongmohol Tower, Bondor Bazar, Sylhet', 1, 1, NULL, '2020-06-30 15:24:25', '2020-06-30 15:24:25');

--
-- Constraints for dumped tables
--

--
-- Constraints for table `account_books`
--
ALTER TABLE `account_books`
  ADD CONSTRAINT `account_books_business_id_foreign` FOREIGN KEY (`business_id`) REFERENCES `businesses` (`id`) ON DELETE CASCADE ON UPDATE NO ACTION,
  ADD CONSTRAINT `account_books_users_id_foreign` FOREIGN KEY (`users_id`) REFERENCES `users` (`id`) ON DELETE SET NULL ON UPDATE NO ACTION,
  ADD CONSTRAINT `account_books_warehouses_id_foreign` FOREIGN KEY (`warehouses_id`) REFERENCES `warehouses` (`id`) ON DELETE SET NULL ON UPDATE NO ACTION;

--
-- Constraints for table `agents`
--
ALTER TABLE `agents`
  ADD CONSTRAINT `agents_business_id_foreign` FOREIGN KEY (`business_id`) REFERENCES `businesses` (`id`) ON DELETE CASCADE ON UPDATE NO ACTION,
  ADD CONSTRAINT `agents_users_id_foreign` FOREIGN KEY (`users_id`) REFERENCES `users` (`id`) ON DELETE SET NULL ON UPDATE NO ACTION,
  ADD CONSTRAINT `agents_warehouses_id_foreign` FOREIGN KEY (`warehouses_id`) REFERENCES `warehouses` (`id`) ON DELETE SET NULL ON UPDATE NO ACTION;

--
-- Constraints for table `brands`
--
ALTER TABLE `brands`
  ADD CONSTRAINT `brands_business_id_foreign` FOREIGN KEY (`business_id`) REFERENCES `businesses` (`id`) ON DELETE CASCADE ON UPDATE NO ACTION,
  ADD CONSTRAINT `brands_users_id_foreign` FOREIGN KEY (`users_id`) REFERENCES `users` (`id`) ON DELETE SET NULL ON UPDATE NO ACTION;

--
-- Constraints for table `codexes`
--
ALTER TABLE `codexes`
  ADD CONSTRAINT `codexes_business_id_foreign` FOREIGN KEY (`business_id`) REFERENCES `businesses` (`id`) ON DELETE CASCADE ON UPDATE NO ACTION;

--
-- Constraints for table `companies`
--
ALTER TABLE `companies`
  ADD CONSTRAINT `companies_business_id_foreign` FOREIGN KEY (`business_id`) REFERENCES `businesses` (`id`) ON DELETE CASCADE ON UPDATE NO ACTION,
  ADD CONSTRAINT `companies_users_id_foreign` FOREIGN KEY (`users_id`) REFERENCES `users` (`id`) ON DELETE SET NULL ON UPDATE NO ACTION;

--
-- Constraints for table `customers`
--
ALTER TABLE `customers`
  ADD CONSTRAINT `customers_business_id_foreign` FOREIGN KEY (`business_id`) REFERENCES `businesses` (`id`) ON DELETE CASCADE ON UPDATE NO ACTION,
  ADD CONSTRAINT `customers_customer_categories_id_foreign` FOREIGN KEY (`customer_categories_id`) REFERENCES `customer_categories` (`id`) ON DELETE CASCADE ON UPDATE NO ACTION,
  ADD CONSTRAINT `customers_divisions_id_foreign` FOREIGN KEY (`divisions_id`) REFERENCES `divisions` (`id`) ON DELETE SET NULL ON UPDATE NO ACTION,
  ADD CONSTRAINT `customers_ibfk_1` FOREIGN KEY (`agent_id`) REFERENCES `agents` (`id`) ON DELETE SET NULL ON UPDATE NO ACTION,
  ADD CONSTRAINT `customers_unions_id_foreign` FOREIGN KEY (`unions_id`) REFERENCES `unions` (`id`) ON DELETE SET NULL ON UPDATE NO ACTION,
  ADD CONSTRAINT `customers_upa_zillas_id_foreign` FOREIGN KEY (`upa_zillas_id`) REFERENCES `upa_zillas` (`id`) ON DELETE SET NULL ON UPDATE NO ACTION,
  ADD CONSTRAINT `customers_users_id_foreign` FOREIGN KEY (`users_id`) REFERENCES `users` (`id`) ON DELETE SET NULL ON UPDATE NO ACTION,
  ADD CONSTRAINT `customers_vet_texes_id_foreign` FOREIGN KEY (`vet_texes_id`) REFERENCES `vet_texes` (`id`) ON DELETE SET NULL ON UPDATE NO ACTION,
  ADD CONSTRAINT `customers_warehouses_id_foreign` FOREIGN KEY (`warehouses_id`) REFERENCES `warehouses` (`id`) ON DELETE SET NULL ON UPDATE NO ACTION,
  ADD CONSTRAINT `customers_zillas_id_foreign` FOREIGN KEY (`zillas_id`) REFERENCES `zillas` (`id`) ON DELETE SET NULL ON UPDATE NO ACTION,
  ADD CONSTRAINT `customers_zones_id_foreign` FOREIGN KEY (`zones_id`) REFERENCES `zones` (`id`) ON DELETE SET NULL ON UPDATE NO ACTION;

--
-- Constraints for table `customer_categories`
--
ALTER TABLE `customer_categories`
  ADD CONSTRAINT `customer_categories_business_id_foreign` FOREIGN KEY (`business_id`) REFERENCES `businesses` (`id`) ON DELETE CASCADE ON UPDATE NO ACTION,
  ADD CONSTRAINT `customer_categories_users_id_foreign` FOREIGN KEY (`users_id`) REFERENCES `users` (`id`) ON DELETE SET NULL ON UPDATE NO ACTION;

--
-- Constraints for table `discounts`
--
ALTER TABLE `discounts`
  ADD CONSTRAINT `discounts_brands_id_foreign` FOREIGN KEY (`brands_id`) REFERENCES `brands` (`id`) ON DELETE SET NULL ON UPDATE NO ACTION,
  ADD CONSTRAINT `discounts_business_id_foreign` FOREIGN KEY (`business_id`) REFERENCES `businesses` (`id`) ON DELETE CASCADE ON UPDATE NO ACTION,
  ADD CONSTRAINT `discounts_customer_categories_id_foreign` FOREIGN KEY (`customer_categories_id`) REFERENCES `customer_categories` (`id`) ON DELETE SET NULL ON UPDATE NO ACTION,
  ADD CONSTRAINT `discounts_product_categories_id_foreign` FOREIGN KEY (`product_categories_id`) REFERENCES `product_categories` (`id`) ON DELETE SET NULL ON UPDATE NO ACTION,
  ADD CONSTRAINT `discounts_users_id_foreign` FOREIGN KEY (`users_id`) REFERENCES `users` (`id`) ON DELETE SET NULL ON UPDATE NO ACTION,
  ADD CONSTRAINT `discounts_warehouses_id_foreign` FOREIGN KEY (`warehouses_id`) REFERENCES `warehouses` (`id`) ON DELETE SET NULL ON UPDATE NO ACTION;

--
-- Constraints for table `divisions`
--
ALTER TABLE `divisions`
  ADD CONSTRAINT `divisions_business_id_foreign` FOREIGN KEY (`business_id`) REFERENCES `businesses` (`id`) ON DELETE CASCADE ON UPDATE NO ACTION,
  ADD CONSTRAINT `divisions_users_id_foreign` FOREIGN KEY (`users_id`) REFERENCES `users` (`id`) ON DELETE SET NULL ON UPDATE NO ACTION;

--
-- Constraints for table `expenses`
--
ALTER TABLE `expenses`
  ADD CONSTRAINT `expenses_business_id_foreign` FOREIGN KEY (`business_id`) REFERENCES `businesses` (`id`) ON DELETE CASCADE ON UPDATE NO ACTION,
  ADD CONSTRAINT `expenses_expense_categories_id_foreign` FOREIGN KEY (`expense_categories_id`) REFERENCES `expense_categories` (`id`) ON DELETE CASCADE ON UPDATE NO ACTION,
  ADD CONSTRAINT `expenses_expense_for_foreign` FOREIGN KEY (`expense_for`) REFERENCES `users` (`id`) ON DELETE SET NULL ON UPDATE NO ACTION,
  ADD CONSTRAINT `expenses_users_id_foreign` FOREIGN KEY (`users_id`) REFERENCES `users` (`id`) ON DELETE SET NULL ON UPDATE NO ACTION,
  ADD CONSTRAINT `expenses_warehouses_id_foreign` FOREIGN KEY (`warehouses_id`) REFERENCES `warehouses` (`id`) ON DELETE SET NULL ON UPDATE NO ACTION;

--
-- Constraints for table `expense_categories`
--
ALTER TABLE `expense_categories`
  ADD CONSTRAINT `expense_categories_business_id_foreign` FOREIGN KEY (`business_id`) REFERENCES `businesses` (`id`) ON DELETE CASCADE ON UPDATE NO ACTION,
  ADD CONSTRAINT `expense_categories_users_id_foreign` FOREIGN KEY (`users_id`) REFERENCES `users` (`id`) ON DELETE SET NULL ON UPDATE NO ACTION;

--
-- Constraints for table `invoice_items`
--
ALTER TABLE `invoice_items`
  ADD CONSTRAINT `invoice_items_business_id_foreign` FOREIGN KEY (`business_id`) REFERENCES `businesses` (`id`) ON DELETE CASCADE ON UPDATE NO ACTION,
  ADD CONSTRAINT `invoice_items_products_id_foreign` FOREIGN KEY (`products_id`) REFERENCES `products` (`id`) ON DELETE SET NULL ON UPDATE NO ACTION,
  ADD CONSTRAINT `invoice_items_sell_invoices_id_foreign` FOREIGN KEY (`sell_invoices_id`) REFERENCES `sell_invoices` (`id`) ON DELETE CASCADE ON UPDATE NO ACTION,
  ADD CONSTRAINT `invoice_items_users_id_foreign` FOREIGN KEY (`users_id`) REFERENCES `users` (`id`) ON DELETE SET NULL ON UPDATE NO ACTION,
  ADD CONSTRAINT `invoice_items_warehouses_id_foreign` FOREIGN KEY (`warehouses_id`) REFERENCES `warehouses` (`id`) ON DELETE SET NULL ON UPDATE NO ACTION;

--
-- Constraints for table `key_attempts`
--
ALTER TABLE `key_attempts`
  ADD CONSTRAINT `key_attempts_business_id_foreign` FOREIGN KEY (`business_id`) REFERENCES `businesses` (`id`) ON DELETE CASCADE ON UPDATE NO ACTION;

--
-- Constraints for table `model_has_permissions`
--
ALTER TABLE `model_has_permissions`
  ADD CONSTRAINT `model_has_permissions_permission_id_foreign` FOREIGN KEY (`permission_id`) REFERENCES `permissions` (`id`) ON DELETE CASCADE;

--
-- Constraints for table `model_has_roles`
--
ALTER TABLE `model_has_roles`
  ADD CONSTRAINT `model_has_roles_role_id_foreign` FOREIGN KEY (`role_id`) REFERENCES `roles` (`id`) ON DELETE CASCADE;

--
-- Constraints for table `products`
--
ALTER TABLE `products`
  ADD CONSTRAINT `products_brands_id_foreign` FOREIGN KEY (`brands_id`) REFERENCES `brands` (`id`) ON DELETE SET NULL ON UPDATE NO ACTION,
  ADD CONSTRAINT `products_business_id_foreign` FOREIGN KEY (`business_id`) REFERENCES `businesses` (`id`) ON DELETE CASCADE ON UPDATE NO ACTION,
  ADD CONSTRAINT `products_companies_id_foreign` FOREIGN KEY (`companies_id`) REFERENCES `companies` (`id`) ON DELETE SET NULL ON UPDATE NO ACTION,
  ADD CONSTRAINT `products_product_categories_id_foreign` FOREIGN KEY (`product_categories_id`) REFERENCES `product_categories` (`id`) ON DELETE CASCADE ON UPDATE NO ACTION,
  ADD CONSTRAINT `products_sub_product_categories_id_foreign` FOREIGN KEY (`sub_product_categories_id`) REFERENCES `product_categories` (`id`) ON DELETE SET NULL ON UPDATE NO ACTION,
  ADD CONSTRAINT `products_units_id_foreign` FOREIGN KEY (`units_id`) REFERENCES `units` (`id`) ON DELETE SET NULL ON UPDATE NO ACTION,
  ADD CONSTRAINT `products_users_id_foreign` FOREIGN KEY (`users_id`) REFERENCES `users` (`id`) ON DELETE SET NULL ON UPDATE NO ACTION,
  ADD CONSTRAINT `products_vet_texes_id_foreign` FOREIGN KEY (`vet_texes_id`) REFERENCES `vet_texes` (`id`) ON DELETE SET NULL ON UPDATE NO ACTION;

--
-- Constraints for table `product_categories`
--
ALTER TABLE `product_categories`
  ADD CONSTRAINT `product_categories_business_id_foreign` FOREIGN KEY (`business_id`) REFERENCES `businesses` (`id`) ON DELETE CASCADE ON UPDATE NO ACTION,
  ADD CONSTRAINT `product_categories_users_id_foreign` FOREIGN KEY (`users_id`) REFERENCES `users` (`id`) ON DELETE SET NULL ON UPDATE NO ACTION;

--
-- Constraints for table `product_returns`
--
ALTER TABLE `product_returns`
  ADD CONSTRAINT `product_returns_business_id_foreign` FOREIGN KEY (`business_id`) REFERENCES `businesses` (`id`) ON DELETE CASCADE ON UPDATE NO ACTION,
  ADD CONSTRAINT `product_returns_customers_id_foreign` FOREIGN KEY (`customers_id`) REFERENCES `customers` (`id`) ON DELETE SET NULL ON UPDATE NO ACTION,
  ADD CONSTRAINT `product_returns_purchase_invoices_id_foreign` FOREIGN KEY (`purchase_invoices_id`) REFERENCES `purchase_invoices` (`id`) ON DELETE SET NULL ON UPDATE NO ACTION,
  ADD CONSTRAINT `product_returns_sell_invoices_id_foreign` FOREIGN KEY (`sell_invoices_id`) REFERENCES `sell_invoices` (`id`) ON DELETE SET NULL ON UPDATE NO ACTION,
  ADD CONSTRAINT `product_returns_suppliers_id_foreign` FOREIGN KEY (`suppliers_id`) REFERENCES `suppliers` (`id`) ON DELETE SET NULL ON UPDATE NO ACTION,
  ADD CONSTRAINT `product_returns_users_id_foreign` FOREIGN KEY (`users_id`) REFERENCES `users` (`id`) ON DELETE SET NULL ON UPDATE NO ACTION,
  ADD CONSTRAINT `product_returns_vet_texes_id_foreign` FOREIGN KEY (`vet_texes_id`) REFERENCES `vet_texes` (`id`) ON DELETE SET NULL ON UPDATE NO ACTION,
  ADD CONSTRAINT `product_returns_warehouses_id_foreign` FOREIGN KEY (`warehouses_id`) REFERENCES `warehouses` (`id`) ON DELETE SET NULL ON UPDATE NO ACTION;

--
-- Constraints for table `product_return_items`
--
ALTER TABLE `product_return_items`
  ADD CONSTRAINT `product_return_items_business_id_foreign` FOREIGN KEY (`business_id`) REFERENCES `businesses` (`id`) ON DELETE CASCADE ON UPDATE NO ACTION,
  ADD CONSTRAINT `product_return_items_product_returns_id_foreign` FOREIGN KEY (`product_returns_id`) REFERENCES `product_returns` (`id`) ON DELETE CASCADE ON UPDATE NO ACTION,
  ADD CONSTRAINT `product_return_items_products_id_foreign` FOREIGN KEY (`products_id`) REFERENCES `products` (`id`) ON DELETE SET NULL ON UPDATE NO ACTION,
  ADD CONSTRAINT `product_return_items_users_id_foreign` FOREIGN KEY (`users_id`) REFERENCES `users` (`id`) ON DELETE SET NULL ON UPDATE NO ACTION,
  ADD CONSTRAINT `product_return_items_warehouses_id_foreign` FOREIGN KEY (`warehouses_id`) REFERENCES `warehouses` (`id`) ON DELETE SET NULL ON UPDATE NO ACTION;

--
-- Constraints for table `purchase_invoices`
--
ALTER TABLE `purchase_invoices`
  ADD CONSTRAINT `purchase_invoices_business_id_foreign` FOREIGN KEY (`business_id`) REFERENCES `businesses` (`id`) ON DELETE CASCADE ON UPDATE NO ACTION,
  ADD CONSTRAINT `purchase_invoices_discounts_id_foreign` FOREIGN KEY (`discounts_id`) REFERENCES `discounts` (`id`) ON DELETE SET NULL ON UPDATE NO ACTION,
  ADD CONSTRAINT `purchase_invoices_shipments_id_foreign` FOREIGN KEY (`shipments_id`) REFERENCES `shipments` (`id`) ON DELETE SET NULL ON UPDATE NO ACTION,
  ADD CONSTRAINT `purchase_invoices_suppliers_id_foreign` FOREIGN KEY (`suppliers_id`) REFERENCES `suppliers` (`id`) ON DELETE SET NULL ON UPDATE NO ACTION,
  ADD CONSTRAINT `purchase_invoices_users_id_foreign` FOREIGN KEY (`users_id`) REFERENCES `users` (`id`) ON DELETE SET NULL ON UPDATE NO ACTION,
  ADD CONSTRAINT `purchase_invoices_vet_texes_id_foreign` FOREIGN KEY (`vet_texes_id`) REFERENCES `vet_texes` (`id`) ON DELETE SET NULL ON UPDATE NO ACTION,
  ADD CONSTRAINT `purchase_invoices_warehouses_id_foreign` FOREIGN KEY (`warehouses_id`) REFERENCES `warehouses` (`id`) ON DELETE SET NULL ON UPDATE NO ACTION;

--
-- Constraints for table `purchase_items`
--
ALTER TABLE `purchase_items`
  ADD CONSTRAINT `purchase_items_business_id_foreign` FOREIGN KEY (`business_id`) REFERENCES `businesses` (`id`) ON DELETE CASCADE ON UPDATE NO ACTION,
  ADD CONSTRAINT `purchase_items_products_id_foreign` FOREIGN KEY (`products_id`) REFERENCES `products` (`id`) ON DELETE SET NULL ON UPDATE NO ACTION,
  ADD CONSTRAINT `purchase_items_purchase_invoices_id_foreign` FOREIGN KEY (`purchase_invoices_id`) REFERENCES `purchase_invoices` (`id`) ON DELETE CASCADE ON UPDATE NO ACTION,
  ADD CONSTRAINT `purchase_items_users_id_foreign` FOREIGN KEY (`users_id`) REFERENCES `users` (`id`) ON DELETE SET NULL ON UPDATE NO ACTION,
  ADD CONSTRAINT `purchase_items_warehouses_id_foreign` FOREIGN KEY (`warehouses_id`) REFERENCES `warehouses` (`id`) ON DELETE SET NULL ON UPDATE NO ACTION;

--
-- Constraints for table `role_has_permissions`
--
ALTER TABLE `role_has_permissions`
  ADD CONSTRAINT `role_has_permissions_permission_id_foreign` FOREIGN KEY (`permission_id`) REFERENCES `permissions` (`id`) ON DELETE CASCADE,
  ADD CONSTRAINT `role_has_permissions_role_id_foreign` FOREIGN KEY (`role_id`) REFERENCES `roles` (`id`) ON DELETE CASCADE;

--
-- Constraints for table `sell_invoices`
--
ALTER TABLE `sell_invoices`
  ADD CONSTRAINT `sell_invoices_agents_id_foreign` FOREIGN KEY (`agents_id`) REFERENCES `agents` (`id`) ON DELETE SET NULL ON UPDATE NO ACTION,
  ADD CONSTRAINT `sell_invoices_business_id_foreign` FOREIGN KEY (`business_id`) REFERENCES `businesses` (`id`) ON DELETE CASCADE ON UPDATE NO ACTION,
  ADD CONSTRAINT `sell_invoices_customers_id_foreign` FOREIGN KEY (`customers_id`) REFERENCES `customers` (`id`) ON DELETE SET NULL ON UPDATE NO ACTION,
  ADD CONSTRAINT `sell_invoices_discounts_id_foreign` FOREIGN KEY (`discounts_id`) REFERENCES `discounts` (`id`) ON DELETE SET NULL ON UPDATE NO ACTION,
  ADD CONSTRAINT `sell_invoices_shipments_id_foreign` FOREIGN KEY (`shipments_id`) REFERENCES `shipments` (`id`) ON DELETE SET NULL ON UPDATE NO ACTION,
  ADD CONSTRAINT `sell_invoices_users_id_foreign` FOREIGN KEY (`users_id`) REFERENCES `users` (`id`) ON DELETE SET NULL ON UPDATE NO ACTION,
  ADD CONSTRAINT `sell_invoices_vet_texes_id_foreign` FOREIGN KEY (`vet_texes_id`) REFERENCES `vet_texes` (`id`) ON DELETE SET NULL ON UPDATE NO ACTION,
  ADD CONSTRAINT `sell_invoices_warehouses_id_foreign` FOREIGN KEY (`warehouses_id`) REFERENCES `warehouses` (`id`) ON DELETE SET NULL ON UPDATE NO ACTION;

--
-- Constraints for table `shipments`
--
ALTER TABLE `shipments`
  ADD CONSTRAINT `shipments_business_id_foreign` FOREIGN KEY (`business_id`) REFERENCES `businesses` (`id`) ON DELETE CASCADE ON UPDATE NO ACTION,
  ADD CONSTRAINT `shipments_users_id_foreign` FOREIGN KEY (`users_id`) REFERENCES `users` (`id`) ON DELETE SET NULL ON UPDATE NO ACTION;

--
-- Constraints for table `stock_adjustments`
--
ALTER TABLE `stock_adjustments`
  ADD CONSTRAINT `stock_adjustments_business_id_foreign` FOREIGN KEY (`business_id`) REFERENCES `businesses` (`id`) ON DELETE CASCADE ON UPDATE NO ACTION,
  ADD CONSTRAINT `stock_adjustments_users_id_foreign` FOREIGN KEY (`users_id`) REFERENCES `users` (`id`) ON DELETE SET NULL ON UPDATE NO ACTION,
  ADD CONSTRAINT `stock_adjustments_warehouses_id_foreign` FOREIGN KEY (`warehouses_id`) REFERENCES `warehouses` (`id`) ON DELETE SET NULL ON UPDATE NO ACTION;

--
-- Constraints for table `stock_adjustment_items`
--
ALTER TABLE `stock_adjustment_items`
  ADD CONSTRAINT `stock_adjustment_items_business_id_foreign` FOREIGN KEY (`business_id`) REFERENCES `businesses` (`id`) ON DELETE CASCADE ON UPDATE NO ACTION,
  ADD CONSTRAINT `stock_adjustment_items_products_id_foreign` FOREIGN KEY (`products_id`) REFERENCES `products` (`id`) ON DELETE SET NULL ON UPDATE NO ACTION,
  ADD CONSTRAINT `stock_adjustment_items_stock_adjustments_id_foreign` FOREIGN KEY (`stock_adjustments_id`) REFERENCES `stock_adjustments` (`id`) ON DELETE CASCADE ON UPDATE NO ACTION,
  ADD CONSTRAINT `stock_adjustment_items_users_id_foreign` FOREIGN KEY (`users_id`) REFERENCES `users` (`id`) ON DELETE SET NULL ON UPDATE NO ACTION,
  ADD CONSTRAINT `stock_adjustment_items_warehouses_id_foreign` FOREIGN KEY (`warehouses_id`) REFERENCES `warehouses` (`id`) ON DELETE SET NULL ON UPDATE NO ACTION;

--
-- Constraints for table `stock_transactions`
--
ALTER TABLE `stock_transactions`
  ADD CONSTRAINT `stock_transactions_business_id_foreign` FOREIGN KEY (`business_id`) REFERENCES `businesses` (`id`) ON DELETE CASCADE ON UPDATE NO ACTION,
  ADD CONSTRAINT `stock_transactions_ibfk_1` FOREIGN KEY (`warehouses_id`) REFERENCES `warehouses` (`id`) ON DELETE SET NULL ON UPDATE NO ACTION,
  ADD CONSTRAINT `stock_transactions_invoice_items_id_foreign` FOREIGN KEY (`invoice_items_id`) REFERENCES `invoice_items` (`id`) ON DELETE CASCADE ON UPDATE NO ACTION,
  ADD CONSTRAINT `stock_transactions_product_return_items_id_foreign` FOREIGN KEY (`product_return_items_id`) REFERENCES `product_return_items` (`id`) ON DELETE CASCADE ON UPDATE NO ACTION,
  ADD CONSTRAINT `stock_transactions_products_id_foreign` FOREIGN KEY (`products_id`) REFERENCES `products` (`id`) ON DELETE CASCADE ON UPDATE NO ACTION,
  ADD CONSTRAINT `stock_transactions_purchase_items_id_foreign` FOREIGN KEY (`purchase_items_id`) REFERENCES `purchase_items` (`id`) ON DELETE CASCADE ON UPDATE NO ACTION,
  ADD CONSTRAINT `stock_transactions_stock_adjustment_items_id_foreign` FOREIGN KEY (`stock_adjustment_items_id`) REFERENCES `stock_adjustment_items` (`id`) ON DELETE CASCADE ON UPDATE NO ACTION,
  ADD CONSTRAINT `stock_transactions_stock_transfer_items_id_foreign` FOREIGN KEY (`stock_transfer_items_id`) REFERENCES `stock_transfer_items` (`id`) ON DELETE CASCADE ON UPDATE NO ACTION,
  ADD CONSTRAINT `stock_transactions_users_id_foreign` FOREIGN KEY (`users_id`) REFERENCES `users` (`id`) ON DELETE SET NULL ON UPDATE NO ACTION;

--
-- Constraints for table `stock_transfers`
--
ALTER TABLE `stock_transfers`
  ADD CONSTRAINT `stock_transfers_business_id_foreign` FOREIGN KEY (`business_id`) REFERENCES `businesses` (`id`) ON DELETE CASCADE ON UPDATE NO ACTION,
  ADD CONSTRAINT `stock_transfers_from_warehouse_id_foreign` FOREIGN KEY (`from_warehouse_id`) REFERENCES `warehouses` (`id`) ON DELETE CASCADE ON UPDATE NO ACTION,
  ADD CONSTRAINT `stock_transfers_to_warehouse_id_foreign` FOREIGN KEY (`to_warehouse_id`) REFERENCES `warehouses` (`id`) ON DELETE CASCADE ON UPDATE NO ACTION,
  ADD CONSTRAINT `stock_transfers_users_id_foreign` FOREIGN KEY (`users_id`) REFERENCES `users` (`id`) ON DELETE SET NULL ON UPDATE NO ACTION;

--
-- Constraints for table `stock_transfer_items`
--
ALTER TABLE `stock_transfer_items`
  ADD CONSTRAINT `stock_transfer_items_business_id_foreign` FOREIGN KEY (`business_id`) REFERENCES `businesses` (`id`) ON DELETE CASCADE ON UPDATE NO ACTION,
  ADD CONSTRAINT `stock_transfer_items_products_id_foreign` FOREIGN KEY (`products_id`) REFERENCES `products` (`id`) ON DELETE SET NULL ON UPDATE NO ACTION,
  ADD CONSTRAINT `stock_transfer_items_stock_transfers_id_foreign` FOREIGN KEY (`stock_transfers_id`) REFERENCES `stock_transfers` (`id`) ON DELETE CASCADE ON UPDATE NO ACTION,
  ADD CONSTRAINT `stock_transfer_items_users_id_foreign` FOREIGN KEY (`users_id`) REFERENCES `users` (`id`) ON DELETE SET NULL ON UPDATE NO ACTION;

--
-- Constraints for table `suppliers`
--
ALTER TABLE `suppliers`
  ADD CONSTRAINT `suppliers_business_id_foreign` FOREIGN KEY (`business_id`) REFERENCES `businesses` (`id`) ON DELETE CASCADE ON UPDATE NO ACTION,
  ADD CONSTRAINT `suppliers_supplier_categories_id_foreign` FOREIGN KEY (`supplier_categories_id`) REFERENCES `supplier_categories` (`id`) ON DELETE CASCADE ON UPDATE NO ACTION,
  ADD CONSTRAINT `suppliers_users_id_foreign` FOREIGN KEY (`users_id`) REFERENCES `users` (`id`) ON DELETE SET NULL ON UPDATE NO ACTION,
  ADD CONSTRAINT `suppliers_vet_texes_id_foreign` FOREIGN KEY (`vet_texes_id`) REFERENCES `vet_texes` (`id`) ON DELETE SET NULL ON UPDATE NO ACTION,
  ADD CONSTRAINT `suppliers_warehouses_id_foreign` FOREIGN KEY (`warehouses_id`) REFERENCES `warehouses` (`id`) ON DELETE SET NULL ON UPDATE NO ACTION;

--
-- Constraints for table `supplier_categories`
--
ALTER TABLE `supplier_categories`
  ADD CONSTRAINT `supplier_categories_business_id_foreign` FOREIGN KEY (`business_id`) REFERENCES `businesses` (`id`) ON DELETE CASCADE ON UPDATE NO ACTION,
  ADD CONSTRAINT `supplier_categories_users_id_foreign` FOREIGN KEY (`users_id`) REFERENCES `users` (`id`) ON DELETE SET NULL ON UPDATE NO ACTION;

--
-- Constraints for table `transactions`
--
ALTER TABLE `transactions`
  ADD CONSTRAINT `transactions_account_books_id_foreign` FOREIGN KEY (`account_books_id`) REFERENCES `account_books` (`id`) ON DELETE SET NULL ON UPDATE NO ACTION,
  ADD CONSTRAINT `transactions_agents_id_foreign` FOREIGN KEY (`agents_id`) REFERENCES `agents` (`id`) ON DELETE CASCADE ON UPDATE NO ACTION,
  ADD CONSTRAINT `transactions_business_id_foreign` FOREIGN KEY (`business_id`) REFERENCES `businesses` (`id`) ON DELETE CASCADE ON UPDATE NO ACTION,
  ADD CONSTRAINT `transactions_customers_id_foreign` FOREIGN KEY (`customers_id`) REFERENCES `customers` (`id`) ON DELETE CASCADE ON UPDATE NO ACTION,
  ADD CONSTRAINT `transactions_expenses_id_foreign` FOREIGN KEY (`expenses_id`) REFERENCES `expenses` (`id`) ON DELETE CASCADE ON UPDATE NO ACTION,
  ADD CONSTRAINT `transactions_purchase_invoices_id_foreign` FOREIGN KEY (`purchase_invoices_id`) REFERENCES `purchase_invoices` (`id`) ON DELETE CASCADE ON UPDATE NO ACTION,
  ADD CONSTRAINT `transactions_sell_invoices_id_foreign` FOREIGN KEY (`sell_invoices_id`) REFERENCES `sell_invoices` (`id`) ON DELETE CASCADE ON UPDATE NO ACTION,
  ADD CONSTRAINT `transactions_stock_adjustments_id_foreign` FOREIGN KEY (`stock_adjustments_id`) REFERENCES `stock_adjustments` (`id`) ON DELETE CASCADE ON UPDATE NO ACTION,
  ADD CONSTRAINT `transactions_suppliers_id_foreign` FOREIGN KEY (`suppliers_id`) REFERENCES `suppliers` (`id`) ON DELETE CASCADE ON UPDATE NO ACTION,
  ADD CONSTRAINT `transactions_users_id_foreign` FOREIGN KEY (`users_id`) REFERENCES `users` (`id`) ON DELETE SET NULL ON UPDATE NO ACTION,
  ADD CONSTRAINT `transactions_warehouses_id_foreign` FOREIGN KEY (`warehouses_id`) REFERENCES `warehouses` (`id`) ON DELETE SET NULL ON UPDATE NO ACTION;

--
-- Constraints for table `unions`
--
ALTER TABLE `unions`
  ADD CONSTRAINT `unions_business_id_foreign` FOREIGN KEY (`business_id`) REFERENCES `businesses` (`id`) ON DELETE CASCADE ON UPDATE NO ACTION,
  ADD CONSTRAINT `unions_upa_zillas_id_foreign` FOREIGN KEY (`upa_zillas_id`) REFERENCES `upa_zillas` (`id`) ON DELETE CASCADE ON UPDATE NO ACTION,
  ADD CONSTRAINT `unions_users_id_foreign` FOREIGN KEY (`users_id`) REFERENCES `users` (`id`) ON DELETE SET NULL ON UPDATE NO ACTION;

--
-- Constraints for table `units`
--
ALTER TABLE `units`
  ADD CONSTRAINT `units_business_id_foreign` FOREIGN KEY (`business_id`) REFERENCES `businesses` (`id`) ON DELETE CASCADE ON UPDATE NO ACTION,
  ADD CONSTRAINT `units_users_id_foreign` FOREIGN KEY (`users_id`) REFERENCES `users` (`id`) ON DELETE SET NULL ON UPDATE NO ACTION;

--
-- Constraints for table `upa_zillas`
--
ALTER TABLE `upa_zillas`
  ADD CONSTRAINT `upa_zillas_business_id_foreign` FOREIGN KEY (`business_id`) REFERENCES `businesses` (`id`) ON DELETE CASCADE ON UPDATE NO ACTION,
  ADD CONSTRAINT `upa_zillas_users_id_foreign` FOREIGN KEY (`users_id`) REFERENCES `users` (`id`) ON DELETE SET NULL ON UPDATE NO ACTION,
  ADD CONSTRAINT `upa_zillas_zillas_id_foreign` FOREIGN KEY (`zillas_id`) REFERENCES `zillas` (`id`) ON DELETE CASCADE ON UPDATE NO ACTION;

--
-- Constraints for table `users`
--
ALTER TABLE `users`
  ADD CONSTRAINT `users_account_books_id_foreign` FOREIGN KEY (`account_books_id`) REFERENCES `account_books` (`id`) ON DELETE SET NULL ON UPDATE NO ACTION,
  ADD CONSTRAINT `users_business_id_foreign` FOREIGN KEY (`business_id`) REFERENCES `businesses` (`id`) ON DELETE CASCADE ON UPDATE NO ACTION,
  ADD CONSTRAINT `users_warehouses_id_foreign` FOREIGN KEY (`warehouses_id`) REFERENCES `warehouses` (`id`) ON DELETE SET NULL ON UPDATE NO ACTION;

--
-- Constraints for table `vet_texes`
--
ALTER TABLE `vet_texes`
  ADD CONSTRAINT `vet_texes_business_id_foreign` FOREIGN KEY (`business_id`) REFERENCES `businesses` (`id`) ON DELETE CASCADE ON UPDATE NO ACTION,
  ADD CONSTRAINT `vet_texes_users_id_foreign` FOREIGN KEY (`users_id`) REFERENCES `users` (`id`) ON DELETE SET NULL ON UPDATE NO ACTION;

--
-- Constraints for table `warehouses`
--
ALTER TABLE `warehouses`
  ADD CONSTRAINT `warehouses_business_id_foreign` FOREIGN KEY (`business_id`) REFERENCES `businesses` (`id`) ON DELETE CASCADE ON UPDATE NO ACTION,
  ADD CONSTRAINT `warehouses_users_id_foreign` FOREIGN KEY (`users_id`) REFERENCES `users` (`id`) ON DELETE SET NULL ON UPDATE NO ACTION;

--
-- Constraints for table `zillas`
--
ALTER TABLE `zillas`
  ADD CONSTRAINT `zillas_business_id_foreign` FOREIGN KEY (`business_id`) REFERENCES `businesses` (`id`) ON DELETE CASCADE ON UPDATE NO ACTION,
  ADD CONSTRAINT `zillas_divisions_id_foreign` FOREIGN KEY (`divisions_id`) REFERENCES `divisions` (`id`) ON DELETE CASCADE ON UPDATE NO ACTION,
  ADD CONSTRAINT `zillas_users_id_foreign` FOREIGN KEY (`users_id`) REFERENCES `users` (`id`) ON DELETE SET NULL ON UPDATE NO ACTION;

--
-- Constraints for table `zones`
--
ALTER TABLE `zones`
  ADD CONSTRAINT `zones_business_id_foreign` FOREIGN KEY (`business_id`) REFERENCES `businesses` (`id`) ON DELETE CASCADE ON UPDATE NO ACTION,
  ADD CONSTRAINT `zones_users_id_foreign` FOREIGN KEY (`users_id`) REFERENCES `users` (`id`) ON DELETE SET NULL ON UPDATE NO ACTION;
COMMIT;

/*!40101 SET CHARACTER_SET_CLIENT=@OLD_CHARACTER_SET_CLIENT */;
/*!40101 SET CHARACTER_SET_RESULTS=@OLD_CHARACTER_SET_RESULTS */;
/*!40101 SET COLLATION_CONNECTION=@OLD_COLLATION_CONNECTION */;
